# India Post pincode centres. Source: data.gov.in "All India Pincode Directory" (Open Government Data Licence India), via https://raw.githubusercontent.com/arobindo/pincode-india-csv/main/all-india-pincodes.csv, built 2026-10-09 by scripts/build_pincode_centres.py. Do not hand-edit.
pincode,latitude,longitude,basis
110001,28.6205,77.2128,offices
110002,28.6340,77.2403,offices
110003,28.5893,77.2295,offices
110004,28.6211,77.1961,offices
110005,28.6536,77.1918,offices
110006,28.6561,77.2255,offices
110007,28.6766,77.2061,offices
110008,28.6472,77.1695,offices
110009,28.7063,77.2021,offices
110010,28.5839,77.1300,offices
110011,28.6110,77.2138,offices
110012,28.6369,77.1660,offices
110013,28.5895,77.2465,offices
110014,28.5815,77.2560,offices
110015,28.6592,77.1356,offices
110016,28.5445,77.1986,offices
110017,28.5317,77.2146,offices
110018,28.6468,77.0994,offices
110019,28.5417,77.2559,offices
110020,28.5517,77.2687,offices
110021,28.5833,77.1688,offices
110022,28.5619,77.1729,offices
110023,28.5755,77.2052,offices
110024,28.5686,77.2362,offices
110025,28.5614,77.2788,offices
110026,28.6696,77.1377,offices
110027,28.6427,77.1178,offices
110028,28.6313,77.1369,offices
110029,28.5657,77.2033,offices
110030,28.5176,77.1794,offices
110031,28.6626,77.2742,offices
110032,28.6739,77.2974,offices
110033,28.7274,77.1742,offices
110034,28.6973,77.1367,offices
110035,28.6833,77.1579,offices
110036,28.7978,77.1300,offices
110037,28.5457,77.1155,offices
110038,28.5190,77.0958,offices
110039,28.7997,77.0381,offices
110040,28.8508,77.0881,offices
110041,28.6731,77.0407,offices
110042,28.7441,77.1450,offices
110043,28.6056,76.9814,offices
110044,28.5100,77.2891,offices
110045,28.5972,77.0906,offices
110046,28.6111,77.1059,offices
110047,28.4680,77.1358,offices
110048,28.5405,77.2381,offices
110049,28.5598,77.2156,offices
110051,28.6525,77.2934,offices
110052,28.6864,77.1766,offices
110053,28.6923,77.2706,offices
110054,28.6976,77.2229,offices
110055,28.6449,77.2025,offices
110056,28.6827,77.1111,offices
110057,28.5629,77.1576,offices
110058,28.6241,77.0912,offices
110059,28.6215,77.0490,offices
110060,28.6367,77.1831,offices
110061,28.5364,77.0508,offices
110062,28.5178,77.2386,offices
110063,28.6687,77.1088,offices
110064,28.6268,77.1167,offices
110065,28.5594,77.2536,offices
110066,28.5662,77.1825,offices
110067,28.5508,77.1762,offices
110068,28.5012,77.2003,offices
110069,28.6226,77.2127,offices
110070,28.5200,77.1527,offices
110071,28.5462,76.9902,offices
110072,28.6443,77.4585,offices
110073,28.5709,76.9077,offices
110074,28.5073,77.1846,offices
110075,28.5938,77.0456,offices
110076,28.5300,77.3000,offices
110077,28.5715,77.0723,offices
110078,28.6102,77.0377,offices
110080,28.5069,77.2412,offices
110081,28.7349,77.0056,offices
110082,28.7722,77.1190,offices
110083,28.6938,77.0889,offices
110084,28.7572,77.1978,offices
110085,28.7119,77.1247,offices
110086,28.7016,77.0797,offices
110087,28.6797,77.0882,offices
110088,28.6934,77.1714,offices
110089,28.7348,77.1325,offices
110090,28.6923,77.3042,offices
110091,28.6139,77.3003,offices
110092,28.6522,77.3042,offices
110093,28.6987,77.3046,offices
110094,28.6923,77.3042,offices
110095,28.6800,77.3165,offices
110096,28.6132,77.3232,offices
110097,28.5289,77.0866,offices
110099,28.7206,77.0809,offices
110102,28.6314,77.2057,offices
110106,28.6623,77.2356,offices
110110,28.7157,77.1100,offices
110119,28.5428,77.2575,offices
110124,28.5679,77.2414,offices
110151,28.6457,77.2998,offices
110195,28.6740,77.3197,offices
121001,28.3918,77.2922,offices
121002,28.4053,77.3256,offices
121003,28.4514,77.3079,offices
121004,28.3382,77.3229,offices
121005,28.3807,77.2944,offices
121006,28.3692,77.3238,offices
121007,28.3833,77.3259,offices
121008,28.3918,77.3021,offices
121009,28.4881,77.2946,offices
121010,28.5106,77.6400,offices
121012,28.3918,77.3021,offices
121013,28.3918,77.3021,offices
121014,28.4726,77.4848,offices
121015,28.3453,77.2965,offices
121101,28.3751,77.4178,offices
121102,28.1936,77.2928,offices
121103,28.0511,77.1888,offices
121105,28.0359,77.3382,offices
121106,27.9208,77.3320,offices
121107,27.9690,77.4523,offices
121999,28.3918,77.3021,offices
122001,28.4603,77.0216,offices
122002,28.4661,77.1058,offices
122003,28.4465,77.0736,offices
122004,28.4139,76.9932,offices
122005,28.5056,77.0711,offices
122006,28.4856,77.0091,offices
122007,28.4620,77.0316,offices
122008,28.4620,77.0316,offices
122009,28.3409,76.7562,offices
122010,28.4661,77.1058,offices
122011,28.4620,77.0316,offices
122012,28.4139,76.9932,offices
122015,28.4974,77.0631,offices
122016,28.4966,77.0853,offices
122017,28.4620,77.0316,offices
122018,28.4620,77.0316,offices
122051,28.3431,76.9402,offices
122052,28.3420,76.9365,offices
122098,28.3914,77.0512,offices
122101,28.3914,77.0512,offices
122102,28.3522,77.0647,offices
122103,28.2485,77.0658,offices
122104,27.7782,76.9452,offices
122105,28.3309,76.7836,offices
122107,28.1021,76.0045,offices
122108,27.9204,76.9845,offices
122413,29.3876,77.4464,offices
122414,28.2717,76.7409,offices
122502,28.2930,76.6973,offices
122503,28.3257,76.7778,offices
122504,28.4670,77.0812,offices
122505,28.4216,76.9143,offices
122506,28.4468,76.8257,offices
122508,27.8635,77.2031,offices
122998,28.4661,77.1056,offices
122999,28.4967,77.0855,offices
123001,28.0441,76.1181,offices
123021,28.1009,76.2532,offices
123023,27.8925,76.1105,offices
123024,28.3788,75.9647,offices
123027,28.3364,76.3065,offices
123028,28.1918,76.1306,offices
123029,28.2581,76.1392,offices
123031,28.2710,76.1494,offices
123034,28.2586,76.2277,offices
123035,28.3562,76.6218,offices
123101,28.2090,76.8841,offices
123102,28.1502,76.3993,offices
123103,28.1728,76.4020,offices
123106,28.2307,76.8003,offices
123110,28.2336,77.8033,offices
123301,28.3572,76.5355,offices
123302,28.4002,76.4839,offices
123303,28.4121,76.3980,offices
123304,28.3733,76.3970,offices
123401,28.1264,76.3669,offices
123411,28.2939,76.3840,offices
123412,28.2017,76.5956,offices
123501,28.0734,76.5810,offices
124001,28.8955,76.5887,offices
124010,28.7337,76.7463,offices
124021,28.4530,76.3785,offices
124022,28.6716,76.7481,offices
124102,28.7600,76.9318,offices
124103,28.6411,76.6393,offices
124104,28.7085,76.7178,offices
124105,28.5972,76.8240,offices
124106,28.7359,76.5105,offices
124107,28.6716,76.8240,offices
124108,28.7359,76.5105,offices
124109,28.5068,76.5701,offices
124111,28.7359,76.5105,offices
124112,28.5763,76.5105,offices
124113,28.6056,76.6200,offices
124141,28.8956,76.5925,offices
124142,28.4922,76.3454,offices
124146,28.6716,76.7481,offices
124201,28.7254,76.5627,offices
124202,28.6841,76.4870,offices
124303,28.6812,76.5105,offices
124401,28.7254,76.5810,offices
124404,28.6350,76.8240,offices
124406,28.7359,76.6200,offices
124411,28.4530,76.3785,offices
124412,28.6234,76.6200,offices
124501,28.6635,76.7887,offices
124504,28.6716,76.7534,offices
124505,28.7812,76.8658,offices
124506,28.7085,76.9027,offices
124507,28.6812,76.9027,offices
124508,28.6719,76.8726,offices
124513,29.0100,76.3782,offices
124514,28.7359,76.5105,offices
124515,28.5503,77.5543,offices
125001,29.1594,75.7232,offices
125004,29.5082,75.4535,offices
125005,29.1360,75.7412,offices
125006,29.1123,75.8184,offices
125007,29.1494,75.5658,offices
125011,29.2046,75.6888,offices
125033,29.0977,75.9688,offices
125037,28.9449,75.8261,offices
125038,29.1899,76.2246,offices
125039,29.2246,76.1388,offices
125042,29.1087,75.2000,offices
125044,29.1288,75.7845,offices
125047,29.4166,75.6267,offices
125048,29.4166,75.5487,offices
125049,29.1594,75.5713,offices
125050,29.5082,75.4535,offices
125051,29.6853,75.5763,offices
125052,28.2818,75.4726,offices
125053,29.3788,75.0319,offices
125054,29.5461,75.2148,offices
125055,29.5348,75.0321,offices
125056,29.5348,75.0321,offices
125058,29.4503,75.1193,offices
125060,29.5457,75.1141,offices
125061,29.6562,75.4220,offices
125075,29.5275,74.7395,offices
125076,29.5236,74.8406,offices
125077,29.7654,74.8993,offices
125078,29.6994,75.0066,offices
125101,29.7802,74.5243,offices
125102,29.4491,74.6629,offices
125103,29.7832,74.7477,offices
125104,29.9591,74.6981,offices
125106,29.6746,75.7301,offices
125110,29.3710,75.1261,offices
125111,29.2101,75.7090,offices
125112,29.5743,75.7863,offices
125113,29.5066,76.3382,offices
125120,29.7209,75.9025,offices
125121,29.3563,74.0799,offices
125133,29.8090,75.8233,offices
125201,29.8268,74.9754,offices
126101,29.1230,76.4013,offices
126102,29.3613,76.1912,offices
126110,29.3760,76.4505,offices
126111,29.4753,76.4476,offices
126112,29.4061,76.6615,offices
126113,29.3533,76.4975,offices
126114,29.5903,76.1099,offices
126115,29.4703,76.1813,offices
126116,29.5931,76.1125,offices
126125,29.4390,76.3724,offices
126152,29.5903,76.1099,offices
127021,28.7752,75.9928,offices
127022,28.4614,76.2609,offices
127025,28.7784,76.3418,offices
127026,28.5997,76.1517,offices
127027,28.8837,76.2392,offices
127028,28.6296,75.6179,offices
127029,28.6995,75.8708,offices
127030,28.6358,75.9434,offices
127031,28.8620,76.1407,offices
127032,28.9449,76.0334,offices
127035,28.9639,75.9565,offices
127040,28.8725,75.9144,offices
127041,28.9734,76.1958,offices
127042,28.7129,76.2911,offices
127043,28.7218,75.7664,offices
127045,28.9648,75.6063,offices
127046,28.9084,75.6121,offices
127111,28.8199,76.0653,offices
127114,28.8280,76.3087,offices
127201,28.4267,75.8040,offices
127306,28.5921,76.2653,offices
127307,28.6745,76.3707,offices
127308,28.5094,75.9376,offices
127309,28.7084,76.2200,offices
127310,28.5216,76.1508,offices
127311,28.7158,76.1414,offices
127312,28.5074,76.0695,offices
131001,29.0100,76.9600,offices
131021,28.9600,77.0800,offices
131022,21.1500,81.7100,offices
131023,29.0500,76.9100,offices
131024,29.0600,76.9000,offices
131027,29.0300,77.0700,offices
131028,29.0500,76.9100,offices
131029,28.9800,77.1000,offices
131030,28.4391,77.3009,offices
131039,29.0200,77.0600,offices
131101,29.1300,77.0100,offices
131102,29.0400,77.0223,offices
131103,28.8800,77.1000,offices
131301,29.1300,76.6900,offices
131302,29.1800,76.6200,offices
131304,29.1400,77.0400,offices
131305,29.2000,76.6100,offices
131306,29.2000,76.7700,offices
131402,28.8700,76.9100,offices
131403,28.9927,76.9400,offices
131408,28.9800,76.8100,offices
131409,29.4400,77.0000,offices
132001,29.6933,76.9849,offices
132022,29.7176,77.0783,offices
132023,29.6874,76.9907,offices
132024,29.3960,76.9606,offices
132035,29.5751,76.7793,offices
132036,29.5176,76.8699,offices
132037,29.3960,76.9606,offices
132039,29.5212,76.6070,offices
132040,29.5054,76.7852,offices
132041,29.5903,76.1099,offices
132046,29.5286,75.9966,offices
132054,29.9112,77.1550,offices
132101,29.2447,77.0093,offices
132102,29.2117,77.2352,offices
132103,29.3876,76.9639,offices
132104,29.4807,76.5425,offices
132105,29.3927,76.9650,offices
132106,29.3621,76.9723,offices
132107,29.5903,76.1099,offices
132108,29.3473,76.9805,offices
132113,29.4928,76.4572,offices
132114,29.5903,76.1099,offices
132115,29.4082,76.6127,offices
132116,29.5286,75.9966,offices
132117,29.3960,76.9606,offices
132122,29.5903,76.1099,offices
132140,29.4808,76.8795,offices
132145,29.3102,76.9003,offices
132157,29.3960,76.9606,offices
133001,30.3411,76.8429,offices
133004,30.3051,76.8360,offices
133005,30.3676,76.8275,offices
133006,30.3217,76.8758,offices
133008,30.2505,76.7767,offices
133010,30.2427,77.0586,offices
133101,30.3390,76.8462,offices
133102,30.2514,76.9002,offices
133103,30.2000,77.1500,offices
133104,30.3574,76.9609,offices
133201,30.2217,77.0420,offices
133202,30.2455,77.1269,offices
133203,30.2999,77.0413,offices
133204,30.3780,76.7760,offices
133205,30.1711,77.0231,offices
133206,30.3160,77.2350,offices
133207,30.2675,77.0223,offices
133301,30.7743,76.8948,offices
133302,30.3782,76.7767,offices
134003,30.3835,76.7717,offices
134005,30.3843,76.7717,offices
134007,30.3874,76.7932,offices
134008,30.3782,76.7767,offices
134101,30.7827,76.9103,offices
134102,30.7459,76.8875,offices
134103,30.6343,76.9153,offices
134104,30.7826,76.9247,offices
134105,30.3843,76.7717,offices
134107,30.7238,76.8759,offices
134108,30.7064,76.8728,offices
134109,30.6891,76.8582,offices
134112,30.6572,76.8963,offices
134113,30.6809,76.8381,offices
134114,30.7212,76.8526,offices
134116,30.5657,76.9378,offices
134117,30.6692,76.8579,offices
134118,29.3669,75.9458,offices
134201,30.4436,76.9293,offices
134202,30.4235,76.9622,offices
134203,30.6942,76.8606,offices
134204,30.5782,76.9727,offices
134205,30.3782,76.7767,offices
134999,30.6852,76.8403,offices
135001,30.1350,77.2903,offices
135002,30.3782,76.7767,offices
135003,30.2143,77.2841,offices
135004,30.0835,77.2654,offices
135021,30.3782,76.7767,offices
135101,30.2088,77.2427,offices
135102,30.3780,76.7760,offices
135103,30.3009,77.3769,offices
135106,30.2794,77.4874,offices
135133,30.0452,77.1672,offices
136020,29.8754,76.6066,offices
136021,29.8464,76.6632,offices
136026,29.7620,76.5596,offices
136027,29.7999,76.4173,offices
136030,29.9362,76.5511,offices
136033,29.7999,76.4173,offices
136034,29.7999,76.4173,offices
136035,30.0380,76.2981,offices
136038,29.5703,76.8703,offices
136042,29.8025,76.5604,offices
136043,29.6705,76.5168,offices
136044,29.5759,76.4849,offices
136117,29.6749,76.2563,offices
136118,29.9724,76.8511,offices
136119,29.9555,76.8129,offices
136128,29.9814,76.5893,offices
136129,30.1157,76.6664,offices
136130,29.9732,76.8303,offices
136131,29.9732,76.8303,offices
136132,29.9870,77.0410,offices
136134,29.9695,76.8782,offices
136135,29.9732,76.8303,offices
136136,30.1665,76.7096,offices
136156,30.0843,76.9873,offices
140001,30.9622,76.5273,offices
140101,30.6921,76.6984,offices
140102,30.9666,76.3715,offices
140103,30.9666,76.3715,offices
140108,30.6921,76.6984,offices
140109,30.9234,76.5147,offices
140110,30.6921,76.6984,offices
140111,30.6921,76.6984,offices
140112,30.9666,76.3715,offices
140113,30.9666,76.3715,offices
140114,30.9666,76.3715,offices
140115,30.7863,76.5779,offices
140116,30.9666,76.3715,offices
140117,30.9666,76.3715,offices
140118,30.9642,76.5976,offices
140119,30.6921,76.6984,offices
140123,30.9666,76.3715,offices
140124,30.6921,76.6984,offices
140125,30.6921,76.6984,offices
140126,30.9666,76.3715,offices
140127,30.9666,76.3715,offices
140128,30.9666,76.3715,offices
140133,30.9666,76.3715,offices
140201,30.6921,76.6984,offices
140301,30.9666,76.3715,offices
140306,30.6921,76.6984,offices
140307,30.9666,76.3715,offices
140308,30.6921,76.6984,offices
140401,30.4860,76.5926,offices
140402,30.4900,76.5874,offices
140405,30.5760,76.3393,offices
140406,30.6249,76.3900,offices
140407,30.6481,76.3926,offices
140408,30.6300,76.5000,offices
140412,30.7000,76.4400,offices
140413,30.9666,76.3715,offices
140417,30.4383,76.6830,offices
140501,30.6921,76.6984,offices
140506,30.6921,76.6984,offices
140507,30.6921,76.6984,offices
140601,30.5500,76.7167,offices
140602,30.5876,76.6150,offices
140603,30.6921,76.6984,offices
140604,30.6703,76.8321,offices
140701,30.4322,76.5300,offices
140702,30.3329,76.6104,offices
140802,30.7816,76.3956,offices
140901,30.6921,76.6984,offices
141001,30.9100,75.8329,offices
141002,30.8682,75.7567,offices
141003,30.8900,75.8600,offices
141004,30.9024,75.8147,offices
141006,30.8589,75.8616,offices
141007,30.9600,75.9150,offices
141008,30.9190,75.8590,offices
141010,30.8976,75.9042,offices
141011,30.9026,75.8377,offices
141012,30.8791,75.7854,offices
141013,30.8660,75.8236,offices
141014,30.8689,75.9011,offices
141015,30.9276,75.9248,offices
141016,30.8480,75.8905,offices
141101,30.8420,75.6529,offices
141102,30.8698,75.7124,offices
141103,30.8005,75.7046,offices
141104,31.3284,75.3470,offices
141105,30.7491,75.6791,offices
141106,30.7643,75.6514,offices
141107,30.7172,75.6535,offices
141108,30.6803,75.6937,offices
141109,30.6425,75.6048,offices
141110,30.9135,75.6366,offices
141112,30.8984,76.0078,offices
141113,30.8556,76.0750,offices
141114,30.8259,76.2146,offices
141115,30.9553,76.1951,offices
141116,30.8401,75.8378,offices
141117,30.6767,75.9013,offices
141118,30.7253,75.8414,offices
141119,30.6371,75.9435,offices
141120,30.8378,75.9826,offices
141121,30.9191,76.3080,offices
141122,30.9188,75.7788,offices
141123,30.8696,75.8218,offices
141125,31.3510,75.9003,offices
141126,30.8911,76.0687,offices
141127,30.9437,76.0704,offices
141201,30.7624,75.8213,offices
141202,30.7560,75.7459,offices
141203,30.7669,75.7935,offices
141204,30.7160,75.8152,offices
141205,30.6750,75.7604,offices
141206,30.7807,75.9158,offices
141401,30.6778,76.2520,offices
141411,30.7244,76.3100,offices
141412,30.7357,76.1471,offices
141413,30.6918,75.0311,offices
141414,30.6654,76.1175,offices
141415,30.5987,76.0713,offices
141416,30.7301,76.0464,offices
141417,30.7528,76.2461,offices
141418,30.8340,76.0805,offices
141419,30.7265,75.9710,offices
141421,30.7794,76.0091,offices
141422,30.8086,75.6572,offices
141801,30.8200,76.3400,offices
142001,30.8147,75.1712,offices
142002,30.8625,75.1945,offices
142003,30.8509,75.1945,offices
142011,30.7750,75.2292,offices
142021,30.8375,75.7469,offices
142022,29.8708,75.8980,offices
142023,30.7979,75.5651,offices
142024,30.8367,75.5131,offices
142025,30.8793,75.5932,offices
142026,30.8012,75.4752,offices
142027,30.9103,75.7497,offices
142029,30.7986,75.7577,offices
142030,30.7308,75.5263,offices
142031,30.6211,75.4392,offices
142032,30.6287,75.5073,offices
142033,30.9071,75.4704,offices
142034,30.7005,75.4573,offices
142035,30.7357,75.4069,offices
142036,30.8406,75.4294,offices
142037,30.6871,75.2988,offices
142038,30.7051,75.0370,offices
142039,30.8165,75.1717,offices
142040,31.0140,74.9339,offices
142041,30.9255,75.3289,offices
142042,30.9402,75.2300,offices
142043,30.9233,75.1494,offices
142044,31.0995,74.9342,offices
142045,30.5950,75.1921,offices
142046,30.5705,75.2260,offices
142047,30.9465,74.9391,offices
142048,30.8475,74.7184,offices
142049,30.7860,75.2050,offices
142050,30.8554,74.9410,offices
142052,30.7456,75.3066,offices
142053,30.7973,75.3205,offices
142054,30.8535,75.3230,offices
142055,30.5760,75.2785,offices
142056,30.6740,75.1890,offices
142057,30.5772,75.0896,offices
142058,30.8620,75.3155,offices
142060,30.9181,74.6133,offices
143001,31.6393,74.8785,offices
143002,31.6280,74.8400,offices
143004,31.6386,74.8826,offices
143005,31.6300,74.8300,offices
143006,31.6200,74.8790,offices
143008,31.6850,74.8900,offices
143009,31.5600,74.8300,offices
143022,31.5800,74.9000,offices
143101,31.7200,74.8300,offices
143102,31.8400,74.7600,offices
143103,31.8800,74.8800,offices
143105,31.6200,74.8000,offices
143107,31.6100,74.7000,offices
143108,31.6100,74.6100,offices
143109,31.7200,74.6500,offices
143111,31.5544,75.1700,offices
143112,31.5050,75.1900,offices
143113,31.6400,75.0100,offices
143114,31.6800,75.2300,offices
143115,31.5300,75.0600,offices
143116,31.6400,75.1300,offices
143117,31.4482,75.0068,offices
143118,31.4150,75.1600,offices
143119,31.7100,75.1400,offices
143149,31.5600,75.0800,offices
143201,31.5166,75.2745,offices
143202,31.5750,75.2350,offices
143203,31.6200,75.3200,offices
143204,31.5600,75.3200,offices
143205,31.5800,75.3000,offices
143301,31.4800,74.7900,offices
143302,31.4150,74.7550,offices
143303,31.3495,74.6950,offices
143304,31.2900,74.7600,offices
143305,31.3500,74.6000,offices
143401,31.4578,74.9186,offices
143402,31.4600,74.9186,offices
143406,31.4600,75.0300,offices
143407,31.3700,75.0900,offices
143408,31.2600,75.0000,offices
143409,32.1384,75.3200,offices
143410,31.2795,74.9520,offices
143411,31.3772,74.9945,offices
143412,31.2100,74.9250,offices
143413,31.4850,74.9100,offices
143414,31.5000,74.6900,offices
143415,31.3334,74.8667,offices
143416,31.2300,74.7900,offices
143419,31.1555,74.5500,offices
143422,31.3400,75.1250,offices
143501,31.6700,74.9500,offices
143502,31.7252,75.0200,offices
143504,31.7200,75.0900,offices
143505,31.8137,75.1978,offices
143506,31.7536,75.2309,offices
143507,31.8300,75.1200,offices
143511,31.9150,75.1699,offices
143512,31.9850,75.1650,offices
143513,31.9022,75.0300,offices
143514,31.6829,75.3398,offices
143515,31.6850,75.4380,offices
143516,31.8000,75.3800,offices
143517,31.8600,75.5000,offices
143518,31.8755,75.2750,offices
143519,31.9530,75.3050,offices
143520,32.0200,75.3200,offices
143521,32.0433,75.3989,offices
143525,32.2000,75.3600,offices
143526,32.0862,75.3020,offices
143527,31.7769,75.4549,offices
143528,31.9114,75.4650,offices
143529,31.9504,75.3889,offices
143530,32.0100,75.4600,offices
143531,32.0900,75.4700,offices
143532,32.1350,75.4044,offices
143533,32.1150,75.5700,offices
143534,32.2000,75.4700,offices
143601,31.7700,74.9550,offices
143602,31.8600,74.9600,offices
143603,31.9400,74.8500,offices
143604,32.0150,75.0300,offices
143605,31.9300,75.0700,offices
143606,31.8300,74.9100,offices
144001,31.3284,75.5785,offices
144002,31.3293,75.5352,offices
144003,31.3083,75.5621,offices
144005,31.3003,75.6260,offices
144006,31.3128,75.6082,offices
144007,31.3259,75.6271,offices
144008,31.3388,75.5903,offices
144009,31.3337,75.6230,offices
144010,31.3037,75.6447,offices
144020,31.2415,75.6266,offices
144021,31.3543,75.5464,offices
144022,31.2979,75.5947,offices
144023,31.3144,75.6403,offices
144024,31.2610,75.6630,offices
144025,31.3835,75.6385,offices
144026,31.3524,75.6171,offices
144027,31.3983,75.5316,offices
144028,31.2941,75.5459,offices
144029,31.0855,75.9167,offices
144030,31.4108,75.8049,offices
144031,31.7235,75.4214,offices
144032,31.2069,75.6791,offices
144033,31.5275,75.8066,offices
144034,31.2168,75.7694,offices
144035,31.3726,75.7880,offices
144036,31.2178,75.7694,offices
144037,31.0921,75.6874,offices
144039,31.1258,75.4733,offices
144040,31.1449,75.4852,offices
144041,31.5275,75.8066,offices
144042,31.5275,75.8066,offices
144043,31.2178,75.7694,offices
144044,31.5275,75.8066,offices
144101,31.3404,75.6717,offices
144102,31.3875,75.2456,offices
144103,31.4236,75.7564,offices
144104,31.4047,75.7554,offices
144105,31.2500,75.6250,offices
144106,31.4736,75.7577,offices
144201,31.3263,75.5769,offices
144202,31.4600,75.3600,offices
144204,31.4200,75.7500,offices
144205,31.8153,75.6554,offices
144206,31.5600,75.4600,offices
144207,31.8300,75.6400,offices
144208,31.0200,75.6400,offices
144209,31.2450,74.8950,offices
144210,31.6700,75.7990,offices
144211,31.5143,75.9115,offices
144212,31.6300,75.8400,offices
144213,31.7862,75.8100,offices
144214,30.9950,75.1200,offices
144216,31.5495,75.5053,offices
144221,31.8200,75.7013,offices
144222,31.8150,75.5400,offices
144223,31.2850,74.8900,offices
144224,31.1600,76.1100,offices
144301,31.4346,75.6499,offices
144302,30.9987,75.1652,offices
144303,31.4328,75.6508,offices
144305,31.2500,75.1450,offices
144306,32.0050,75.6120,offices
144311,31.5988,75.3361,offices
144401,31.2486,75.8099,offices
144402,31.2396,75.7611,offices
144403,31.2951,75.7345,offices
144404,31.3258,75.8400,offices
144405,31.3094,75.8143,offices
144406,30.8918,75.6649,offices
144407,31.3410,75.7919,offices
144408,31.3489,75.8689,offices
144409,31.1073,75.7782,offices
144410,31.0290,75.8229,offices
144411,31.2396,75.7109,offices
144415,31.2497,75.5363,offices
144416,31.0828,75.8778,offices
144417,31.0684,76.0009,offices
144418,31.1149,75.8162,offices
144419,31.0531,75.8628,offices
144421,31.1005,76.0376,offices
144422,31.0527,75.9633,offices
144501,31.1942,75.8491,offices
144502,31.1617,75.8769,offices
144503,31.2222,75.8846,offices
144504,31.2000,75.8857,offices
144505,31.1917,75.9462,offices
144506,31.1869,75.9922,offices
144507,31.1186,75.9558,offices
144508,31.3003,75.6304,offices
144509,31.1544,75.9623,offices
144510,31.2144,76.0232,offices
144511,30.9755,76.0184,offices
144512,31.1634,76.0435,offices
144513,31.1343,76.0460,offices
144514,31.0667,76.1612,offices
144515,31.0675,76.2035,offices
144516,31.1040,76.1682,offices
144517,31.0526,76.1189,offices
144518,31.0484,76.0571,offices
144519,31.6050,75.4950,offices
144520,31.2639,75.9600,offices
144521,31.0400,75.8500,offices
144522,31.2500,75.8400,offices
144523,31.4200,75.8400,offices
144524,30.9400,75.5600,offices
144525,31.0500,75.8100,offices
144526,31.0500,75.8700,offices
144527,31.2500,74.9250,offices
144528,31.2500,75.4500,offices
144529,31.4550,75.6700,offices
144530,31.6500,75.8400,offices
144531,31.3590,76.0154,offices
144532,31.4500,75.6500,offices
144533,31.5160,75.9040,offices
144601,31.3749,75.3778,offices
144602,31.3483,75.4181,offices
144603,31.3834,75.3270,offices
144606,31.3749,75.3372,offices
144620,31.3749,75.3842,offices
144621,31.6128,75.5275,offices
144622,31.5197,75.5109,offices
144623,31.2696,75.4063,offices
144624,31.5423,75.4445,offices
144625,31.2686,75.3842,offices
144626,31.1952,75.1263,offices
144628,31.3749,75.3534,offices
144629,31.0444,75.7128,offices
144630,31.1110,75.7386,offices
144631,31.6131,75.4518,offices
144632,31.2014,75.7704,offices
144633,31.1846,75.6850,offices
144701,31.1258,75.3162,offices
144702,31.0658,75.2482,offices
144703,31.8362,75.6474,offices
144801,31.3749,75.3842,offices
144802,31.4330,75.3910,offices
144803,31.2716,75.6881,offices
144804,31.5171,75.3482,offices
144805,31.3821,75.3840,offices
144806,31.3322,75.5474,offices
144819,31.5740,75.4396,offices
145001,32.2900,75.7000,offices
145002,32.4099,75.7991,offices
145022,32.4300,75.8500,offices
145023,32.3250,75.6463,offices
145024,32.3522,75.6083,offices
145025,32.2600,75.5650,offices
145026,32.2574,75.4500,offices
145027,32.3030,75.3925,offices
145029,32.3950,75.7050,offices
145101,32.1300,75.6100,offices
146001,31.5338,75.9121,offices
146021,31.2600,75.4100,offices
146022,31.2550,75.3250,offices
146023,31.3350,75.4900,offices
146024,31.6300,75.4600,offices
146101,31.4720,75.9191,offices
146102,31.4511,75.8400,offices
146103,31.3650,75.4500,offices
146104,31.1200,75.8500,offices
146105,31.4500,75.4140,offices
146106,31.5750,75.5200,offices
146107,31.3271,76.0075,offices
146108,31.5050,75.3400,offices
146109,31.2300,75.6300,offices
146110,31.4200,75.9600,offices
146111,31.5800,75.4500,offices
146112,31.4400,75.8550,offices
146113,31.5800,75.7500,offices
146114,31.4500,75.4500,offices
146115,31.2500,75.8900,offices
146116,31.4400,75.4196,offices
147001,30.3267,76.3968,offices
147002,30.3500,76.4420,offices
147003,30.3492,76.4162,offices
147004,30.3589,76.3919,offices
147005,30.3391,76.3200,offices
147006,30.4300,76.3500,offices
147007,30.2450,76.3500,offices
147008,30.3345,76.3859,offices
147021,30.3653,76.4700,offices
147101,30.1700,76.2015,offices
147102,30.0245,76.1300,offices
147103,30.2872,76.4870,offices
147104,30.5130,76.3100,offices
147105,29.8900,76.0650,offices
147111,30.1700,76.5214,offices
147201,30.3800,76.1550,offices
147202,30.5100,76.2000,offices
147203,30.6000,76.1800,offices
147301,30.6620,76.2544,offices
148001,30.2464,75.8416,offices
148002,30.2131,75.8229,offices
148017,30.3458,75.9524,offices
148018,30.3981,76.0153,offices
148019,30.5894,75.8752,offices
148020,30.5530,75.7553,offices
148021,30.6580,75.8363,offices
148022,30.4967,76.0098,offices
148023,30.5429,75.8992,offices
148024,30.3962,75.8055,offices
148025,30.4498,75.6941,offices
148026,30.2433,76.0433,offices
148027,29.8305,76.0944,offices
148028,30.1010,75.8011,offices
148029,30.1315,75.6775,offices
148030,30.0018,75.8092,offices
148031,29.9343,75.8128,offices
148033,29.8420,75.9238,offices
148034,30.3147,75.8194,offices
148035,30.1021,75.9710,offices
148100,30.5247,75.4432,offices
148101,30.3746,75.5477,offices
148102,30.4274,75.3194,offices
148103,30.4215,75.0005,offices
148104,30.5284,75.5786,offices
148105,30.2811,75.5779,offices
148106,30.1962,75.6817,offices
148107,30.2953,75.4847,offices
148108,30.3115,75.3995,offices
148109,30.3520,75.9282,offices
151001,30.2047,74.9490,offices
151002,30.2383,74.9265,offices
151003,30.2561,74.9453,offices
151004,30.2101,74.9819,offices
151005,30.1842,74.8800,offices
151006,30.2051,74.9486,offices
151007,30.2677,74.7734,offices
151101,30.2121,75.0910,offices
151102,30.3312,75.0917,offices
151103,30.2661,75.2534,offices
151104,30.3218,75.2357,offices
151105,30.2906,75.2225,offices
151106,30.4261,75.2197,offices
151108,30.2336,75.1850,offices
151111,30.2491,75.1631,offices
151201,30.3168,74.8434,offices
151202,30.4505,74.8829,offices
151203,30.6835,74.7604,offices
151204,30.5420,74.8175,offices
151205,30.4368,74.9966,offices
151206,30.4628,75.0746,offices
151207,30.6441,74.8705,offices
151208,30.5285,74.9310,offices
151209,30.6185,74.7746,offices
151210,30.2958,74.3693,offices
151211,30.0610,74.6128,offices
151212,30.4044,74.9699,offices
151213,30.6667,74.7500,offices
151214,30.7621,74.7071,offices
151301,29.9951,74.9691,offices
151302,29.9204,75.1188,offices
151401,30.0409,74.8251,offices
151501,29.8614,75.6911,offices
151502,29.9427,75.5630,offices
151503,29.8261,75.5033,offices
151504,30.0790,75.5349,offices
151505,29.9057,75.3310,offices
151506,29.8027,75.2453,offices
151507,29.6393,75.2618,offices
151508,30.0620,75.3538,offices
151509,30.0548,75.2401,offices
151510,30.1451,75.4230,offices
151511,30.1049,75.0574,offices
152001,30.9275,74.6105,offices
152002,31.0052,74.5975,offices
152003,30.9916,74.6133,offices
152004,29.9712,74.5762,offices
152005,30.9181,74.6105,offices
152020,30.4019,74.0353,offices
152021,30.8266,74.5765,offices
152022,30.6863,74.3854,offices
152023,30.8432,74.3966,offices
152024,30.5673,74.2460,offices
152025,30.4775,74.7318,offices
152026,30.4845,74.5041,offices
152028,30.9546,75.0246,offices
152031,30.4098,74.6382,offices
152032,30.3678,74.4601,offices
152033,30.9800,74.6816,offices
152101,30.2136,74.6590,offices
152107,30.2328,74.4576,offices
152112,30.1892,74.5053,offices
152113,30.0665,74.6191,offices
152114,30.0665,74.4769,offices
152115,30.7444,74.6790,offices
152116,30.1000,74.1948,offices
152117,30.1576,74.3316,offices
152118,30.9266,74.6135,offices
152121,30.3215,74.0522,offices
152122,30.2451,74.1299,offices
152123,30.4037,74.0316,offices
152124,30.5470,74.5960,offices
152128,30.4037,74.2996,offices
152132,30.0449,73.9814,offices
160001,30.7486,76.7912,offices
160002,30.6921,76.7909,offices
160003,30.6843,76.7466,offices
160004,30.6473,76.7890,offices
160006,30.7420,76.7834,offices
160009,30.7443,76.7950,offices
160011,30.7567,76.7858,offices
160012,30.7543,76.7835,offices
160014,30.6921,76.6984,offices
160015,30.7496,76.7749,offices
160017,30.7423,76.7833,offices
160018,30.7355,76.7874,offices
160019,30.7251,76.8043,offices
160020,30.7421,76.7834,offices
160022,30.7248,76.7698,offices
160023,30.7396,76.7670,offices
160025,30.7530,75.7185,offices
160030,30.7259,76.7834,offices
160036,30.7195,76.7394,offices
160043,30.7203,76.7436,offices
160047,30.6963,76.7690,offices
160055,30.7326,76.6984,offices
160059,30.8506,75.1582,offices
160062,30.8250,75.1329,offices
160071,30.9666,73.5302,offices
160101,30.7028,76.7651,offices
160102,30.6922,76.7540,offices
160103,30.6921,76.6984,offices
160104,30.6921,76.6984,offices
171001,31.1029,77.1728,offices
171002,31.0891,77.1734,offices
171003,30.9130,77.4900,offices
171004,31.1831,77.2823,offices
171005,31.1703,77.1594,offices
171006,31.1133,77.2612,offices
171007,31.2103,77.4060,offices
171008,31.1010,77.1301,offices
171009,31.0774,77.1833,offices
171010,31.0689,77.1341,offices
171011,30.9185,77.2660,offices
171012,31.2101,77.4003,offices
171013,31.2613,77.5273,offices
171014,31.2130,77.4045,offices
171015,31.1669,77.1746,offices
171018,31.2100,77.1691,offices
171019,31.1226,77.1297,offices
171102,30.9045,77.0967,offices
171103,31.2102,77.4066,offices
171201,31.0650,77.4067,offices
171202,31.2010,77.4068,offices
171203,30.9190,77.1275,offices
171204,31.0886,77.1293,offices
171205,31.0256,77.1294,offices
171206,31.2102,77.1291,offices
171207,31.2853,77.5298,offices
171208,31.2122,77.4064,offices
171209,31.2107,77.1291,offices
171210,30.9173,77.6511,offices
171211,31.2150,77.4066,offices
171212,31.2103,77.4062,offices
171213,31.2526,77.4330,offices
171214,31.2112,77.1060,offices
171215,31.1089,77.6665,offices
171216,31.2102,77.4070,offices
171217,31.2108,77.4215,offices
171218,31.0238,77.1908,offices
171219,31.0413,77.1245,offices
171220,31.2190,77.4067,offices
171221,31.2107,77.4036,offices
171222,31.1385,77.3658,offices
171223,31.2087,77.7001,offices
171224,31.2853,77.6989,offices
171225,31.4049,77.6019,offices
171226,30.9160,77.4039,offices
171301,31.2458,77.1226,offices
172001,31.4608,77.7142,offices
172002,31.5819,77.6890,offices
172021,31.4003,77.6203,offices
172022,31.4149,77.6343,offices
172023,31.4385,77.6521,offices
172024,31.3183,77.4458,offices
172025,31.1675,77.5310,offices
172026,31.4284,77.6949,offices
172027,31.3183,77.3742,offices
172028,31.3402,77.5411,offices
172029,31.3179,77.4470,offices
172030,31.3195,77.4620,offices
172031,31.3183,77.4458,offices
172032,31.4519,77.5441,offices
172033,31.3474,77.6420,offices
172034,31.5260,77.7942,offices
172101,31.5131,77.7625,offices
172102,31.5048,77.8072,offices
172103,31.5550,77.9754,offices
172104,31.5374,78.0162,offices
172105,31.5131,78.2236,offices
172106,31.4266,78.2645,offices
172107,31.5365,78.2568,offices
172108,31.5461,78.2506,offices
172109,31.6008,78.4496,offices
172110,31.7020,78.4942,offices
172111,31.7784,78.5511,offices
172112,31.8575,78.5684,offices
172113,32.3573,77.8031,offices
172114,32.6192,77.3784,offices
172115,31.7065,78.1971,offices
172116,31.5815,78.3521,offices
172117,31.9995,77.8824,offices
172118,31.6449,78.0533,offices
172201,32.0460,78.1614,offices
173001,30.5752,77.2955,offices
173021,30.4843,77.5300,offices
173022,30.6957,77.4257,offices
173023,30.6957,77.4257,offices
173024,30.8500,77.2994,offices
173025,30.4453,77.6021,offices
173026,30.6167,77.1835,offices
173027,30.8500,77.2994,offices
173029,30.6748,77.7066,offices
173030,30.5304,77.2248,offices
173031,30.6761,77.3871,offices
173032,30.8500,77.2994,offices
173033,30.8162,77.1883,offices
173101,30.8500,77.2994,offices
173104,30.7244,77.4237,offices
173201,30.9017,76.9807,offices
173202,30.9019,76.9940,offices
173204,30.9015,76.9645,offices
173205,30.9045,77.0967,offices
173206,30.9045,77.0967,offices
173207,30.9045,77.0967,offices
173208,30.9045,77.0967,offices
173209,30.9045,77.0967,offices
173210,30.8780,77.0582,offices
173211,30.9063,77.0806,offices
173212,30.9045,77.0967,offices
173213,30.9227,77.0967,offices
173214,30.9167,77.1053,offices
173215,30.9045,77.0967,offices
173217,30.9695,77.1248,offices
173218,30.9045,77.0967,offices
173220,30.8759,77.0291,offices
173221,30.9045,77.0967,offices
173222,31.0547,77.0246,offices
173223,30.8500,77.2994,offices
173225,30.9045,77.0967,offices
173229,30.8903,77.0967,offices
173230,30.8591,77.1686,offices
173233,30.9045,77.0967,offices
173234,30.9702,77.0998,offices
173235,30.9045,77.0967,offices
173236,30.9731,76.9672,offices
173237,31.1347,76.6658,offices
174001,31.3389,76.7811,offices
174002,31.3411,76.4772,offices
174003,31.4490,76.7523,offices
174004,31.3913,76.7495,offices
174005,31.3128,76.7637,offices
174011,31.2304,76.7173,offices
174012,31.3916,76.8363,offices
174013,31.4164,76.8165,offices
174015,31.2255,76.6103,offices
174017,31.3024,76.6443,offices
174021,31.4491,76.7047,offices
174023,31.5053,76.6495,offices
174024,31.3766,76.7207,offices
174026,31.5061,76.7294,offices
174027,31.5385,76.6670,offices
174028,31.5731,76.6942,offices
174029,31.4187,76.6427,offices
174030,31.4410,76.5228,offices
174031,31.3663,76.6469,offices
174032,31.2565,76.8598,offices
174033,31.3102,76.8483,offices
174034,31.3475,76.6918,offices
174035,31.3439,76.5965,offices
174036,31.3843,76.8730,offices
174101,30.9113,77.0867,offices
174102,30.9045,77.0967,offices
174103,30.9045,76.9647,offices
174201,31.3788,76.4334,offices
174301,31.3530,76.3380,offices
174302,31.5651,76.2127,offices
174303,31.5092,76.2679,offices
174304,31.5553,76.4714,offices
174305,31.5234,76.4624,offices
174306,31.4437,76.3293,offices
174307,31.6393,76.3384,offices
174308,31.5693,76.3932,offices
174309,31.5201,76.4848,offices
174310,31.2760,76.6033,offices
174311,31.6010,76.5213,offices
174312,31.6186,76.4486,offices
174314,31.6074,76.2197,offices
174315,31.4036,76.3394,offices
174316,31.5879,76.1884,offices
174317,31.4779,76.1735,offices
174319,31.8090,75.9753,offices
174320,31.6512,76.2726,offices
174321,31.5492,76.3502,offices
174405,31.6082,76.4842,offices
174503,31.3793,76.1967,offices
174505,31.6254,76.5083,offices
174507,31.3492,76.2682,offices
175001,31.7018,76.9300,offices
175002,31.5361,76.8840,offices
175003,31.7083,76.9314,offices
175004,31.7083,76.9314,offices
175005,31.7083,76.9314,offices
175006,31.7083,76.9314,offices
175007,31.7086,76.9321,offices
175008,31.6000,76.8880,offices
175009,31.7083,76.9314,offices
175010,31.7083,76.9314,offices
175011,31.3600,77.2600,offices
175012,31.8763,76.9100,offices
175013,31.7083,76.9314,offices
175014,31.7083,76.9314,offices
175015,31.7083,76.9314,offices
175016,31.9784,76.7054,offices
175017,31.4100,76.8633,offices
175018,31.7083,76.9314,offices
175019,31.5356,76.9057,offices
175020,31.8361,76.8918,offices
175021,31.7083,76.9314,offices
175022,31.3869,77.2438,offices
175023,31.6307,76.8300,offices
175024,31.6918,76.7400,offices
175025,31.7559,76.7179,offices
175026,31.7500,76.6700,offices
175027,31.5500,76.9550,offices
175028,31.5500,77.0200,offices
175029,31.5800,77.0500,offices
175030,31.4400,76.8200,offices
175031,31.4650,77.0000,offices
175032,31.7083,76.9314,offices
175033,31.7083,76.9314,offices
175034,31.5200,76.7724,offices
175035,31.6200,77.1800,offices
175036,31.5688,76.9314,offices
175037,31.7130,76.6904,offices
175038,31.3700,77.0500,offices
175039,31.5042,77.0826,offices
175040,31.7083,76.9314,offices
175042,31.6895,76.7050,offices
175045,31.4950,76.9898,offices
175046,31.3791,77.1268,offices
175047,31.4700,77.3087,offices
175048,31.7083,76.9314,offices
175049,31.7083,76.9314,offices
175050,31.7083,76.7324,offices
175051,31.8656,76.7127,offices
175052,31.7295,76.8922,offices
175075,31.7700,76.9800,offices
175101,31.9605,77.1129,offices
175102,31.9655,77.0400,offices
175103,32.2877,77.1750,offices
175104,32.0801,77.1419,offices
175105,32.0000,77.2600,offices
175106,31.6692,77.2800,offices
175121,31.7083,76.9314,offices
175123,31.6200,77.3500,offices
175124,31.6689,77.0800,offices
175125,31.8700,77.1400,offices
175126,31.8934,77.1200,offices
175128,32.0250,77.1200,offices
175129,32.1051,77.1385,offices
175130,32.1164,77.1725,offices
175131,32.2000,77.1800,offices
175132,32.5550,77.0189,offices
175133,32.6159,76.9037,offices
175134,31.7649,77.3500,offices
175136,32.1543,77.1767,offices
175138,31.9900,77.1300,offices
175139,32.6489,76.8201,offices
175140,32.5099,77.0224,offices
175141,31.8468,77.2300,offices
175142,32.7297,76.6011,offices
175143,32.1997,77.1900,offices
176001,32.1088,76.2835,offices
176002,32.1005,76.3075,offices
176021,32.1633,75.9524,offices
176022,32.1654,75.9100,offices
176023,32.1442,76.0108,offices
176025,32.0407,75.9624,offices
176026,32.0840,76.1413,offices
176027,32.0577,76.1022,offices
176028,31.9791,76.1733,offices
176029,32.0162,76.2291,offices
176030,31.9121,76.3131,offices
176031,31.8778,76.3163,offices
176032,31.8232,76.3941,offices
176033,32.0005,76.1479,offices
176036,31.8059,76.3371,offices
176037,32.0282,76.2969,offices
176038,31.7854,76.0002,offices
176039,31.4569,76.5513,offices
176040,31.6861,76.5224,offices
176041,31.6049,76.5647,offices
176042,31.5679,76.5941,offices
176043,31.5966,76.6217,offices
176044,31.5989,76.6773,offices
176045,31.6429,76.6464,offices
176047,32.1097,76.3796,offices
176048,31.6201,76.7091,offices
176049,31.6861,76.5882,offices
176051,32.2257,75.9137,offices
176052,32.1716,76.4076,offices
176053,32.0863,75.9596,offices
176054,31.9951,76.3112,offices
176055,31.5039,76.5208,offices
176056,32.1119,76.3427,offices
176057,32.0280,76.3075,district
176058,31.9867,75.8574,offices
176059,32.1347,76.4674,offices
176060,32.0280,76.3075,district
176061,32.1073,76.5321,offices
176062,32.1031,76.5510,offices
176063,32.0441,76.6084,offices
176064,31.0816,76.4619,offices
176065,32.0286,76.4052,offices
176066,31.8297,76.2776,offices
176067,32.0705,76.5368,offices
176071,32.0315,76.5452,offices
176073,31.9245,76.5040,offices
176075,31.8854,76.4713,offices
176076,32.0020,76.5941,offices
176077,32.0413,76.7321,offices
176081,32.0638,76.6168,offices
176082,31.8637,76.5023,offices
176083,32.0300,76.5001,offices
176084,31.9827,76.4491,offices
176085,32.0580,76.4715,offices
176086,31.9625,76.5218,offices
176087,32.0280,76.5329,offices
176088,31.9387,76.6462,offices
176089,31.9045,76.6694,offices
176090,31.8350,76.6562,offices
176091,31.8881,76.6327,offices
176092,31.9936,76.4779,offices
176093,31.9871,76.4856,offices
176094,31.9731,76.5590,offices
176095,31.9150,76.6018,offices
176096,31.9238,76.5499,offices
176097,31.8891,76.5181,offices
176098,31.8399,76.4520,offices
176101,32.0143,76.4491,offices
176102,32.0825,76.5069,offices
176103,32.0463,76.5701,offices
176107,31.9244,76.4564,offices
176108,31.8243,76.4919,offices
176109,31.8757,76.5697,offices
176110,31.8338,76.5054,offices
176111,31.7633,76.5526,offices
176115,32.0714,76.6369,offices
176125,32.0508,76.6439,offices
176128,31.9724,76.6729,offices
176200,32.2958,75.9501,offices
176201,32.2675,75.8193,offices
176202,32.3053,75.8939,offices
176203,32.3624,75.9454,offices
176204,32.2238,75.8266,offices
176205,32.2364,76.0440,offices
176206,32.2141,76.1819,offices
176207,32.3017,76.0882,offices
176208,32.1680,76.2291,offices
176209,32.1484,76.2731,offices
176210,32.1498,76.0994,offices
176211,32.3742,75.8984,offices
176214,32.1358,76.2370,offices
176215,32.2121,76.3234,offices
176216,32.2405,76.3106,offices
176217,32.2086,76.2609,offices
176218,32.2127,76.3672,offices
176225,32.2099,76.0664,offices
176301,32.4871,75.9221,offices
176302,32.4303,76.0131,offices
176303,32.5437,75.9456,offices
176304,32.5392,75.9707,offices
176305,32.5444,75.9652,offices
176306,32.5766,75.9807,offices
176307,32.5910,76.2260,offices
176308,32.6194,76.0049,offices
176309,32.4410,76.4702,offices
176310,32.5577,76.1245,offices
176311,32.4812,76.2571,offices
176312,32.6799,76.0515,offices
176313,32.4599,75.9831,offices
176314,32.5559,76.1180,offices
176315,32.4495,76.5591,offices
176316,32.8492,76.1508,offices
176317,32.7204,76.0812,offices
176318,32.5889,76.1168,offices
176319,32.6882,76.0987,offices
176320,32.7216,76.0510,offices
176321,32.7658,76.1762,offices
176323,32.9931,76.4541,offices
176324,32.4439,76.3679,offices
176325,32.6264,75.9160,offices
176326,32.3307,76.5546,offices
176330,32.7120,75.9899,offices
176401,32.1346,75.6892,offices
176402,32.1853,75.6884,offices
176403,32.2233,75.6688,offices
176501,31.8981,75.9500,offices
176502,32.0266,76.1128,offices
176601,31.4223,76.2320,offices
177001,31.6849,76.5213,offices
177005,31.7041,76.5240,offices
177006,31.6314,74.8911,offices
177007,31.6803,76.4620,offices
177020,31.7238,76.4998,offices
177021,31.7079,76.6610,offices
177022,31.7711,76.6038,offices
177023,31.6995,76.6328,offices
177024,31.6501,76.6878,offices
177025,31.6739,76.6378,offices
177026,31.6205,76.4490,offices
177027,31.7191,76.5531,offices
177028,31.8214,76.5997,offices
177029,31.6687,76.5954,offices
177031,31.6108,76.6990,offices
177033,31.7682,76.3311,offices
177034,31.7377,76.2928,offices
177038,31.6996,76.3409,offices
177039,31.5840,76.3927,offices
177040,31.6904,76.4184,offices
177041,31.6784,76.3698,offices
177042,31.7302,76.3686,offices
177043,31.7760,76.2474,offices
177044,31.7105,76.4718,offices
177045,31.7425,76.4165,offices
177048,31.7204,76.4516,offices
177101,31.8815,76.2127,offices
177103,31.8490,76.1892,offices
177104,31.8466,76.2233,offices
177105,31.8907,76.1175,offices
177106,31.8497,76.1952,offices
177107,31.8230,76.2117,offices
177108,31.8090,76.2378,offices
177109,31.7666,76.1910,offices
177110,31.8219,76.0866,offices
177111,31.8838,75.9957,offices
177112,31.8626,76.0702,offices
177113,31.9227,76.1305,offices
177114,31.9298,76.2139,offices
177117,31.8963,76.2541,offices
177118,31.6244,76.6823,offices
177119,31.5645,76.5078,offices
177201,31.6575,76.0602,offices
177202,31.7093,76.0873,offices
177203,31.6874,76.1155,offices
177204,31.7797,76.0071,offices
177205,31.5010,76.5299,offices
177206,31.6127,76.1120,offices
177207,31.5041,76.1604,offices
177208,31.5693,76.1332,offices
177209,31.4618,76.2080,offices
177210,31.7006,76.1818,offices
177211,31.6153,76.1454,offices
177212,31.5741,76.1941,offices
177213,31.5867,76.1695,offices
177219,31.7198,76.0698,offices
177220,31.4134,76.2353,offices
177301,31.7033,76.3552,offices
177401,31.6268,76.5921,offices
177501,31.6458,76.6163,offices
177601,31.7097,76.6765,offices
180001,32.7328,74.8576,offices
180002,32.7226,74.8376,offices
180003,32.6893,74.8756,offices
180004,32.6965,74.8615,offices
180005,32.7450,74.8507,offices
180006,32.7228,74.8741,offices
180007,33.7569,74.8578,offices
180009,32.6529,74.8071,offices
180010,32.6683,74.8668,offices
180011,32.6725,74.9063,offices
180012,32.7102,74.8800,offices
180013,32.7723,74.8398,offices
180015,32.6924,74.8946,offices
180016,32.7320,74.8595,offices
180017,32.7514,74.9398,offices
180018,32.7436,74.8120,offices
180019,32.7296,74.8066,offices
180020,32.6957,74.8756,offices
181008,32.6924,74.8275,offices
181101,32.6444,74.8158,offices
181102,32.6038,74.7149,offices
181111,32.5397,74.7598,offices
181121,32.7484,74.8379,offices
181122,32.8293,74.7659,offices
181123,32.7863,74.8232,offices
181124,32.7506,74.8203,offices
181131,32.5174,74.7995,offices
181132,32.6108,74.8595,offices
181133,32.6365,74.9141,offices
181134,32.5645,75.0356,offices
181141,32.4894,74.9571,offices
181143,32.6137,75.0179,offices
181145,32.6515,75.0061,offices
181152,32.7104,74.9063,offices
181201,32.8995,74.7425,offices
181202,32.8148,74.5620,offices
181203,32.8226,74.4804,offices
181204,32.8403,74.4628,offices
181205,34.7583,74.8142,offices
181206,32.7399,74.7176,offices
181207,32.7986,74.6042,offices
181208,32.8307,74.7526,offices
181221,32.7965,74.9153,offices
181224,32.8363,74.9939,offices
182101,32.9249,75.1358,offices
182104,32.9095,75.1062,offices
182121,33.1105,74.4908,offices
182122,33.0882,74.6985,offices
182124,32.8806,75.1762,offices
182125,33.1749,75.0714,offices
182126,33.0148,75.1202,offices
182127,33.0148,75.1202,offices
182128,32.8953,75.1762,offices
182129,33.3054,75.0612,offices
182130,33.3054,75.0612,offices
182131,33.3054,75.0612,offices
182132,33.3054,75.0612,offices
182133,33.3054,75.0612,offices
182134,33.3054,75.0612,offices
182135,33.3054,75.0612,offices
182136,33.3054,75.0612,offices
182137,33.3054,75.0612,offices
182138,33.3054,75.0612,offices
182139,33.3054,75.0612,offices
182140,33.3054,75.0612,offices
182141,33.1722,75.1730,offices
182142,33.1912,75.1773,offices
182143,33.2135,75.1923,offices
182144,33.2242,75.1007,offices
182145,32.2009,75.1133,offices
182146,33.3491,75.1542,offices
182147,33.0930,75.2700,offices
182148,33.1929,75.3024,offices
182161,33.0013,75.2133,offices
182201,33.1406,75.5557,offices
182202,33.1406,75.5557,offices
182203,23.0844,75.4733,offices
182204,32.9313,75.7956,offices
182205,33.2252,75.4327,offices
182206,33.1844,75.4639,offices
182207,33.1353,75.5175,offices
182221,33.0959,75.6032,offices
182222,32.5848,75.4305,offices
182301,33.1105,74.4908,offices
182311,33.0936,74.8131,offices
182312,33.1063,74.8941,offices
182313,33.1105,74.4908,offices
182315,33.1105,74.4908,offices
182320,32.9413,74.9545,offices
184101,32.3673,75.5223,offices
184102,32.3869,75.5315,offices
184104,32.3820,75.4935,offices
184120,32.5633,74.9662,offices
184121,32.5568,75.1108,offices
184141,32.5107,75.1844,offices
184142,32.4454,75.2260,offices
184143,32.4465,75.4799,offices
184144,32.4676,75.3274,offices
184145,33.5924,74.7089,offices
184148,32.2362,74.8424,offices
184151,32.3467,75.4359,offices
184152,32.3845,75.5932,offices
184201,32.5071,75.8108,offices
184202,32.5364,75.6487,offices
184203,32.5797,75.5340,offices
184204,32.6136,75.6041,offices
184205,32.6048,75.2887,offices
184206,32.7079,75.8156,offices
184210,32.6440,75.3916,offices
185101,33.4547,74.0543,offices
185102,33.6108,74.7299,offices
185121,33.3816,75.1543,offices
185131,33.3720,74.3092,offices
185132,33.3720,74.3092,offices
185133,33.3757,74.6178,offices
185135,33.2856,74.2440,offices
185151,33.6939,73.1423,offices
185152,33.1226,74.3572,offices
185153,33.0499,74.4890,offices
185154,32.8211,74.7945,offices
185155,33.1237,74.0541,offices
185156,30.0534,74.4206,offices
185201,33.1559,74.4290,offices
185202,33.2105,74.4193,offices
185203,33.0882,74.6985,offices
185211,33.7671,74.0920,offices
185212,33.3228,77.2217,offices
185233,32.3234,74.3850,offices
185234,33.3716,74.3130,offices
190001,34.0739,74.8151,offices
190002,34.0894,74.8056,offices
190003,34.0981,74.8166,offices
190004,34.0640,74.8484,offices
190005,34.0343,74.8005,offices
190006,34.1737,74.8371,offices
190007,33.9999,74.7689,offices
190008,34.0606,74.8197,offices
190009,34.0728,74.8013,offices
190010,34.0699,74.8098,offices
190011,34.0997,74.7449,offices
190012,34.1010,74.7346,offices
190014,34.0377,74.7872,offices
190015,34.0439,74.8097,offices
190017,34.1050,74.6831,offices
190018,34.0607,74.7504,offices
190019,34.0165,74.8125,offices
190020,34.1529,74.8017,offices
190021,34.0213,74.7697,offices
190023,34.0613,74.8173,offices
190024,34.1643,74.8304,offices
190025,34.1426,74.8608,offices
190099,34.0716,74.8236,offices
191101,34.1261,74.6732,offices
191102,34.0264,74.9668,offices
191103,33.8633,79.6883,offices
191111,34.0153,74.7240,offices
191112,33.8615,74.7669,offices
191113,34.0083,74.8076,offices
191121,34.1595,74.9041,offices
191131,34.0497,74.4671,offices
191132,34.0046,74.7948,offices
191201,34.2751,74.8072,offices
191202,34.2738,75.1581,offices
192101,33.7398,75.1502,offices
192121,34.1050,74.6732,offices
192122,31.9954,74.9165,offices
192123,29.5631,73.8296,offices
192124,33.7399,75.1086,offices
192125,33.8900,74.2400,offices
192126,34.0398,75.3093,offices
192129,33.8160,75.2423,offices
192201,33.6845,75.2182,offices
192202,34.0801,74.6287,offices
192210,33.6921,75.1541,offices
192211,33.5712,75.2232,offices
192212,33.5293,75.2609,offices
192221,33.6208,75.1501,offices
192231,34.0942,74.6094,offices
192232,33.7150,75.0082,offices
192233,33.6515,75.0869,offices
192301,33.8677,74.9004,offices
192302,33.7972,74.8612,offices
192303,33.7194,74.8313,offices
192304,33.9473,74.9354,offices
192305,33.8054,74.9651,offices
192401,33.7637,75.1961,offices
193101,34.1400,74.0200,offices
193103,34.2238,74.4049,offices
193108,34.1848,74.4688,offices
193109,34.1737,74.4325,offices
193121,34.1394,74.5521,offices
193122,34.1409,74.1719,offices
193123,34.0800,74.0100,offices
193201,34.3321,74.4510,offices
193221,34.4000,74.7200,offices
193222,34.5012,74.2495,offices
193223,34.0700,74.7200,offices
193224,34.5148,74.1187,offices
193225,34.3996,73.8624,offices
193301,34.2700,74.3300,offices
193302,34.3700,74.3000,offices
193303,34.3100,74.3200,offices
193306,33.8222,74.8431,offices
193401,34.0847,74.6136,offices
193402,34.1084,74.5698,offices
193403,34.0318,74.2359,offices
193404,34.0854,74.5015,offices
193411,34.0164,75.1054,offices
193501,34.2476,74.6322,offices
193502,34.4346,74.6690,offices
193503,34.6328,74.9202,offices
193504,34.2722,74.6645,offices
193505,34.4232,74.5643,offices
194101,34.1528,77.5548,offices
194102,34.5535,76.1350,offices
194103,34.4941,76.1089,offices
194104,33.9663,77.6053,offices
194105,34.5535,76.1350,offices
194106,34.3231,76.9744,offices
194107,34.2903,77.2132,offices
194109,34.1626,77.6714,offices
194201,33.8761,77.8677,offices
194202,33.2059,78.6484,offices
194301,34.7740,77.4614,offices
194302,33.6010,76.8945,offices
194303,34.5535,76.1350,offices
194401,34.4887,77.5784,offices
201001,28.6683,77.4451,offices
201002,28.6742,77.4471,offices
201003,28.7257,77.4049,offices
201004,28.6921,77.4503,offices
201005,28.6864,77.3620,offices
201006,28.6890,77.3274,offices
201007,28.6784,77.3747,offices
201008,28.5355,77.3910,offices
201009,28.6556,77.4293,offices
201010,28.6551,77.3413,offices
201011,28.6649,77.3303,offices
201012,28.6533,77.3567,offices
201013,28.6855,77.4842,offices
201014,28.6391,77.3715,offices
201015,28.6819,77.5376,offices
201016,28.6257,77.4351,offices
201017,28.6892,77.4452,offices
201018,28.6527,77.4356,offices
201019,28.6681,77.4285,offices
201020,28.6196,77.3462,offices
201021,28.6341,77.3454,offices
201022,28.7276,77.8782,district
201102,28.7494,77.3174,offices
201103,28.7917,77.2505,offices
201201,28.8590,77.6257,offices
201204,28.8346,77.5666,offices
201206,28.7687,77.4687,offices
201301,23.5168,77.8562,offices
201302,28.5787,77.3134,offices
201303,26.0735,78.2032,offices
201304,28.5284,77.3853,offices
201305,28.5376,77.4016,offices
201306,28.5308,77.4599,offices
201307,28.5866,77.3690,offices
201309,26.0869,77.9763,offices
201310,28.4795,77.5232,offices
201311,28.5355,77.3910,offices
201312,28.4666,77.4256,offices
201313,28.5472,77.3344,offices
201314,28.5355,77.5685,offices
201315,28.4461,77.5098,offices
201316,28.5957,77.4023,offices
201317,28.5229,77.3548,offices
201318,28.6681,77.4285,offices
201319,28.5357,77.3969,offices
201320,28.5742,77.4420,offices
202001,27.8883,78.0728,offices
202002,27.9135,78.0782,offices
202121,27.8057,78.2711,offices
202122,27.9904,78.0613,offices
202123,27.8299,77.8553,offices
202124,27.7081,77.9367,offices
202125,27.9491,78.1947,offices
202126,27.9883,78.1012,offices
202127,28.0093,78.1365,offices
202128,27.8668,78.2519,offices
202129,27.8575,78.3117,offices
202130,27.9261,78.3991,offices
202131,27.9834,78.3999,offices
202132,28.0798,77.8493,offices
202133,27.9517,78.4681,offices
202134,27.8719,78.4638,offices
202135,27.9470,77.8048,offices
202136,28.0389,77.9853,offices
202137,28.0233,77.6565,offices
202138,27.9329,77.8610,offices
202139,27.5864,78.1479,offices
202140,27.9084,77.9442,offices
202141,27.9734,77.7696,offices
202142,28.0303,77.9189,offices
202143,28.0732,77.9448,offices
202145,27.6400,77.8696,offices
202146,27.9001,78.0728,offices
202150,27.7744,78.0990,offices
202155,28.1197,77.7608,offices
202165,28.0233,77.5978,offices
202170,27.7244,78.2248,offices
202280,28.0305,78.2858,offices
202281,28.0912,78.3273,offices
202282,28.0688,78.2633,offices
203001,28.4070,77.8610,offices
203002,28.3642,77.8331,offices
203129,28.1992,77.9618,offices
203131,28.2514,77.8903,offices
203132,28.2079,77.7968,offices
203135,28.1608,77.5774,offices
203141,28.1645,77.7223,offices
203150,28.3882,78.0124,offices
203155,28.1408,77.6337,offices
203201,28.3252,77.5861,offices
203202,28.3920,77.6598,offices
203203,28.3045,77.7054,offices
203205,28.4738,77.7275,offices
203206,28.4402,77.7468,offices
203207,28.5825,77.5476,offices
203209,28.2434,77.5793,offices
203389,28.1777,78.3755,offices
203390,28.3216,78.2330,offices
203391,28.3524,78.1244,offices
203392,28.2246,78.1723,offices
203393,28.2090,78.2975,offices
203394,28.4134,78.0742,offices
203395,28.3066,77.9722,offices
203396,28.1692,78.0619,offices
203397,28.1081,78.1357,offices
203398,28.4722,78.1878,offices
203399,28.1319,78.3964,offices
203401,28.5042,77.8841,offices
203402,28.6730,77.9796,offices
203403,28.5896,78.1315,offices
203405,28.5187,78.0745,offices
203407,28.5521,77.9587,offices
203408,28.5343,77.7938,offices
203409,28.4469,77.9196,offices
203411,28.6249,77.8792,offices
203412,28.6168,78.0305,offices
203413,28.4076,77.8498,offices
204101,27.5830,78.0531,offices
204102,27.6360,78.1736,offices
204211,27.6956,78.2846,offices
204212,27.6069,78.2510,offices
204213,27.5678,77.9388,offices
204214,27.6086,78.3928,offices
204215,27.6890,78.3715,offices
204216,27.7051,78.0823,offices
204217,27.6165,78.1106,offices
205001,25.9722,78.4538,offices
205119,27.5449,78.5661,offices
205121,24.2146,78.2366,offices
205247,24.6535,79.2154,offices
205261,24.5646,78.9556,offices
205262,24.6570,78.5455,offices
205263,27.1707,78.1247,offices
205264,24.6732,78.9497,offices
205265,27.1895,78.3558,offices
205267,27.4566,78.4566,offices
205268,27.0335,78.1245,offices
205301,24.5464,78.5649,offices
205303,27.1245,78.1242,offices
205304,27.4655,78.5455,offices
206001,26.7732,79.0199,offices
206002,26.8046,78.9787,offices
206003,26.7515,79.0359,offices
206120,26.6595,79.2831,offices
206121,26.5601,79.3115,offices
206122,26.4713,79.5147,offices
206123,26.9262,79.2026,offices
206124,26.6841,79.1887,offices
206125,26.5464,79.1125,offices
206126,26.7259,79.1144,offices
206127,26.6561,79.1153,offices
206128,26.6007,79.2297,offices
206129,26.5119,79.3838,offices
206130,26.9386,78.9613,offices
206131,26.7390,78.9066,offices
206241,26.6969,79.4034,offices
206242,26.7734,79.2540,offices
206243,26.8030,79.5450,offices
206244,26.6318,79.5583,offices
206245,26.8822,78.8831,offices
206246,26.6035,79.6333,offices
206247,26.6043,79.4656,offices
206248,26.7396,79.6091,offices
206249,26.7766,79.4575,offices
206250,26.7019,79.5041,offices
206251,26.8386,79.6465,offices
206252,26.8758,79.4131,offices
206253,26.8843,79.0584,offices
206255,26.7768,79.6983,offices
207001,27.5584,78.6595,offices
207002,27.5700,78.6700,offices
207003,27.5200,78.8200,offices
207120,27.6250,78.5450,offices
207121,27.4341,78.7500,offices
207122,27.5700,78.4800,offices
207123,27.7950,78.6850,offices
207124,27.8700,78.5800,offices
207125,27.6750,78.6600,offices
207241,27.6994,78.7650,offices
207242,27.7300,78.9395,offices
207243,27.6992,79.0400,offices
207244,27.5700,79.1500,offices
207245,27.7700,78.8150,offices
207246,27.6362,78.8600,offices
207247,27.4650,79.1500,offices
207248,27.5250,78.9350,offices
207249,27.5050,79.0200,offices
207250,27.3654,79.2596,offices
207301,27.4429,78.4400,offices
207302,27.4730,78.3000,offices
207401,27.7600,78.5300,offices
207402,27.8880,78.8290,offices
207403,27.9050,78.7100,offices
208001,26.4657,80.3449,offices
208002,26.4842,80.3183,offices
208003,26.4600,80.3305,offices
208004,26.4514,80.3582,offices
208005,26.4763,80.3111,offices
208006,26.4611,80.3264,offices
208007,26.4147,80.3902,offices
208008,26.4138,80.3975,offices
208009,26.4657,80.2712,offices
208010,26.4293,80.4030,offices
208011,26.4262,80.3264,offices
208012,26.4684,80.3126,offices
208013,26.4736,80.3507,offices
208014,26.4396,80.3139,offices
208015,26.4127,80.3718,offices
208016,26.5119,80.2364,offices
208017,26.4767,80.2640,offices
208019,26.4764,80.3063,offices
208020,26.4718,80.2874,offices
208021,26.3997,80.3147,offices
208022,26.4583,80.3169,offices
208023,26.4394,80.3371,offices
208024,26.4959,80.2764,offices
208025,26.4770,80.2917,offices
208026,26.4736,80.3507,offices
208027,26.4296,80.3113,offices
208028,26.4611,80.3113,district
209101,26.3819,79.9529,offices
209111,26.2306,79.8370,offices
209112,26.1937,79.7899,offices
209115,26.3050,79.7094,offices
209121,26.3224,80.0829,offices
209125,26.3742,79.6375,offices
209202,26.8393,79.9983,offices
209203,26.6169,80.1999,offices
209204,26.6037,80.0398,offices
209205,26.6674,80.1392,offices
209206,26.1396,80.1663,offices
209208,26.1687,79.9681,offices
209209,26.2100,80.2757,offices
209210,26.7415,80.0985,offices
209214,26.3213,80.2739,offices
209217,26.5560,80.2233,offices
209301,26.4344,79.8076,offices
209302,26.5657,79.7489,offices
209303,26.4856,79.9097,offices
209304,26.4260,80.1689,offices
209305,26.8390,79.5365,offices
209306,26.7119,79.7993,offices
209307,26.4983,80.1014,offices
209308,26.2404,80.1960,offices
209310,26.4956,79.6942,offices
209311,26.3480,80.0127,offices
209312,26.2981,79.8430,offices
209401,26.2441,80.4299,offices
209402,26.2842,80.4886,offices
209501,27.5513,79.3437,offices
209502,27.5513,79.3437,offices
209503,27.1476,78.0390,offices
209504,27.5513,79.3437,offices
209505,27.6123,79.2763,offices
209601,27.3696,79.6314,offices
209602,26.8848,80.9367,offices
209621,27.5404,79.5976,offices
209622,27.8974,78.0880,offices
209625,27.3896,79.5773,offices
209651,25.6286,83.7542,offices
209652,27.2844,79.4703,offices
209720,27.1236,79.4379,offices
209721,27.1500,79.4999,offices
209722,27.1166,79.7287,offices
209723,26.9519,79.6451,offices
209724,27.2636,79.6304,offices
209725,27.0562,79.9180,offices
209726,27.0305,79.6869,district
209727,27.0286,79.9259,offices
209728,27.0324,79.4904,offices
209729,26.0359,84.0547,offices
209731,26.9519,79.6451,offices
209732,26.9612,79.7924,offices
209733,27.0884,79.8193,offices
209734,27.0286,79.9259,offices
209735,27.2053,79.5796,offices
209736,26.9618,79.7912,offices
209738,27.3269,79.6138,offices
209739,25.9580,83.2665,offices
209743,27.1166,79.7287,offices
209745,27.5513,79.3437,offices
209747,26.9533,79.4396,offices
209749,27.3208,79.6221,offices
209801,26.5596,80.4841,offices
209821,26.4496,80.9052,offices
209825,26.4867,80.7002,offices
209827,26.3991,80.6875,offices
209831,26.6424,80.6215,offices
209841,26.7585,80.6021,offices
209859,26.6029,80.7701,offices
209860,26.4366,80.5398,offices
209861,26.4967,80.3974,offices
209862,26.5156,80.4311,offices
209863,26.2174,80.6569,offices
209864,26.2245,80.7312,offices
209865,26.3516,80.6621,offices
209866,26.2759,80.8242,offices
209867,26.3405,80.7408,offices
209868,26.8988,80.2159,offices
209869,26.9628,80.1813,offices
209870,26.7918,80.4957,offices
209871,26.7702,80.2904,offices
209881,26.8325,80.6052,offices
210001,25.4792,80.3395,offices
210120,25.3774,80.4769,offices
210121,25.5803,80.6559,offices
210122,25.4792,80.5251,district
210123,25.7137,80.4880,offices
210125,25.5500,80.9429,offices
210126,25.8074,80.4034,offices
210128,25.6339,80.5251,offices
210129,25.1511,80.4701,offices
210201,25.3148,80.5815,offices
210202,25.2188,80.6547,offices
210203,25.3993,80.6941,offices
210204,25.1844,80.8370,offices
210205,25.2170,81.0079,offices
210206,25.3472,80.9431,offices
210207,25.4645,81.0954,offices
210208,25.0622,81.1110,offices
210209,25.2742,81.2998,offices
210301,25.9199,80.1518,offices
210341,25.8013,80.1139,offices
210421,25.4561,79.7851,offices
210422,25.8391,79.6299,offices
210423,25.1913,79.4899,offices
210424,25.4186,79.9387,offices
210425,25.5705,79.8801,offices
210426,25.3173,79.6330,offices
210427,25.3136,79.8774,offices
210428,25.6446,79.4592,offices
210429,25.3802,79.4429,offices
210430,25.7310,79.4883,offices
210431,25.5989,79.5651,offices
210432,25.8122,79.7332,offices
210433,25.2198,79.8294,offices
210501,25.8022,79.9490,offices
210502,25.8247,80.1551,offices
210504,25.5274,80.1149,offices
210505,26.0006,80.0017,offices
210506,25.6628,79.8224,offices
210507,25.6773,80.1771,offices
211001,25.4463,81.8440,offices
211002,25.4680,81.8542,offices
211003,25.4358,81.8425,offices
211004,25.4933,81.8630,offices
211005,25.4295,81.8768,offices
211006,25.4449,81.8686,offices
211007,25.4331,81.8381,offices
211008,25.3948,81.8605,offices
211010,25.4106,81.8570,offices
211011,25.4495,81.7916,offices
211012,25.4480,81.7850,offices
211013,25.5377,81.8716,offices
211014,25.4991,81.8583,offices
211015,25.4406,81.7878,offices
211016,25.4285,81.8183,offices
211017,25.4535,81.8274,offices
211018,25.4585,81.8422,offices
211019,25.4289,81.9117,offices
211020,25.4222,81.8829,offices
211021,25.5351,81.8531,offices
211022,25.5621,81.8945,offices
211023,25.4535,81.8274,offices
212104,25.4532,81.8275,offices
212105,25.3768,81.8671,offices
212106,25.4532,81.8275,offices
212107,25.3027,81.8117,offices
212108,25.2448,81.8117,offices
212109,25.4532,81.8275,offices
212110,28.0778,81.7374,offices
212111,25.3027,81.8117,offices
212201,25.4532,81.8275,offices
212202,25.4401,81.6429,offices
212203,27.9115,78.8945,offices
212204,25.4532,81.8275,offices
212205,25.3693,81.8196,offices
212206,25.4532,81.8175,offices
212207,25.3027,81.8117,offices
212208,25.5509,81.7308,offices
212212,25.4717,81.6651,offices
212213,25.4532,81.8275,offices
212214,25.4445,81.8369,offices
212216,25.3778,81.5090,offices
212217,25.4358,81.8463,offices
212218,25.3373,81.5775,offices
212301,25.4320,81.8369,offices
212302,25.4532,81.8463,offices
212303,25.4445,81.8275,offices
212305,25.2585,82.0925,offices
212306,25.2686,82.0348,offices
212307,25.4532,81.8275,offices
212308,25.1291,81.9678,offices
212401,25.5411,82.3097,offices
212402,25.5510,82.0884,offices
212404,25.5362,82.0656,offices
212405,25.4358,81.8463,offices
212502,25.4532,81.8369,offices
212503,25.6282,81.7990,offices
212507,25.4532,81.8275,offices
212601,25.9277,80.8029,offices
212620,25.7657,80.8554,offices
212621,25.8000,80.7401,offices
212622,25.9173,80.8144,offices
212631,25.9396,80.3826,offices
212635,26.0214,80.5496,offices
212641,25.9539,80.5797,offices
212645,26.1473,80.7981,offices
212650,25.9490,81.0548,offices
212651,25.9257,80.8144,offices
212652,25.9270,81.1518,offices
212653,25.8371,81.2032,offices
212654,25.9974,80.9857,offices
212655,25.7561,81.1642,offices
212656,25.6008,81.1161,offices
212657,25.9173,80.5244,offices
212658,26.0430,80.3992,offices
212659,26.1062,80.3488,offices
212661,25.7955,80.5401,offices
212663,25.8411,80.6599,offices
212664,26.0266,80.7297,offices
212665,26.1473,80.5936,offices
221001,25.3188,83.0113,offices
221002,25.3272,82.9885,offices
221003,25.3548,82.9515,offices
221004,25.2327,82.7702,offices
221005,25.2993,83.0130,offices
221006,25.4400,82.8400,offices
221007,25.3834,83.0129,offices
221008,25.2810,83.0340,offices
221009,27.1731,83.0447,offices
221010,25.3095,82.9939,offices
221011,25.2810,82.9790,offices
221012,25.2810,83.1190,offices
221101,25.4939,83.0129,offices
221103,25.3023,82.9698,offices
221104,25.4939,83.0129,offices
221105,25.3700,82.9100,offices
221106,25.3000,82.9500,offices
221107,25.3072,82.9367,offices
221108,25.3068,82.9615,offices
221109,25.2116,82.8198,offices
221110,25.2765,83.0335,offices
221111,25.4939,83.0129,offices
221112,25.4939,83.0129,offices
221115,25.4939,83.1190,offices
221116,25.4939,83.0129,offices
221201,25.4500,82.7300,offices
221202,25.4586,82.8836,offices
221204,25.4200,82.8100,offices
221206,25.4865,82.8280,offices
221207,25.5332,82.7374,offices
221208,25.5300,82.9300,offices
221301,25.3900,82.5600,offices
221302,25.4500,82.8700,offices
221303,25.2700,82.4200,offices
221304,25.3600,82.4700,offices
221305,25.1800,82.8300,offices
221306,25.2500,82.5138,offices
221307,25.2860,82.7619,offices
221308,25.3348,82.3218,offices
221309,25.3073,82.2680,offices
221310,25.3032,82.3600,offices
221311,25.2600,82.8400,offices
221313,25.2630,82.8400,offices
221314,25.2614,82.6140,offices
221401,25.3750,82.5500,offices
221402,25.3693,82.6402,offices
221403,25.3500,82.7500,offices
221404,25.4600,82.4179,offices
221405,25.3500,82.8200,offices
221406,25.4272,82.4859,offices
221407,25.3156,83.0119,offices
221409,25.4099,82.6015,offices
221502,25.4358,81.8275,offices
221503,25.4532,81.8275,offices
221505,25.4532,81.8275,offices
221507,25.4701,81.8802,offices
221508,25.4955,81.9330,offices
221601,26.2000,83.7200,offices
221602,26.1100,83.7100,offices
221603,26.1200,83.1400,offices
221701,25.8350,83.9548,offices
221705,25.9600,83.6900,offices
221706,25.9300,83.7300,offices
221709,25.8600,83.9500,offices
221711,25.9700,83.8600,offices
221712,25.8600,83.8500,offices
221713,25.7500,84.0200,offices
221715,26.1000,83.8400,offices
221716,26.0450,83.7450,offices
221717,26.0600,83.9800,offices
221718,25.2400,82.9300,offices
222001,25.7533,82.6893,offices
222002,25.7359,82.6870,offices
222003,25.8307,82.3600,offices
222004,25.8610,82.6354,offices
222101,26.1773,82.6813,offices
222105,25.6893,82.6453,offices
222109,25.8300,82.2000,offices
222125,25.8907,82.4544,offices
222126,25.8984,82.6600,offices
222127,26.1542,82.4400,offices
222128,26.5500,82.1000,offices
222129,26.3500,81.5800,offices
222131,26.1357,81.6354,offices
222132,25.9092,82.4416,offices
222133,26.5800,82.5500,offices
222135,25.7137,82.5089,offices
222136,25.6600,82.2500,offices
222137,26.0100,82.0050,offices
222138,25.6391,82.6566,offices
222139,25.8279,82.6163,offices
222141,26.4700,82.1100,offices
222142,26.5150,82.6050,offices
222143,25.9687,82.3864,offices
222144,25.7628,81.6357,offices
222145,25.8348,82.3163,offices
222146,26.5800,82.4400,offices
222148,26.3831,82.6039,offices
222149,26.3300,82.5800,offices
222161,26.1526,81.9000,offices
222162,25.8300,82.3600,offices
222165,25.6750,82.6750,offices
222170,25.7050,82.8211,offices
222175,25.6700,82.6400,offices
222180,26.4700,82.5100,offices
222181,25.5971,82.9033,offices
222201,26.5800,82.5500,offices
222202,25.4108,82.4723,offices
222203,26.1500,81.8950,offices
222204,25.6715,82.5651,offices
222205,25.4619,82.6368,offices
222301,26.0442,82.3506,offices
222302,26.1403,82.2271,offices
222303,26.0859,82.3374,offices
223101,26.0512,82.6861,offices
223102,26.3300,82.4800,offices
223103,25.6600,82.3600,offices
223104,25.6691,82.5757,offices
223105,25.6431,82.6576,offices
223221,26.1800,82.9100,offices
223222,26.0700,83.1800,offices
223223,26.2898,82.7518,offices
223224,25.9900,82.7600,offices
223225,26.1300,82.8100,offices
223226,26.0700,82.5700,offices
223227,26.3900,82.6500,offices
224001,26.7732,82.1377,offices
224116,26.7866,81.7894,offices
224117,26.7400,81.6323,offices
224118,26.6895,81.6733,offices
224119,26.8132,81.6203,offices
224120,26.7494,81.7508,offices
224121,26.6722,81.8358,offices
224122,26.4297,82.5382,offices
224123,26.7907,82.1986,offices
224125,26.2361,82.8277,offices
224126,26.7731,81.9224,offices
224127,26.7295,82.0882,offices
224129,26.4524,82.7806,offices
224132,26.4343,82.3272,offices
224133,26.7199,82.1501,offices
224135,26.7267,82.2056,offices
224137,26.3668,83.0380,offices
224139,26.3420,82.8342,offices
224141,26.5699,82.3820,offices
224143,26.4998,82.8112,offices
224145,26.6097,82.5375,offices
224146,26.3600,82.5827,offices
224147,26.4280,82.9308,offices
224149,26.3093,82.7462,offices
224151,26.4680,82.5331,offices
224152,26.4800,82.4076,offices
224153,26.5982,81.7924,offices
224155,26.4211,82.7556,offices
224157,26.5429,82.4062,offices
224158,26.6506,81.9939,offices
224159,26.2832,82.6484,offices
224161,26.6417,82.3357,offices
224164,26.5917,81.9085,offices
224168,26.4168,82.4751,offices
224171,26.7203,82.2414,offices
224172,26.6431,82.2482,offices
224176,26.3031,83.0922,offices
224181,26.4684,82.8130,offices
224182,26.7666,81.9704,offices
224183,26.3003,82.8058,offices
224186,26.3917,82.6448,offices
224188,26.7525,81.9872,offices
224189,26.7233,81.9126,offices
224190,26.5492,82.6582,offices
224195,26.5680,82.2925,offices
224201,26.6984,82.1374,offices
224202,26.7005,82.1710,offices
224203,26.5850,82.2081,offices
224204,26.6009,82.1333,offices
224205,26.4119,82.2550,offices
224206,26.5347,82.1455,offices
224207,26.7732,82.1442,offices
224208,26.5583,82.0104,offices
224209,26.4758,82.1285,offices
224210,26.4456,82.6767,offices
224225,26.6011,81.9274,offices
224227,26.4952,82.5933,offices
224228,26.6294,81.9494,offices
224229,26.5468,81.8402,offices
224230,26.2446,82.9941,offices
224231,26.4745,82.3989,offices
224232,26.5673,82.6186,offices
224234,26.5770,82.4572,offices
224235,26.4283,82.6436,offices
224238,26.5975,82.5818,offices
224239,26.4626,82.8441,offices
224284,26.5571,82.0138,offices
225001,26.9288,81.1993,offices
225003,26.9321,81.3000,offices
225119,26.7219,81.3221,offices
225120,26.7696,81.2824,offices
225121,26.9316,81.2022,offices
225122,26.8351,81.1509,offices
225123,26.9316,81.2035,offices
225124,26.6168,81.3796,offices
225125,26.6618,81.4911,offices
225126,26.6119,81.2535,offices
225201,26.9325,81.3977,offices
225202,27.1248,81.3704,offices
225203,26.9316,81.2022,offices
225204,26.9630,81.2479,offices
225205,27.0529,81.3847,offices
225206,26.9900,81.4151,offices
225207,26.9325,81.3977,offices
225208,26.9325,81.3977,offices
225301,27.0439,81.1721,offices
225302,27.0709,81.0712,offices
225303,26.9325,81.3977,offices
225304,27.2373,81.3579,offices
225305,27.2009,81.2075,offices
225306,27.1893,81.0607,offices
225401,26.7909,81.5843,offices
225403,26.8702,81.6765,offices
225404,26.8813,81.5331,offices
225405,26.8505,81.4607,offices
225409,26.7741,81.5264,offices
225412,26.9188,81.2833,offices
225413,26.7606,81.4100,offices
225414,26.8833,81.2622,offices
225415,26.9788,81.5897,offices
225416,26.9325,81.3977,offices
226001,26.8495,80.9456,offices
226002,26.8216,80.9531,offices
226003,26.8683,80.9079,offices
226004,26.8373,80.9232,offices
226005,26.8159,80.9161,offices
226006,26.8767,80.9591,offices
226007,26.8660,80.9512,offices
226008,26.7862,80.8461,offices
226009,26.8074,80.9121,offices
226010,26.8671,81.0030,offices
226011,26.8169,80.8928,offices
226012,26.8233,80.9181,offices
226013,26.9307,80.9294,offices
226014,26.7445,80.9389,offices
226015,26.8951,80.9836,offices
226016,26.8784,80.9897,offices
226017,26.8442,80.8840,offices
226018,26.8461,80.9258,offices
226019,26.9198,81.0629,offices
226020,26.8870,80.9354,offices
226021,26.9063,80.9485,offices
226022,26.8968,80.9646,offices
226023,26.8209,80.9153,offices
226024,26.9002,80.9467,offices
226025,26.7643,80.9269,offices
226026,26.9063,80.9826,offices
226027,26.8447,80.9456,offices
226028,26.8815,81.0027,offices
226029,26.7816,80.9585,offices
226030,26.7947,81.0078,offices
226031,26.9063,80.9485,offices
226101,26.8647,80.7810,offices
226102,26.9168,80.7076,offices
226103,26.9941,80.6049,offices
226104,26.8488,80.9456,offices
226201,26.9913,80.9204,offices
226202,26.9913,80.9234,offices
226203,27.0808,80.8962,offices
226301,26.6895,80.9843,offices
226302,26.5623,81.0299,offices
226303,26.8467,80.9456,offices
226401,26.6835,80.7886,offices
226501,26.7677,81.1076,offices
227304,26.2148,82.0766,offices
227405,26.1541,81.8142,offices
227406,26.1089,81.9443,offices
227407,26.0986,81.8136,offices
227408,26.1516,81.7705,offices
227409,26.2073,81.6823,offices
227411,26.2571,81.7705,offices
227412,26.2146,81.8211,offices
227413,26.1304,81.8991,offices
227801,26.3690,81.6665,offices
227805,26.3301,81.8566,offices
227806,26.1541,81.8142,offices
227807,26.3743,81.7705,offices
227808,26.2753,82.0059,offices
227809,26.4595,81.6227,offices
227811,26.1541,81.8142,offices
227812,26.4099,81.9183,offices
227813,26.3747,81.8019,offices
227814,26.2977,82.0747,offices
227815,26.5121,81.7821,offices
227816,26.4757,81.6994,offices
227817,26.4797,81.5691,offices
228001,26.2502,82.0727,offices
228118,26.2769,82.0761,offices
228119,26.1520,81.8121,offices
228120,26.2447,82.2312,offices
228121,26.3982,82.0489,offices
228125,26.3276,82.1088,offices
228131,26.2722,82.4726,offices
228132,26.2555,82.0766,offices
228133,26.1401,82.3398,offices
228141,26.2849,82.2434,offices
228142,26.2020,82.2841,offices
228145,26.2502,82.2285,offices
228151,26.4128,82.1215,offices
228155,26.3451,81.9780,offices
228159,26.1508,82.0366,offices
228161,25.9186,83.0516,offices
228171,26.2019,82.5577,offices
228172,26.1921,82.6384,offices
229001,26.2309,81.2400,offices
229010,26.2325,81.2700,offices
229103,25.1500,81.3000,offices
229120,26.2349,81.2410,offices
229121,26.2100,81.0500,offices
229122,24.2000,79.0500,offices
229123,26.4091,81.1830,offices
229124,26.1100,81.3300,offices
229125,26.1300,81.1246,offices
229126,26.4400,81.4000,offices
229127,25.9789,81.4373,offices
229128,26.1431,81.3416,offices
229129,24.9000,79.5750,offices
229130,26.2314,81.1260,offices
229135,26.3850,81.3900,offices
229201,26.2340,81.2440,offices
229202,26.1385,80.1985,offices
229203,25.8384,80.9850,offices
229204,26.0350,79.9950,offices
229205,26.2842,80.9443,offices
229206,26.1700,80.9600,offices
229207,26.1192,81.0103,offices
229208,26.1052,81.9180,offices
229209,26.1958,80.5558,offices
229210,26.2427,81.2429,offices
229211,26.0215,82.7450,offices
229212,26.1610,80.8114,offices
229215,24.9365,78.7712,offices
229216,26.0806,80.8600,offices
229301,26.1100,81.1114,offices
229302,27.3650,81.4150,offices
229303,26.4100,82.2155,offices
229304,26.2850,81.4923,offices
229305,26.2100,81.5800,offices
229306,26.3345,81.2455,offices
229307,22.8500,79.4500,offices
229308,26.5426,77.1275,offices
229309,26.3940,81.4800,offices
229310,26.1456,81.3400,offices
229311,26.5606,81.1435,offices
229316,26.1893,78.7290,offices
229401,26.2343,81.2400,offices
229402,26.1050,81.2409,offices
229404,26.2349,81.1331,offices
229405,26.6100,79.4800,offices
229406,27.4000,81.2410,offices
229408,21.5454,81.5480,offices
229410,21.9384,81.8932,offices
229411,25.5150,81.7679,offices
229412,25.4445,81.8196,offices
229413,25.6528,81.6199,offices
229801,26.4540,81.3360,offices
229802,26.2800,82.1200,offices
230001,25.9137,81.9996,offices
230002,21.5425,81.2456,offices
230121,21.2764,81.2764,offices
230124,21.0602,81.1245,offices
230125,21.2449,81.4500,offices
230126,23.2803,81.8480,offices
230127,21.2650,81.2645,offices
230128,21.2545,81.2608,offices
230129,21.5445,81.7765,offices
230130,26.2413,84.0718,offices
230131,21.8193,81.7776,offices
230132,21.4548,81.3654,offices
230133,25.8973,81.9453,offices
230134,21.2548,81.5469,offices
230135,21.5614,81.5614,offices
230136,21.4548,81.3654,offices
230137,21.3355,81.2306,offices
230138,21.4548,81.3654,offices
230139,21.4548,81.3654,offices
230141,21.2548,81.5469,offices
230142,21.2654,81.6470,offices
230143,21.0556,81.3626,offices
230144,25.9071,81.8613,offices
230201,21.4565,81.4099,offices
230202,21.2600,81.3652,offices
230204,21.4548,81.3654,offices
230301,21.5169,81.5145,offices
230302,21.6653,81.6511,offices
230304,21.5169,81.6512,offices
230306,21.5973,81.3546,offices
230401,21.2546,81.3654,offices
230402,21.2547,81.6470,offices
230403,21.2546,81.6470,offices
230404,21.5617,81.4279,offices
230405,21.5033,81.5551,offices
230501,21.3568,81.2453,offices
230502,21.4548,81.3654,offices
230503,21.5415,81.5625,offices
231001,25.1425,82.5655,offices
231205,24.5415,83.0126,offices
231206,24.5863,83.1065,offices
231207,24.4391,83.1171,offices
231208,24.2086,83.2374,offices
231209,24.3612,83.1236,offices
231210,24.7511,82.7467,offices
231211,24.9304,82.3580,offices
231212,24.0708,83.2169,offices
231213,24.6647,83.2718,offices
231215,24.6966,82.9169,offices
231216,24.6993,83.0657,offices
231217,24.2777,83.0467,offices
231218,24.1442,82.6728,offices
231219,24.4483,82.9819,offices
231220,24.1564,82.7952,offices
231221,24.1540,83.0232,offices
231222,24.1386,82.7289,offices
231223,24.0002,82.9366,offices
231224,24.1386,82.6208,offices
231225,24.2105,82.8246,offices
231226,24.3799,83.3653,offices
231301,25.0344,82.9929,offices
231302,25.1059,83.0830,offices
231303,25.1613,82.4096,offices
231304,25.1019,82.8768,offices
231305,25.5504,83.4925,offices
231306,25.1480,82.8501,offices
231307,25.1489,82.5363,offices
231309,24.9109,82.5483,offices
231311,24.9555,82.8839,offices
231312,25.1678,82.5537,offices
231313,25.2040,82.3086,offices
231314,25.2022,82.6766,offices
231501,25.1840,82.6645,offices
232101,25.2810,83.1190,offices
232102,25.3188,83.1190,offices
232103,25.2810,83.1190,offices
232104,25.2810,83.2577,offices
232105,25.2810,83.0129,offices
232106,25.3880,83.3770,offices
232107,25.2810,83.1190,offices
232108,25.3188,83.0129,offices
232109,25.3188,83.0129,offices
232110,25.2810,83.3770,offices
232111,27.2990,83.0920,offices
232114,25.3188,83.0129,offices
232115,25.4939,83.1782,offices
232118,25.2810,83.1190,offices
232120,25.2810,83.1190,offices
232325,25.5765,83.5732,offices
232326,25.4219,83.6703,offices
232327,25.4949,83.8082,offices
232328,25.5356,83.7143,offices
232329,25.4011,83.5527,offices
232330,25.4302,83.7063,offices
232331,25.4160,83.5598,offices
232332,25.5198,83.6054,offices
232333,25.4442,83.7543,offices
232336,25.5195,83.6503,offices
232339,25.4824,83.7686,offices
232340,25.5765,83.5732,offices
232341,25.5601,83.6439,offices
233001,25.5831,83.5803,offices
233002,25.5676,83.5601,offices
233221,25.5353,83.2218,offices
233222,25.7591,83.6916,offices
233223,25.5765,83.5732,offices
233224,25.4892,83.4637,offices
233225,25.4206,83.6694,offices
233226,25.8048,83.5541,offices
233227,25.6306,83.7576,offices
233228,25.7278,83.9326,offices
233229,25.7627,83.6906,offices
233230,25.8091,83.6485,offices
233231,25.6539,83.5533,offices
233232,25.4627,83.4711,offices
233233,25.6490,83.8842,offices
233234,27.2046,77.4977,offices
233300,25.7226,83.5483,offices
233301,25.5765,83.5732,offices
233302,25.6220,83.7558,offices
233303,25.6145,83.6095,offices
233304,25.5559,83.3975,offices
233305,25.6539,83.5533,offices
233306,25.5424,83.2587,offices
233307,25.3775,83.2054,offices
233310,25.6294,83.8166,offices
233311,25.5525,83.4015,offices
241001,27.3910,80.1280,offices
241121,27.3275,80.2790,offices
241122,27.3082,80.1925,offices
241123,27.5392,79.7885,offices
241124,27.6484,79.9711,offices
241125,27.5692,80.0429,offices
241126,27.1385,80.2922,offices
241127,27.0842,80.4551,offices
241201,27.1000,80.1000,offices
241202,27.1626,80.7422,offices
241203,27.1635,80.5750,offices
241204,27.1198,80.4848,offices
241301,27.2067,80.0410,offices
241302,27.1540,80.1640,offices
241303,27.0320,80.1610,offices
241304,27.2650,80.4408,offices
241305,27.0728,80.2907,offices
241401,27.3952,80.1347,offices
241402,27.3083,79.8235,offices
241403,27.2535,79.9495,offices
241404,27.4702,80.2540,offices
241405,27.5336,80.1373,offices
241406,27.6263,80.2332,offices
241407,27.7094,80.2290,offices
242001,27.8837,79.9122,offices
242021,28.1503,78.7708,offices
242042,27.8837,79.9122,offices
242127,27.8837,79.9122,offices
242220,27.8837,79.9122,offices
242221,27.8837,79.9122,offices
242223,27.8837,79.9122,offices
242226,27.8837,79.9122,offices
242301,27.8837,79.9122,offices
242303,27.8837,79.9122,offices
242305,27.8837,79.9122,offices
242306,27.8837,79.9122,offices
242307,27.8837,79.9122,offices
242401,27.8837,79.9122,offices
242405,27.8837,79.9122,offices
242406,27.8837,79.9122,offices
242407,27.8837,79.9122,offices
243001,28.3531,79.4166,offices
243002,28.3878,79.3471,offices
243003,28.3670,79.4304,offices
243004,28.2900,79.4100,offices
243005,28.3447,79.4314,offices
243006,28.3721,79.4434,offices
243122,28.4033,79.4304,offices
243123,28.5624,79.5661,offices
243126,28.4394,79.5166,offices
243201,28.7780,79.4950,offices
243202,28.5477,79.4561,offices
243203,28.5638,79.5488,offices
243301,28.3622,79.3515,offices
243302,28.5477,79.5644,offices
243303,28.7260,79.4586,offices
243401,28.4987,79.4368,offices
243402,28.6547,79.4682,offices
243403,28.1869,79.2578,offices
243407,28.5400,79.6300,offices
243501,28.3105,79.2917,offices
243502,28.6888,79.6576,offices
243503,28.8579,79.5799,offices
243504,28.4780,79.4213,offices
243505,28.7250,79.3370,offices
243506,28.4630,79.4304,offices
243601,28.0217,79.1299,offices
243630,28.0945,79.4043,offices
243631,27.8620,79.3150,offices
243632,28.3869,78.9248,offices
243633,28.1489,78.9232,offices
243634,28.1299,79.2404,offices
243635,28.0120,79.4070,offices
243636,27.9582,78.9231,offices
243637,27.8910,79.2180,offices
243638,28.0692,78.7457,offices
243639,28.0105,78.9967,offices
243641,27.7771,79.2733,offices
243720,28.2934,78.9446,offices
243722,28.1799,78.4946,offices
243723,28.2968,78.7170,offices
243724,28.2574,78.8046,offices
243725,28.2644,79.0419,offices
243726,28.1765,79.0758,offices
243727,28.3399,78.3818,offices
243751,28.3032,78.4524,offices
244001,28.8382,78.7707,offices
244102,28.8259,78.6767,offices
244103,29.0440,78.7512,offices
244104,28.8054,78.9331,offices
244105,28.8550,78.7500,offices
244221,28.9044,78.4673,offices
244222,28.8353,78.4733,offices
244223,28.8382,78.3734,offices
244225,28.8382,78.3734,offices
244231,28.9536,78.2593,offices
244235,28.8382,78.3734,offices
244236,28.9000,78.4600,offices
244241,28.8382,78.3734,offices
244242,28.9000,78.4600,offices
244245,28.8915,78.4692,offices
244251,28.8381,78.3734,offices
244255,28.9000,78.4600,offices
244301,29.0439,78.7511,offices
244302,29.0430,78.7511,offices
244303,28.5490,78.5651,offices
244304,28.9044,78.4673,offices
244401,29.0439,78.7511,offices
244402,28.9503,78.8300,offices
244410,28.3970,78.6240,offices
244411,28.8300,78.7700,offices
244412,29.0400,78.7500,offices
244413,28.6628,78.3534,offices
244414,29.0439,78.7511,offices
244415,28.6200,78.7700,offices
244501,29.0610,78.6268,offices
244504,28.8300,78.7700,offices
244601,29.1942,78.8610,offices
244602,29.2351,78.7551,offices
244701,28.6100,79.1600,offices
244712,29.3900,79.6600,offices
244713,29.2404,78.9730,offices
244715,29.4108,79.1240,offices
244716,29.2997,79.0136,offices
244717,29.1240,78.5624,offices
244720,29.1569,79.0560,offices
244901,28.8050,79.0160,offices
244921,28.6106,79.1696,offices
244922,28.6100,79.1600,offices
244923,28.6106,79.1696,offices
244924,28.6100,79.1600,offices
244925,28.9711,78.9399,offices
244926,28.7537,79.0527,offices
244927,28.6100,79.1600,offices
244928,28.6107,79.1697,offices
245101,28.7276,77.7741,offices
245201,28.7238,77.8782,offices
245205,28.8176,78.0520,offices
245206,28.8354,77.7507,offices
245207,28.7541,77.9789,offices
245208,28.6731,78.1493,offices
245301,28.6338,77.6536,offices
245304,28.7306,77.6565,offices
246001,30.1471,78.7745,offices
246113,30.0512,78.7301,offices
246121,29.8925,78.6701,offices
246123,30.1108,78.9253,offices
246124,29.8646,78.6072,offices
246125,30.0963,79.0176,offices
246127,29.8070,78.6094,offices
246128,29.9286,78.6359,offices
246129,29.8706,78.9779,offices
246130,30.1500,78.9833,offices
246131,29.9249,78.8269,offices
246141,30.4285,78.9096,offices
246142,29.4908,78.7643,offices
246144,29.7628,78.8588,offices
246146,30.1984,78.7823,offices
246147,30.1722,78.8680,offices
246148,25.5214,81.0996,offices
246149,29.7524,78.5269,offices
246150,29.8298,79.0532,offices
246155,29.7905,78.7249,offices
246159,30.1414,78.7497,offices
246161,29.7385,79.0129,offices
246162,29.9623,78.8664,offices
246163,29.9856,78.7363,offices
246164,30.1061,78.8779,offices
246165,30.0670,78.8213,offices
246166,30.0850,78.7646,offices
246167,29.9953,78.8496,offices
246169,28.2380,83.9956,offices
246171,30.2853,78.9864,offices
246172,29.9170,78.7101,offices
246173,29.9994,78.5792,offices
246174,30.1967,78.8043,offices
246175,30.0110,78.6916,offices
246176,30.0371,78.8043,offices
246177,29.8793,79.0045,offices
246178,30.2227,78.8161,offices
246179,29.7721,78.8733,offices
246193,29.8635,78.6850,offices
246194,30.1830,78.6952,offices
246275,29.9126,79.0871,offices
246276,29.8298,79.0532,offices
246277,29.7717,79.0419,offices
246278,29.8925,79.0257,offices
246279,29.7006,79.0815,offices
246285,30.0077,79.1323,offices
246401,30.4208,79.3015,offices
246419,30.4829,79.0715,offices
246421,30.4124,79.0214,offices
246422,30.7443,79.4958,offices
246424,30.2942,79.5665,offices
246425,30.4138,79.0892,offices
246426,30.4361,79.3832,offices
246427,30.0720,79.6154,offices
246428,30.0230,79.2865,offices
246429,30.2899,79.1521,offices
246431,29.9692,79.3229,offices
246435,30.2770,79.4700,offices
246439,30.5776,79.0850,offices
246440,30.1673,79.2092,offices
246441,30.0063,79.5686,offices
246442,30.3521,79.0469,offices
246443,30.5851,79.5523,offices
246444,30.1840,79.3103,offices
246445,30.2846,78.9812,offices
246446,30.2915,79.2812,offices
246448,30.3443,79.0103,offices
246449,30.2766,79.3809,offices
246453,30.1762,79.3603,offices
246455,30.2611,79.4226,offices
246469,30.5176,79.1384,offices
246471,30.6123,79.0336,offices
246472,30.4576,79.4450,offices
246473,30.3632,79.1954,offices
246474,30.2181,79.2622,offices
246475,30.3910,78.9522,offices
246481,30.0861,79.4943,offices
246482,30.0406,79.5244,offices
246483,30.4913,79.6310,offices
246486,29.9561,79.4324,offices
246487,30.2016,79.2007,offices
246488,30.1988,79.3346,offices
246495,30.4362,79.3836,offices
246701,29.3735,78.1381,offices
246721,29.5166,78.1348,offices
246722,19.2895,78.4385,offices
246723,29.6274,78.1094,offices
246724,29.5614,78.5768,offices
246725,29.1393,78.2706,offices
246726,29.2822,78.2836,offices
246727,19.2895,78.4385,offices
246728,29.3419,78.2258,offices
246729,29.1702,78.3117,offices
246731,29.5038,78.2100,offices
246732,29.6251,78.2270,offices
246733,19.2895,78.4385,offices
246734,19.2895,78.4385,offices
246735,19.2895,78.4385,offices
246736,29.0786,78.2328,offices
246737,29.3735,78.1348,offices
246745,19.2895,78.4385,offices
246746,19.2895,78.4385,offices
246747,19.2895,78.4385,offices
246749,29.6346,78.3245,offices
246761,19.2895,78.4385,offices
246762,19.2895,78.4385,offices
246763,29.5946,78.3446,offices
246764,29.3854,78.2238,offices
247001,29.9648,77.5484,offices
247002,29.9780,77.5039,offices
247120,30.0868,77.6178,offices
247121,30.2236,77.6294,offices
247122,30.3161,77.6460,offices
247129,30.1435,77.7266,offices
247231,30.1086,77.4688,offices
247232,30.0132,77.4002,offices
247340,29.8663,77.3382,offices
247341,29.7295,77.2362,offices
247342,29.9317,77.2807,offices
247343,29.6695,77.3224,offices
247451,29.8183,77.4960,offices
247452,29.7129,77.4078,offices
247453,29.6863,77.4982,offices
247551,29.8437,77.6315,offices
247552,30.0995,77.8246,offices
247554,29.6928,77.6774,offices
247656,29.7778,77.8977,offices
247658,30.7900,78.0180,offices
247661,29.9440,77.8300,offices
247662,30.0598,77.8159,offices
247663,29.7706,78.1371,offices
247664,29.8165,77.9188,offices
247665,29.8068,77.8390,offices
247666,29.7192,77.3806,offices
247667,29.8630,77.8906,offices
247668,29.8600,77.8600,offices
247669,29.9643,77.6704,offices
247670,29.7000,77.8468,offices
247671,29.7457,78.1188,offices
247771,29.2898,77.2880,offices
247772,29.6010,77.5089,offices
247773,29.5355,77.2150,offices
247774,29.3859,77.2064,offices
247775,29.3233,77.3147,offices
247776,29.4524,77.3144,offices
247777,29.5600,77.3944,offices
247778,29.6295,77.2339,offices
248001,30.3240,78.0385,offices
248002,30.2871,77.9960,offices
248003,30.3614,78.0297,offices
248005,30.2705,78.0780,offices
248006,30.3327,77.9941,offices
248007,30.3541,77.9693,offices
248008,30.3164,78.0990,offices
248009,30.3600,78.0700,offices
248011,30.3553,77.8544,offices
248012,30.2976,78.0474,offices
248013,30.3700,78.1000,offices
248014,30.3301,78.0577,offices
248015,30.2996,78.0849,offices
248016,30.2599,78.1168,offices
248018,30.3219,78.0266,offices
248019,30.2662,78.1062,offices
248020,30.3248,78.0417,offices
248121,30.2839,74.0368,offices
248122,30.4393,78.0862,offices
248123,30.7016,77.8696,offices
248124,30.7200,77.9668,offices
248125,30.4786,77.8150,offices
248140,30.1734,78.1087,offices
248142,30.4581,77.7576,offices
248143,30.1876,78.2203,offices
248145,30.1822,78.2100,offices
248146,30.3096,77.9944,offices
248158,30.7016,77.8695,offices
248159,30.4062,77.9519,offices
248165,30.6083,77.7809,offices
248171,30.3345,78.0151,offices
248179,30.4568,78.0741,offices
248195,30.3445,78.0333,offices
248196,30.3160,78.0320,offices
248197,30.3602,77.8270,offices
248198,30.4842,77.7557,offices
248199,30.4836,77.9359,offices
249001,30.3762,78.4420,offices
249121,30.2956,78.5623,offices
249122,30.2320,78.6044,offices
249123,30.3347,78.5167,offices
249124,30.3795,78.4674,offices
249125,30.5141,78.6275,offices
249126,30.2243,78.6782,offices
249127,30.1200,78.6700,offices
249128,31.0852,78.1123,offices
249130,30.3800,78.4682,offices
249131,30.4568,78.4056,offices
249132,30.5116,78.3600,offices
249135,30.8189,78.6172,offices
249136,30.9947,78.9398,offices
249137,30.2013,78.2962,offices
249141,30.8642,78.2348,offices
249145,30.3458,78.3946,offices
249146,30.2407,78.4766,offices
249151,30.7088,78.3537,offices
249152,30.6983,78.2980,offices
249155,30.4301,78.6584,offices
249161,30.2312,78.7483,offices
249165,30.5128,78.4961,offices
249171,30.7848,78.1392,offices
249175,30.2323,78.3417,offices
249180,30.4958,78.1623,offices
249181,30.4089,78.6170,offices
249185,30.8789,78.1037,offices
249186,30.5705,78.0046,offices
249192,30.1074,78.4511,offices
249193,30.7544,78.4560,offices
249194,30.7688,78.6044,offices
249196,30.5842,78.3261,offices
249199,30.3200,78.4268,offices
249201,30.1062,78.2938,offices
249202,30.0683,78.2671,offices
249203,30.0747,78.2856,offices
249204,30.0588,78.2400,offices
249205,30.0200,78.2087,offices
249206,30.7900,78.0180,offices
249301,30.1459,78.5993,offices
249302,30.1243,78.3302,offices
249304,30.0781,78.3615,offices
249306,30.0304,78.2409,offices
249401,29.9514,78.1628,offices
249402,29.9306,78.0150,offices
249403,29.9359,78.1028,offices
249404,29.9200,78.1243,offices
249405,29.9022,77.9347,offices
249407,29.6300,78.3300,offices
249408,29.8854,78.1436,offices
249410,29.9823,78.1898,offices
249411,29.9913,78.1925,offices
249412,29.9795,78.0477,offices
250001,29.0034,77.7253,offices
250002,28.9737,77.6981,offices
250003,28.9893,77.7240,offices
250004,28.9450,77.7850,offices
250005,28.9737,77.6411,offices
250101,28.8402,77.3221,offices
250103,28.9179,77.6488,offices
250104,28.8800,77.9405,offices
250106,28.8937,77.8934,offices
250110,29.0700,77.7160,offices
250205,28.9004,77.6017,offices
250221,29.1300,77.7023,offices
250222,29.1100,77.7853,offices
250223,29.1950,77.7063,offices
250341,29.0800,77.6200,offices
250342,29.1804,77.6105,offices
250344,29.1300,77.5200,offices
250345,29.0873,77.3800,offices
250401,29.1128,77.8779,offices
250402,29.0664,77.9219,offices
250404,29.1500,77.9992,offices
250406,28.9700,77.9551,offices
250501,28.9673,77.5400,offices
250502,29.0312,77.5280,offices
250601,28.9800,77.2900,offices
250606,29.0168,77.4068,offices
250609,28.9423,77.2250,offices
250611,29.0829,77.2512,offices
250615,28.9100,77.3674,offices
250617,29.2047,77.1803,offices
250619,29.0348,77.2096,offices
250620,29.1462,77.3231,offices
250621,29.1438,77.2798,offices
250622,29.1823,77.4098,offices
250623,29.2039,77.2828,offices
250625,29.2270,77.3324,offices
250626,28.9300,77.4578,offices
251001,29.4733,77.7026,offices
251002,29.2856,77.4200,offices
251003,29.4282,77.6879,offices
251201,29.2680,77.7340,offices
251202,29.5586,77.6822,offices
251203,29.3570,77.7139,offices
251301,29.4652,77.4905,offices
251305,29.4847,77.4042,offices
251306,29.4643,77.5726,offices
251307,29.5734,77.7711,offices
251308,29.4744,77.8680,offices
251309,29.2842,77.4681,offices
251310,29.5832,77.8533,offices
251311,29.5599,77.5924,offices
251314,29.3449,77.8531,offices
251315,29.2859,77.9461,offices
251316,29.4383,77.9367,offices
251318,29.3293,77.5328,offices
251319,29.4112,77.4463,offices
251320,29.2976,78.0340,offices
251327,29.6428,77.9117,offices
261001,27.5325,80.8987,offices
261121,27.7667,80.7333,offices
261125,27.5667,80.6832,offices
261131,27.5212,80.7407,offices
261135,27.7842,80.9062,offices
261136,27.5773,80.5806,offices
261141,27.6538,80.4758,offices
261145,27.5953,80.9877,offices
261151,27.5690,80.4120,offices
261201,27.4938,80.9968,offices
261202,27.7684,80.7343,offices
261203,27.3000,81.1333,offices
261204,28.8020,79.0250,offices
261205,27.4990,80.9944,offices
261206,27.8182,80.6077,offices
261207,27.7110,80.9036,offices
261208,27.4992,80.9944,offices
261301,27.2808,80.9235,offices
261302,27.2296,80.8476,offices
261303,27.2850,80.8370,offices
261304,27.1726,80.8600,offices
261401,27.4293,80.5300,offices
261402,27.4293,80.5300,offices
261403,27.3278,80.5627,offices
261404,27.5660,80.6833,offices
261405,27.4029,80.6874,offices
261501,27.9100,80.6100,offices
261502,27.8500,81.2050,offices
261505,27.8100,80.3000,offices
261506,28.0850,80.7873,offices
262001,28.6297,79.8410,offices
262121,28.6322,79.8030,offices
262122,28.4985,80.2711,offices
262123,27.8837,79.9122,offices
262124,28.5137,80.1488,offices
262201,28.2596,79.7808,offices
262202,28.6208,79.8129,offices
262203,28.4543,79.8063,offices
262302,28.6322,79.8030,offices
262305,28.7403,80.1210,offices
262308,28.9224,79.9400,offices
262309,29.0698,80.1128,offices
262310,29.1644,80.0873,offices
262311,28.9341,79.8100,offices
262401,29.1918,79.1690,offices
262402,29.0947,79.5282,offices
262405,28.9359,79.7007,offices
262406,28.6217,79.5483,offices
262501,29.6058,80.2018,offices
262502,29.5817,80.1951,offices
262520,29.5407,80.2657,offices
262521,29.5653,80.3146,offices
262522,29.6568,80.0550,offices
262523,29.2900,80.0917,offices
262524,29.4000,80.1500,offices
262525,29.4450,80.1250,offices
262526,28.5726,80.1731,offices
262527,29.4800,80.0400,offices
262528,29.3800,79.9750,offices
262529,29.4950,80.1765,offices
262530,29.5551,80.2103,offices
262531,29.7785,80.0484,offices
262532,29.7494,79.9306,offices
262533,29.8821,80.0716,offices
262534,29.7126,80.0435,offices
262540,29.6244,80.2669,offices
262541,29.7426,80.0958,offices
262542,29.6980,80.2084,offices
262543,29.7436,80.3340,offices
262544,29.8110,80.3617,offices
262545,30.0250,80.5690,offices
262546,30.1519,80.8570,offices
262547,29.9860,80.6450,offices
262550,29.7764,80.2828,offices
262551,29.7967,80.2055,offices
262552,29.8278,80.1407,offices
262553,30.0090,80.1431,offices
262554,30.0681,80.2940,offices
262555,29.9554,80.2727,offices
262561,29.4030,80.0901,offices
262572,29.9133,79.9366,offices
262576,29.8116,80.4308,offices
262580,29.4300,79.8700,offices
262701,27.9400,80.7700,offices
262702,27.8949,80.8073,offices
262721,27.8500,80.8450,offices
262722,27.8700,81.0900,offices
262723,27.9900,81.0900,offices
262724,28.1100,81.0300,offices
262725,27.8700,80.7500,offices
262726,28.0100,80.9300,offices
262727,27.8100,80.5000,offices
262728,27.9098,80.9300,offices
262801,28.2100,80.4450,offices
262802,28.0600,80.4300,offices
262803,28.2200,80.3300,offices
262804,27.9500,80.1700,offices
262805,27.9300,80.5100,offices
262901,28.2200,80.6000,offices
262902,28.4100,80.6300,offices
262903,28.2200,80.8600,offices
262904,28.5900,80.3800,offices
262905,28.3300,80.9200,offices
262906,28.4100,80.9400,offices
262907,28.1900,80.9900,offices
262908,28.5600,80.7100,offices
263001,29.3774,79.4463,offices
263126,29.2764,79.5464,offices
263127,29.3425,79.4828,offices
263128,29.3252,79.4592,offices
263132,29.3867,79.5883,offices
263134,29.5703,79.3924,offices
263135,29.5100,79.4800,offices
263136,29.3450,79.6100,offices
263137,29.4300,79.6100,offices
263138,29.5317,79.6547,offices
263139,29.2119,79.5185,offices
263140,29.3198,79.2370,offices
263141,29.2340,79.4790,offices
263142,29.1121,79.5237,offices
263145,29.0280,79.4472,offices
263148,28.8900,79.5195,offices
263149,29.0157,79.2905,offices
263150,29.0635,79.3311,offices
263151,29.0055,79.6551,offices
263152,29.0487,79.2590,offices
263153,28.9861,79.3855,offices
263156,29.3795,79.5416,offices
263157,29.2808,79.7689,offices
263158,29.4745,79.5800,offices
263159,29.3984,79.3005,offices
263160,29.0472,79.3583,offices
263601,29.5984,79.6615,offices
263619,29.7733,79.7764,offices
263620,29.8454,79.6004,offices
263621,29.7443,79.4652,offices
263622,29.4979,79.9556,offices
263623,29.4980,79.9535,offices
263624,29.5984,79.6615,offices
263625,29.4693,79.8451,offices
263626,30.1623,80.0262,offices
263628,29.7745,79.7732,offices
263629,29.8110,79.6139,offices
263630,29.7647,79.7519,offices
263631,29.8106,79.8283,offices
263632,30.1047,79.8528,offices
263633,29.9464,79.9030,offices
263634,29.9464,79.9030,offices
263635,29.8958,79.6193,offices
263636,29.7816,79.6039,offices
263637,29.7816,79.6039,offices
263638,29.7590,79.6145,offices
263639,29.8110,79.6039,offices
263640,29.8106,79.8283,offices
263641,29.8958,79.6193,offices
263642,29.8395,79.7764,offices
263643,29.6164,79.6243,offices
263645,29.6443,79.4322,offices
263646,29.6434,79.4322,offices
263651,29.6104,79.4507,offices
263652,29.6434,79.4322,offices
263653,29.6434,79.4322,offices
263655,29.7312,79.5954,offices
263656,29.8833,79.3500,offices
263658,29.8833,79.3500,offices
263659,29.6434,79.4322,offices
263660,29.6434,79.4322,offices
263661,29.8426,79.2129,offices
263663,29.6434,79.4322,offices
263664,29.6434,79.4322,offices
263665,29.7033,79.4413,offices
263667,29.6434,79.4322,offices
263676,29.5866,79.6055,offices
263678,29.5984,79.6615,offices
263679,29.9464,79.9030,offices
263680,29.6434,79.4322,offices
271001,27.1289,81.9433,offices
271002,27.1427,81.9903,offices
271003,27.1318,81.9433,offices
271122,27.2664,81.8985,offices
271123,27.0388,82.0017,offices
271124,26.9691,82.1176,offices
271125,27.1139,81.8722,offices
271126,27.1306,81.8072,offices
271129,26.9439,82.1605,offices
271201,27.4324,82.1850,offices
271202,27.2718,82.0591,offices
271203,27.6056,82.5887,offices
271204,27.3645,81.9545,offices
271205,27.5149,82.2890,offices
271206,27.5705,82.6727,offices
271207,27.6877,82.2002,offices
271208,27.5246,82.4130,offices
271209,27.3574,82.0688,offices
271210,27.5094,82.5373,offices
271215,27.5027,82.6461,offices
271301,27.0983,82.1418,offices
271302,27.0513,82.2325,offices
271303,26.8542,82.1046,offices
271304,26.8742,82.1502,offices
271305,26.9832,82.3710,offices
271306,27.1710,82.2823,offices
271307,27.1051,82.3856,offices
271308,27.0680,82.2339,offices
271309,26.8960,82.0450,offices
271310,27.0470,82.1109,offices
271311,27.0909,81.6274,offices
271312,27.0780,82.4969,offices
271313,26.9589,82.4884,offices
271319,26.8858,82.2021,offices
271401,26.9770,81.8948,offices
271402,26.9051,81.8650,offices
271403,26.8712,81.9760,offices
271502,27.1167,81.7295,offices
271503,27.2315,81.7794,offices
271504,27.0165,81.7812,offices
271601,27.1662,82.0868,offices
271602,27.1968,82.1554,offices
271603,27.2438,82.1751,offices
271604,27.2756,82.4486,offices
271607,27.3665,82.2999,offices
271609,27.2861,82.3400,offices
271801,27.5743,81.5961,offices
271802,27.5892,81.6020,offices
271803,27.7040,81.7117,offices
271804,27.6520,81.7859,offices
271805,27.4672,82.0086,offices
271806,27.4667,81.7486,offices
271821,27.5833,81.6000,offices
271824,27.5923,81.3963,offices
271825,27.5499,81.4547,offices
271830,27.8544,81.4142,offices
271831,27.7040,82.0365,offices
271835,27.5423,81.8190,offices
271840,27.7040,81.9303,offices
271841,27.8659,81.4967,offices
271845,27.5037,81.9480,offices
271851,27.8140,81.3146,offices
271855,28.0523,81.3329,offices
271861,27.5788,82.1523,offices
271865,27.8544,81.5215,offices
271870,27.4993,81.6842,offices
271871,27.4254,81.7742,offices
271872,27.3483,81.6648,offices
271875,27.8212,81.5308,offices
271881,27.8659,81.4967,offices
271882,27.7936,81.5037,offices
271901,27.1188,81.5427,offices
271902,27.3958,81.4728,offices
271903,27.5442,81.6494,offices
271904,27.1546,81.5267,offices
272001,26.7941,82.7263,offices
272002,26.9196,82.7359,offices
272123,26.8175,82.2253,offices
272124,26.8176,82.7633,offices
272125,26.8937,82.9443,offices
272126,26.9095,82.9249,offices
272127,27.7773,82.3158,offices
272128,26.7243,82.4389,offices
272129,26.7993,82.3181,offices
272130,26.7927,82.4702,offices
272131,26.7541,82.5817,offices
272148,26.9792,82.8579,offices
272150,26.9598,82.8161,offices
272151,27.0290,82.8036,offices
272152,27.0698,82.9624,offices
272153,27.1755,82.9300,offices
272154,27.0819,83.0655,offices
272155,26.7927,82.4702,offices
272161,26.1068,82.3647,offices
272162,26.0551,83.0169,offices
272163,26.9083,82.5715,offices
272164,26.6674,83.0039,offices
272165,26.5415,83.0079,offices
272171,26.6598,82.8221,offices
272172,26.6333,82.9907,offices
272173,26.7527,83.1340,offices
272175,26.7898,83.0760,offices
272176,27.0819,83.0655,offices
272177,26.8175,82.1889,offices
272178,26.8638,82.4144,offices
272181,26.8717,82.5130,offices
272182,26.8512,82.7261,offices
272189,27.1958,82.6482,offices
272190,26.9294,82.7146,offices
272191,27.1743,82.6532,offices
272192,27.3295,82.6945,offices
272193,27.2633,82.6504,offices
272194,26.8175,82.7633,offices
272195,26.9815,81.7608,offices
272199,26.8175,82.1858,offices
272201,27.2716,82.8114,offices
272202,27.3789,83.1087,offices
272203,27.3014,83.0948,offices
272204,27.3457,83.1241,offices
272205,27.3912,82.9597,offices
272206,27.3741,83.1525,offices
272207,27.2772,83.0849,offices
272208,27.1910,83.1241,offices
272270,26.9990,83.0421,offices
272271,26.9744,83.1997,offices
272301,26.6390,82.6832,offices
272302,26.7307,82.6806,offices
273001,26.7561,83.3732,offices
273002,26.7594,83.5060,offices
273003,26.7911,83.3867,offices
273004,26.7875,83.3800,offices
273005,26.7443,83.3584,offices
273006,26.7720,83.3858,offices
273007,26.8378,83.3389,offices
273008,26.7487,83.3911,offices
273009,26.7514,83.3816,offices
273010,26.7313,83.4332,offices
273011,26.7900,83.3823,offices
273012,26.7604,83.3805,offices
273013,26.8086,83.3902,offices
273014,26.7623,83.4005,offices
273015,26.7675,83.3395,offices
273016,26.7245,83.3767,offices
273017,26.7277,83.3854,offices
273151,27.0937,83.7365,offices
273152,26.8294,83.5294,offices
273155,27.1414,83.3856,offices
273157,27.1990,83.1967,offices
273158,27.0295,83.2742,offices
273161,27.1152,83.1792,offices
273162,27.2609,83.3992,offices
273163,27.1497,83.7598,offices
273164,27.4233,83.4200,offices
273165,26.9435,83.2994,offices
273201,26.6508,83.5856,offices
273202,26.6847,83.5463,offices
273203,26.5833,83.5856,offices
273207,27.2345,83.6595,offices
273209,26.7585,83.2131,offices
273211,26.4454,83.4744,offices
273212,26.6559,83.2519,offices
273213,26.5038,83.2011,offices
273301,26.9683,83.5921,offices
273302,27.0828,83.6248,offices
273303,27.1446,83.5622,offices
273304,27.3092,83.7256,offices
273305,27.4276,83.6907,offices
273306,26.8980,83.4886,offices
273308,27.4713,83.4657,offices
273309,27.3065,83.3316,offices
273310,26.9981,83.4662,offices
273311,27.3846,83.7757,offices
273312,27.2485,83.5725,offices
273401,26.6876,83.3717,offices
273402,26.2976,83.4730,offices
273403,26.5490,83.3389,offices
273404,26.7031,83.3829,offices
273405,26.7029,83.5148,offices
273406,26.6301,83.2961,offices
273407,26.4522,83.2586,offices
273408,26.3899,83.3742,offices
273409,26.3975,83.3038,offices
273411,26.4462,83.4443,offices
273412,26.7433,83.2761,offices
273413,26.5307,83.4036,offices
274001,26.2100,83.2600,offices
274149,26.7300,83.2900,offices
274182,26.3500,83.7700,offices
274201,26.7300,83.2900,offices
274202,27.6300,83.2900,offices
274203,26.7300,83.2900,offices
274204,26.7300,83.2900,offices
274205,27.1800,83.2900,offices
274206,26.7300,83.2900,offices
274207,26.7400,83.7400,offices
274208,26.7300,83.2900,offices
274301,26.7300,83.2900,offices
274302,27.2600,83.8600,offices
274303,26.7000,83.8000,offices
274304,26.7533,83.9775,offices
274305,26.9000,83.8500,offices
274306,26.7300,83.2900,offices
274307,26.7446,83.8860,offices
274308,26.7446,83.8860,offices
274309,26.7446,83.8860,offices
274401,26.7300,83.2900,offices
274402,26.7300,83.2900,offices
274403,26.2100,83.2600,offices
274404,26.5000,83.7700,offices
274405,26.6200,83.8900,offices
274406,26.7200,84.2300,offices
274407,26.7300,83.2900,offices
274408,26.6200,83.8900,offices
274409,26.6400,84.3200,offices
274501,26.3900,83.8300,offices
274502,26.2000,83.9600,offices
274505,26.2800,83.8900,offices
274506,26.2900,83.9500,offices
274508,26.1600,83.9600,offices
274509,26.2900,83.9200,offices
274601,26.2800,83.7200,offices
274602,26.1800,83.8700,offices
274603,26.4800,83.1600,offices
274604,26.2500,83.7800,offices
274701,26.2900,83.9200,offices
274702,26.5700,83.7700,offices
274703,26.7300,83.2900,offices
274704,26.5700,83.7700,offices
274705,26.1300,83.8700,offices
274801,26.6750,83.6050,offices
274802,28.7000,77.1000,offices
274806,26.7300,83.2900,offices
274807,25.6300,84.7100,offices
274808,26.2900,83.9200,offices
275101,25.9454,83.5552,offices
275102,25.9800,83.6300,offices
275103,25.9400,83.5500,offices
275105,25.9400,83.4700,offices
275201,25.5765,83.5732,offices
275202,25.8019,83.4235,offices
275203,25.7417,83.3714,offices
275204,25.6732,83.3034,offices
275205,25.6751,83.3775,offices
275301,25.8400,83.8500,offices
275302,26.1800,82.9100,offices
275303,26.2693,83.5084,offices
275304,26.1100,83.5400,offices
275305,25.8600,83.5200,offices
275306,26.5500,80.5900,offices
275307,25.2900,83.0800,offices
276001,26.0526,83.1774,offices
276121,26.2022,83.2301,offices
276122,19.2541,77.1025,offices
276123,12.1668,77.1066,offices
276124,26.1544,83.3597,offices
276125,12.1668,77.1066,offices
276126,25.8148,83.2920,offices
276127,25.5460,79.2160,offices
276128,12.1668,77.1066,offices
276129,26.0700,83.1800,offices
276131,26.0850,83.1900,offices
276135,12.1668,77.1066,offices
276136,26.2200,74.3652,offices
276137,12.1668,77.1066,offices
276138,25.3627,84.3205,offices
276139,24.4804,79.0925,offices
276140,12.1668,77.1066,offices
276141,19.1789,80.1017,offices
276142,12.1668,77.1066,offices
276143,25.9500,83.2300,offices
276201,12.1668,77.1066,offices
276202,12.1668,77.1066,offices
276203,12.1668,77.1066,offices
276204,12.1668,77.1066,offices
276205,12.1668,77.1066,offices
276206,26.0900,83.0000,offices
276207,12.1668,77.1066,offices
276208,12.1668,77.1066,offices
276288,26.0600,83.0600,offices
276301,12.1668,77.1066,offices
276302,12.1668,77.1066,offices
276303,12.1668,77.1066,offices
276304,26.0700,82.8700,offices
276305,26.0400,83.0500,offices
276306,24.1821,86.2869,offices
276402,25.9900,82.7600,offices
276403,19.0966,80.0083,offices
276404,26.0800,83.2900,offices
276405,26.0631,83.3779,offices
276406,26.0513,83.1735,offices
277001,25.7639,84.1454,offices
277121,25.8250,84.0150,offices
277123,25.8200,84.0200,offices
277124,25.8850,84.1130,offices
277201,25.7550,84.4450,offices
277202,25.8700,84.2100,offices
277203,25.8000,84.2028,offices
277204,25.7500,84.5300,offices
277205,25.7744,84.4140,offices
277207,25.9550,84.1616,offices
277208,25.7600,84.4700,offices
277209,25.7400,84.3800,offices
277210,25.8363,84.2600,offices
277211,25.8300,84.3100,offices
277213,25.9250,84.1700,offices
277214,25.7620,84.5600,offices
277216,25.7300,84.4800,offices
277219,25.9052,84.2600,offices
277301,25.8458,84.1210,offices
277302,25.9423,84.0900,offices
277303,26.0450,84.0500,offices
277304,25.8800,84.1100,offices
277401,25.7513,84.2301,offices
277402,25.7462,84.2975,offices
277403,25.7700,84.3500,offices
277501,25.6200,83.9700,offices
277502,25.7050,84.0200,offices
277503,25.7700,84.0463,offices
277504,25.6600,84.0000,offices
277506,25.7580,84.1100,offices
281001,27.4943,77.6900,offices
281003,27.5191,77.6733,offices
281004,27.4700,77.6900,offices
281005,27.4700,77.6900,offices
281006,27.4700,77.6900,offices
281104,27.4900,78.0100,offices
281121,27.4700,77.6900,offices
281122,27.4700,77.6900,offices
281123,27.4700,77.6900,offices
281201,27.4700,77.6900,offices
281202,27.4700,77.6900,offices
281203,27.4700,77.6900,offices
281204,27.4700,77.6900,offices
281205,27.4700,77.6900,offices
281206,27.4700,77.6900,offices
281301,27.4700,77.6900,offices
281302,27.4900,78.0100,offices
281303,27.4389,77.7197,offices
281305,27.4700,77.6900,offices
281306,27.6000,78.0500,offices
281307,27.4900,78.0100,offices
281308,27.4700,77.6900,offices
281401,27.4700,77.6900,offices
281403,27.4700,77.6900,offices
281404,27.4700,77.6900,offices
281405,27.4700,77.6900,offices
281406,27.4700,77.6900,offices
281501,27.4700,77.6900,offices
281502,27.4700,77.6900,offices
281504,27.4700,77.6900,offices
282001,27.1399,78.0000,offices
282002,27.1905,78.0000,offices
282003,27.1874,78.0123,offices
282004,27.1976,78.0148,offices
282005,27.2163,78.0083,offices
282006,27.1798,78.0552,offices
282007,27.2267,77.9219,offices
282008,27.1602,77.9824,offices
282009,27.1167,78.0049,offices
282010,27.0903,77.9989,offices
283101,27.1917,77.7305,offices
283102,27.0771,77.9065,offices
283103,24.6588,78.9547,offices
283104,26.8603,78.5906,offices
283105,27.1728,77.8796,offices
283110,27.0939,77.6543,offices
283111,27.0352,78.2462,offices
283112,26.9507,78.0438,offices
283113,26.0000,78.0000,offices
283114,26.8294,78.7412,offices
283115,26.8630,77.5849,offices
283119,27.0169,77.8284,offices
283121,26.9515,77.7985,offices
283122,27.1026,77.7853,offices
283123,26.8872,78.3736,offices
283124,26.9772,77.9453,offices
283125,27.0335,78.0980,offices
283126,27.3069,78.0334,offices
283130,24.3641,78.8623,offices
283135,24.2184,78.0684,offices
283136,24.2357,78.2358,offices
283141,24.0148,78.0148,offices
283142,24.4684,78.5287,offices
283145,24.2146,78.2972,offices
283151,24.2259,78.2737,offices
283152,24.1458,78.1548,offices
283201,27.3313,78.1728,offices
283202,27.2333,78.1621,offices
283203,24.5550,78.3515,offices
283204,24.6613,78.3496,offices
283205,27.1267,78.4802,offices
283206,27.5674,79.5971,offices
283207,24.6212,78.2444,offices
284001,25.4421,78.5768,offices
284002,25.4601,78.5781,offices
284003,25.4558,78.5546,offices
284120,25.4408,78.5766,offices
284121,25.5109,78.7133,offices
284122,24.8615,78.4232,offices
284123,24.6923,78.4201,offices
284124,24.5425,78.2010,offices
284125,24.6923,78.4201,offices
284126,25.0391,78.4323,offices
284127,25.4265,78.5999,offices
284128,25.4635,78.6185,offices
284135,25.3921,78.5553,offices
284136,25.0344,78.2304,offices
284201,25.3732,78.7510,offices
284202,25.6170,79.1707,offices
284203,25.5156,79.3184,offices
284204,25.2392,79.1399,offices
284205,25.2513,79.0617,offices
284206,25.4738,79.1141,offices
284301,25.5298,78.7674,offices
284302,25.7372,79.1407,offices
284303,25.7735,78.9560,offices
284304,25.8422,78.9034,offices
284305,25.3043,78.4454,offices
284306,25.8470,79.0568,offices
284401,24.6919,78.3675,offices
284402,24.6923,78.4201,offices
284403,24.4932,78.3131,offices
284404,24.2236,78.4808,offices
284405,24.5803,78.6878,offices
284406,24.4096,78.3171,offices
284419,25.4436,78.4688,offices
284501,25.2728,81.3156,offices
285001,26.0037,79.4518,offices
285121,26.2115,79.1684,offices
285122,25.8722,79.4317,offices
285123,26.1579,79.3337,offices
285124,26.4089,79.2355,offices
285125,26.3987,79.4451,offices
285126,26.2782,79.2063,offices
285127,26.3569,79.1314,offices
285128,26.2574,79.3832,offices
285129,26.3267,79.3251,offices
285130,26.3082,79.4044,offices
285201,25.8852,79.1971,offices
285202,26.0504,79.5885,offices
285203,26.0585,79.2514,offices
285204,26.1208,79.7232,offices
285205,26.0164,79.1467,offices
285206,26.1212,79.0351,offices
285223,25.8615,79.2761,offices
301001,27.5551,76.6024,offices
301018,27.4980,76.8456,offices
301019,28.2106,76.8594,offices
301020,27.9380,76.3608,offices
301021,27.4355,76.8622,offices
301022,27.3983,76.2783,offices
301023,27.6749,76.6123,offices
301024,27.5675,76.2979,offices
301025,27.6900,76.8866,offices
301026,27.5626,76.8029,offices
301027,27.2598,76.2189,offices
301028,27.6076,76.7077,offices
301030,27.4816,76.6846,offices
301035,27.2588,76.9470,offices
301401,27.9654,76.5748,offices
301402,27.6962,76.3550,offices
301403,27.9098,76.6399,offices
301404,27.7769,76.6331,offices
301405,27.8408,76.7625,offices
301406,27.3925,76.6480,offices
301407,27.8614,76.5286,offices
301408,27.2406,76.6247,offices
301409,27.1585,76.7033,offices
301410,27.1875,76.3843,offices
301411,27.9430,76.8231,offices
301412,27.8171,76.4478,offices
301413,27.2517,76.8118,offices
301414,27.3058,76.6344,offices
301415,27.1464,76.4968,offices
301416,27.5614,76.6122,offices
301427,27.9189,76.4418,offices
301604,27.4879,77.0155,offices
301701,27.8750,76.2825,offices
301702,28.0301,76.7283,offices
301703,28.0395,76.2700,offices
301704,28.1089,76.3782,offices
301705,28.0121,76.3782,offices
301706,28.0218,76.4556,offices
301707,28.0842,76.8328,offices
301708,28.0891,76.4425,offices
301709,27.9726,76.2725,offices
301713,27.9545,76.2024,offices
301714,27.9474,76.4319,offices
302001,26.9179,75.8084,offices
302002,26.9235,75.8257,offices
302003,26.9153,75.8367,offices
302004,26.9002,75.8250,offices
302005,26.9018,75.8006,offices
302006,26.9168,75.7878,offices
302012,27.0145,75.7168,offices
302013,26.9891,75.7885,offices
302015,26.8801,75.8009,offices
302016,26.9383,75.7966,offices
302017,26.8487,75.8222,offices
302018,26.8472,75.7933,offices
302019,26.9193,75.7196,offices
302020,26.8750,75.7603,offices
302021,26.9117,75.7400,offices
302022,26.7769,75.8386,offices
302026,26.8475,75.6982,offices
302027,26.9702,75.9427,offices
302028,27.0039,75.9100,offices
302029,26.8090,75.7665,offices
302031,26.8909,73.2474,offices
302033,26.8430,75.7633,offices
302034,26.9193,75.7196,offices
302037,26.9193,75.7196,offices
302038,27.0619,75.9206,offices
302039,26.9654,75.7728,offices
302041,26.9207,75.7484,offices
302042,26.8535,75.6364,offices
302044,26.9534,75.7027,offices
302046,26.9210,75.7942,offices
302047,26.8496,75.7635,offices
302048,27.0479,75.7566,offices
302049,26.9178,75.8034,offices
303001,27.3786,76.5497,offices
303002,27.1565,75.9596,offices
303003,27.4328,76.2371,offices
303004,26.7715,76.2595,offices
303005,26.3989,75.5813,offices
303006,26.5212,75.6752,offices
303007,26.8100,75.5421,offices
303008,26.6379,75.1418,offices
303009,26.7299,75.3729,offices
303012,26.8718,75.9901,offices
303102,26.2608,75.5131,offices
303103,26.8904,76.3333,offices
303104,26.9193,75.7196,offices
303105,27.2329,76.1128,offices
303106,27.5861,76.0740,offices
303107,27.6068,76.0885,offices
303108,27.7027,76.2034,offices
303109,27.0004,76.0813,offices
303110,27.1731,76.1510,offices
303119,27.5340,76.0421,offices
303120,26.7392,76.1236,offices
303121,26.9193,75.7196,offices
303122,26.9193,75.7196,offices
303123,26.7326,76.1523,offices
303124,26.9776,75.7639,offices
303301,26.5745,76.1274,offices
303302,26.0140,75.1010,offices
303303,26.8968,76.3109,offices
303304,26.9231,76.5228,offices
303305,23.6860,74.6653,offices
303313,27.0516,76.5784,offices
303315,27.1455,76.5104,offices
303323,18.7885,76.3519,offices
303325,26.9934,76.4266,offices
303326,26.7326,76.1523,offices
303327,26.9877,76.4572,offices
303328,26.9721,75.3777,offices
303329,26.9720,75.3807,offices
303338,26.8756,75.3580,offices
303348,26.7922,75.2065,offices
303501,26.8068,76.2896,offices
303502,26.8742,77.2922,offices
303503,26.5502,76.2962,offices
303504,27.3043,76.1789,offices
303505,27.0164,76.9384,offices
303506,26.7392,76.1236,offices
303507,26.7392,76.1236,offices
303508,26.0140,75.1010,offices
303509,26.9601,76.6846,offices
303510,26.7392,76.1236,offices
303511,26.6230,76.3739,offices
303601,27.3583,75.8333,offices
303602,26.0140,75.1010,offices
303603,27.1621,75.4589,offices
303604,26.0140,75.1010,offices
303701,27.0794,75.6295,offices
303702,26.7392,76.1236,offices
303704,27.0914,75.7553,offices
303706,26.9884,75.5757,offices
303712,26.7392,76.1236,offices
303801,27.2134,75.6051,offices
303803,27.3358,75.7066,offices
303804,26.7392,76.1236,offices
303805,27.1521,75.8085,offices
303806,27.2179,75.8126,offices
303807,26.7969,75.0728,offices
303901,26.5648,75.9058,offices
303903,26.6910,75.9413,offices
303904,26.6971,75.6756,offices
303905,26.7326,75.7715,offices
303908,26.6352,76.1001,offices
304001,26.1620,75.7895,offices
304021,26.3077,75.8592,offices
304022,26.4186,75.8555,offices
304023,25.9563,76.1276,offices
304024,25.9467,75.9891,offices
304025,26.3496,76.0896,offices
304026,25.8925,75.7895,offices
304501,26.3097,75.4498,offices
304502,26.2651,75.3172,offices
304503,26.3540,75.1784,offices
304504,26.3528,75.5468,offices
304505,26.0501,75.5568,offices
304507,26.3103,75.4914,offices
304801,26.3583,75.6732,offices
304802,25.9334,75.6127,offices
304803,25.8017,75.5131,offices
304804,25.7851,75.3937,offices
305001,26.4520,74.6370,offices
305002,26.4017,74.6658,offices
305003,26.4219,74.6273,offices
305004,26.4880,74.6194,offices
305005,26.4419,74.5756,offices
305006,26.4641,74.6087,offices
305007,26.4524,74.6555,offices
305009,26.5089,74.6756,offices
305012,26.3612,74.6470,offices
305021,26.6003,74.6105,offices
305022,26.4890,74.5533,offices
305023,26.5213,74.7403,offices
305024,26.4808,74.7054,offices
305025,26.4035,74.7747,offices
305026,26.5574,74.4667,offices
305201,26.2762,74.3498,offices
305202,26.2009,74.4323,offices
305203,26.2600,74.5600,offices
305204,26.3800,74.4200,offices
305205,26.3153,74.6371,offices
305206,26.3665,74.5438,offices
305207,26.3100,74.4450,offices
305401,26.2881,74.6825,offices
305402,26.2976,74.8062,offices
305403,26.0600,75.0100,offices
305404,25.9600,75.1500,offices
305405,25.9700,75.1500,offices
305406,26.0900,75.2200,offices
305407,25.7600,75.2300,offices
305408,26.0200,75.0200,offices
305412,26.3000,74.7300,offices
305415,26.0400,75.2800,offices
305601,26.3000,74.7300,offices
305621,26.0519,74.7700,offices
305622,26.0500,74.7700,offices
305623,26.0919,74.4730,offices
305624,25.9700,74.6639,offices
305625,25.9400,75.0000,offices
305627,26.3000,74.7300,offices
305628,26.0500,74.7850,offices
305629,25.9250,74.6850,offices
305630,26.0900,74.6100,offices
305631,26.0900,74.3710,offices
305801,26.5934,74.8763,offices
305802,26.5270,74.8566,offices
305811,26.6315,74.7425,offices
305812,26.6815,74.9552,offices
305813,26.4327,75.0782,offices
305814,26.8465,74.8836,offices
305815,26.6964,74.8068,offices
305816,26.6543,74.9669,offices
305817,26.6321,74.8714,offices
305819,26.1982,74.5316,offices
305901,26.1000,74.3247,offices
305921,25.7400,74.0950,offices
305922,25.9230,74.2120,offices
305923,25.8800,74.1700,offices
305924,25.9066,74.1320,offices
305925,26.0000,74.2875,offices
305926,25.7908,74.0500,offices
305927,26.0500,74.2350,offices
306001,25.7618,73.5991,offices
306021,25.6275,73.6367,offices
306022,25.4929,73.7502,offices
306023,25.6831,73.7812,offices
306101,26.0413,74.0237,offices
306102,26.0413,74.0237,offices
306103,25.8846,73.7489,offices
306104,26.0073,73.6060,offices
306105,26.0413,74.1009,offices
306114,25.9235,73.6662,offices
306115,25.2710,73.5654,offices
306116,25.2315,73.2382,offices
306119,25.5208,73.3476,offices
306126,25.5383,73.3881,offices
306301,26.3779,73.9685,offices
306302,26.2056,73.9283,offices
306303,26.2031,73.9364,offices
306304,26.0413,74.0237,offices
306305,26.1017,73.9542,offices
306306,25.9822,73.7925,offices
306307,26.0042,73.9226,offices
306308,26.2932,73.9364,offices
306401,25.7752,73.3234,offices
306421,25.9544,73.1333,offices
306422,25.6202,73.2955,offices
306501,25.7055,73.4393,offices
306502,25.2710,73.5654,offices
306503,25.5485,73.4796,offices
306504,24.8538,73.1663,offices
306601,25.3464,73.3564,offices
306602,25.5593,73.1313,offices
306603,25.2710,73.5654,offices
306604,25.4337,73.4924,offices
306701,25.1858,73.2931,offices
306702,25.2710,73.5654,offices
306703,25.2732,73.5654,offices
306704,25.2138,73.4145,offices
306705,25.2056,73.3586,offices
306706,25.1291,73.3076,offices
306707,25.1959,73.2911,offices
306708,25.2317,73.0908,offices
306709,25.1889,73.4268,offices
306901,25.2230,73.0276,offices
306902,25.1587,73.0954,offices
306912,25.1591,73.0908,offices
307001,24.8702,72.8058,offices
307019,24.7068,73.0187,offices
307022,24.7804,73.0066,offices
307023,24.6720,72.9040,offices
307024,24.5887,72.9636,offices
307025,24.4050,73.1400,offices
307026,24.4816,72.7680,offices
307027,25.1312,73.0662,offices
307028,25.0839,72.9682,offices
307029,25.5392,72.7840,offices
307030,25.3796,72.9403,offices
307031,24.8227,73.1558,offices
307032,24.5187,72.9000,offices
307043,25.0218,72.9121,offices
307501,24.6094,72.7230,offices
307510,24.5408,72.7927,offices
307511,24.6826,72.6480,offices
307512,24.7310,72.5486,offices
307513,24.6044,72.3607,offices
307514,24.5976,72.5064,offices
307515,24.8365,72.4303,offices
307801,25.0258,72.7715,offices
307802,24.8825,72.5974,offices
307803,25.0167,72.4782,offices
311001,25.3454,74.6338,offices
311011,25.3607,74.7483,offices
311021,25.8722,74.6038,offices
311022,25.8625,74.7072,offices
311023,25.8478,74.8098,offices
311024,25.6791,74.5714,offices
311025,25.2129,74.6872,offices
311026,25.5724,74.4573,offices
311030,25.7561,74.6838,offices
311201,25.6521,75.3445,offices
311202,25.5706,75.1563,offices
311203,25.5130,75.2777,offices
311204,25.8278,74.4270,offices
311301,25.7255,74.3083,offices
311302,25.8464,74.3220,offices
311401,25.5063,74.7121,offices
311402,25.3559,74.3816,offices
311403,25.4493,74.5237,offices
311404,25.6097,74.9094,offices
311407,25.7944,74.9637,offices
311408,25.5983,74.7702,offices
311601,25.2601,74.9852,offices
311602,25.1539,75.2786,offices
311603,25.4094,74.9276,offices
311604,25.1943,75.0996,offices
311605,25.4016,75.1647,offices
311606,25.2730,75.2879,offices
311801,25.2298,74.2750,offices
311802,25.2600,74.4879,offices
311803,25.4117,74.1236,offices
311804,25.5626,74.1552,offices
311805,25.3049,74.1585,offices
311806,25.1510,74.2195,offices
312001,24.8876,74.6225,offices
312021,24.9277,74.6231,offices
312022,25.0013,74.8032,offices
312023,25.0042,75.0440,offices
312024,24.6981,74.3353,offices
312025,24.8563,74.6203,offices
312027,24.6366,74.4145,offices
312201,24.8574,74.5141,offices
312202,24.8845,74.3217,offices
312203,25.0611,74.3883,offices
312204,24.8403,74.1997,offices
312205,24.7711,74.1926,offices
312206,25.1610,74.4936,offices
312207,24.9376,74.4791,offices
312401,24.3424,74.4102,offices
312402,24.5256,74.3060,offices
312403,24.3879,74.4885,offices
312404,24.4600,74.4071,offices
312601,24.6127,74.6957,offices
312602,24.6822,74.5068,offices
312603,24.5934,74.4555,offices
312604,24.3960,74.7227,offices
312605,23.9890,74.7954,offices
312606,24.6987,74.9042,offices
312612,24.7992,74.6387,offices
312613,24.7555,74.5598,offices
312614,24.5341,74.5647,offices
312615,23.8208,74.8423,offices
312616,24.1533,74.7420,offices
312617,25.1132,72.8190,offices
312619,23.6485,74.8332,offices
312620,24.7202,74.7007,offices
312622,24.7560,74.6063,offices
312623,24.6172,74.7439,offices
312624,23.8040,74.5979,offices
312625,24.0858,74.3661,offices
312626,23.9529,74.4350,offices
312627,25.1166,74.5915,offices
312628,24.0390,74.6586,offices
312629,23.9187,74.7088,offices
312901,25.0545,74.5903,offices
313001,24.5822,73.6983,offices
313002,24.5673,73.7263,offices
313003,24.5500,73.7900,offices
313004,24.5915,73.6919,offices
313011,24.6700,73.6400,offices
313022,24.6227,73.9000,offices
313024,24.5994,73.8200,offices
313026,24.0150,73.9050,offices
313027,24.1600,74.0400,offices
313031,24.5166,73.6200,offices
313038,24.0300,74.1056,offices
313201,24.7200,73.8479,offices
313202,24.7600,73.7499,offices
313203,24.7900,73.9800,offices
313204,24.8250,73.8699,offices
313205,24.7500,74.0950,offices
313206,24.8750,74.0500,offices
313207,25.0200,74.2100,offices
313211,24.9300,74.1000,offices
313301,24.9241,73.7950,offices
313321,25.0000,73.6300,offices
313322,24.9100,73.6900,offices
313323,24.9900,73.9100,offices
313324,25.0800,73.8300,offices
313325,25.0500,73.5500,offices
313327,25.1650,74.0300,offices
313328,25.0900,74.1100,offices
313329,25.0173,74.0550,offices
313330,25.2200,73.9950,offices
313331,25.5050,73.9850,offices
313332,25.3650,73.9150,offices
313333,25.2800,73.7400,offices
313334,25.1850,73.8250,offices
313341,25.6250,73.9450,offices
313342,25.0162,73.9100,offices
313601,24.6600,74.0300,offices
313602,24.5851,74.0300,offices
313603,24.5700,74.1700,offices
313604,24.3300,74.2502,offices
313701,24.2400,73.3800,offices
313702,24.3600,73.4900,offices
313703,24.3750,73.9400,offices
313704,24.9649,73.4203,offices
313705,24.7340,73.5250,offices
313706,24.3800,74.0700,offices
313708,24.7858,73.4049,offices
313801,24.2650,73.6650,offices
313802,24.0900,73.6894,offices
313803,24.0200,73.5700,offices
313804,23.9700,73.4500,offices
313805,24.0050,73.7600,offices
313806,24.0030,73.7581,offices
313901,24.3350,73.7580,offices
313902,24.1400,73.8300,offices
313903,24.0577,73.8573,offices
313904,24.2100,73.8200,offices
313905,24.2250,73.9050,offices
313906,24.5500,73.3600,offices
314001,23.8507,73.7066,offices
314011,23.9004,73.5923,offices
314021,23.9545,74.0870,offices
314022,23.8790,74.2267,offices
314023,23.8482,73.9873,offices
314024,23.7736,74.0096,offices
314025,23.6756,74.0234,offices
314026,23.5423,74.0080,offices
314027,23.6047,73.9484,offices
314028,23.8140,73.9183,offices
314029,23.7199,73.9331,offices
314030,23.4711,73.9213,offices
314031,23.6332,74.0671,offices
314032,23.7630,74.0872,offices
314034,23.9159,73.9154,offices
314035,23.5489,73.9720,offices
314036,23.8662,73.8171,offices
314037,23.7608,73.8125,offices
314038,23.8638,74.0742,offices
314401,23.6601,73.8829,offices
314402,23.6101,73.7743,offices
314403,23.5598,73.6908,offices
314404,23.6980,73.7225,offices
314406,23.5197,73.7892,offices
314801,23.7944,73.4946,offices
314804,23.8278,73.5962,offices
321001,27.2124,77.5100,offices
321021,27.2620,77.5260,offices
321022,27.6501,77.2319,offices
321023,27.7660,77.2348,offices
321024,27.5321,77.0881,offices
321025,27.2985,77.5275,offices
321026,27.2315,77.4150,offices
321028,27.0920,77.2870,offices
321201,27.3134,77.3353,offices
321202,27.3689,77.4243,offices
321203,27.4918,77.3177,offices
321204,27.6859,77.0529,offices
321205,27.4540,77.0696,offices
321206,27.3867,77.2434,offices
321301,27.0320,77.4640,offices
321302,27.0795,77.3783,offices
321303,27.1700,77.3810,offices
321401,26.9425,77.2933,offices
321402,26.9851,77.4369,offices
321403,26.9488,77.4963,offices
321404,27.0034,77.5936,offices
321405,26.8721,77.3898,offices
321406,27.0158,77.0478,offices
321407,27.1232,77.0464,offices
321408,27.0295,77.1859,offices
321409,26.9224,77.0766,offices
321410,26.9492,77.3516,offices
321411,26.8600,77.1861,offices
321601,27.1056,77.1672,offices
321602,27.2292,77.2118,offices
321605,27.3182,77.0764,offices
321606,27.2403,77.0161,offices
321607,27.3529,76.8765,offices
321608,27.0411,76.8980,offices
321609,27.1572,76.8521,offices
321610,26.9756,76.8274,offices
321611,26.9053,76.8634,offices
321612,27.0164,76.9384,offices
321613,26.7392,76.1236,offices
321614,27.2069,77.1298,offices
321615,27.1451,77.0153,offices
321633,27.3613,76.7558,offices
321642,27.1619,77.1885,offices
322001,26.0028,76.3319,offices
322021,25.9931,76.3851,offices
322023,26.3279,76.2060,offices
322024,26.2424,76.3175,offices
322025,26.0167,76.6805,offices
322026,25.8682,76.3821,offices
322027,26.1119,76.3645,offices
322028,26.2465,76.4662,offices
322029,26.1004,76.4968,offices
322030,26.3686,76.3377,offices
322033,26.2074,76.5835,offices
322034,26.1677,76.4476,offices
322201,26.4847,76.7279,offices
322202,26.4372,76.7510,offices
322203,26.3200,76.6662,offices
322204,26.6140,76.6987,offices
322205,26.6129,76.8428,offices
322211,26.5895,76.5758,offices
322212,26.5946,76.4324,offices
322213,26.7962,76.7033,offices
322214,26.4252,76.5315,offices
322215,26.7052,76.6327,offices
322216,26.7415,76.7588,offices
322218,26.2841,76.7712,offices
322219,26.5567,76.9096,offices
322220,26.6956,76.8992,offices
322230,26.7599,76.9960,offices
322234,26.6281,76.9931,offices
322236,26.7560,77.1269,offices
322238,26.7921,76.8299,offices
322240,26.7309,76.3270,offices
322241,26.5165,77.0133,offices
322242,26.6219,77.2118,offices
322243,26.2800,76.9206,offices
322249,26.4030,77.0737,offices
322251,26.3279,77.2363,offices
322252,26.7858,77.1828,offices
322254,26.8223,76.9729,offices
322255,26.4098,76.8566,offices
322701,26.1430,76.2837,offices
322702,26.0746,76.1389,offices
322703,26.1744,76.0846,offices
322704,26.2132,76.0562,offices
323001,25.4299,75.6391,offices
323021,25.2744,75.7489,offices
323022,25.0980,75.5357,offices
323023,25.5490,75.4989,offices
323024,25.5140,75.5582,offices
323025,26.1661,75.4806,offices
323026,25.9654,75.6395,offices
323301,25.4061,76.0131,offices
323303,24.7275,74.3231,offices
323304,24.9445,75.3500,offices
323305,24.8828,74.6225,offices
323307,24.8526,75.6098,offices
323601,25.2998,75.9352,offices
323602,25.3455,75.9173,offices
323603,25.5958,76.1892,offices
323613,26.8238,75.7401,offices
323614,25.8993,76.0761,offices
323615,26.1188,75.7189,offices
323616,25.7022,76.0392,offices
323801,25.7943,75.8708,offices
323802,25.6666,75.8836,offices
323803,25.5232,75.9627,offices
324001,25.2073,75.8603,offices
324002,25.2182,75.8889,offices
324003,25.1556,75.8711,offices
324004,25.1325,75.8942,offices
324005,25.1396,75.8547,offices
324006,25.1758,75.8400,offices
324007,25.1676,75.8533,offices
324008,25.2000,75.8289,offices
324009,24.6322,75.8904,offices
324010,24.9500,75.7900,offices
325001,25.0700,75.9808,offices
325003,24.9414,75.9300,offices
325004,25.5343,76.3850,offices
325009,25.7150,76.4400,offices
325201,25.2358,76.0500,offices
325202,25.1050,76.3000,offices
325203,25.1600,76.1100,offices
325204,25.3300,76.1850,offices
325205,25.0700,76.5250,offices
325206,25.2900,76.3500,offices
325207,24.9000,76.4300,offices
325208,25.1804,76.1953,offices
325209,25.1400,76.3633,offices
325214,25.4325,76.4505,offices
325215,25.3250,76.5550,offices
325216,25.1300,76.6900,offices
325217,25.1800,77.1500,offices
325218,24.8900,76.6200,offices
325219,24.7400,76.6650,offices
325220,24.6150,76.9400,offices
325221,24.5600,76.6800,offices
325222,25.2300,76.4950,offices
325223,24.8400,76.5350,offices
325224,25.0250,76.8350,offices
325601,24.9600,76.2400,offices
325602,24.8800,76.1246,offices
326001,24.6012,76.2576,offices
326021,24.4719,76.3350,offices
326022,24.2828,76.2351,offices
326023,24.5085,76.1667,offices
326033,24.3873,76.5776,offices
326034,24.1500,76.0300,offices
326035,24.5400,76.4400,offices
326036,24.3200,76.1250,offices
326037,24.2301,76.8014,offices
326038,24.7425,76.3768,offices
326039,24.2658,76.5189,offices
326501,24.5300,75.9800,offices
326502,24.4273,75.8975,offices
326512,24.2550,75.8150,offices
326513,24.2800,75.9557,offices
326514,23.9621,75.8092,offices
326515,23.8914,75.6003,offices
326516,23.9268,75.6745,offices
326517,24.7293,76.0100,offices
326518,24.7700,75.8800,offices
326519,24.6331,75.9750,offices
326520,24.7211,75.9300,offices
326529,24.6361,75.8752,offices
326530,24.6687,76.0469,offices
327001,23.5662,74.4965,offices
327021,23.7664,74.2651,offices
327022,23.6255,74.1614,offices
327023,23.7521,74.3866,offices
327024,23.5912,74.1755,offices
327025,23.6242,74.2781,offices
327026,23.6621,74.5053,offices
327027,23.8134,74.4685,offices
327031,23.3940,74.0711,offices
327032,23.4982,74.0741,offices
327034,23.5257,74.1915,offices
327601,23.2710,74.1798,offices
327602,23.2446,74.3023,offices
327603,23.4662,74.2972,offices
327604,23.4267,74.3719,offices
327605,23.7619,74.1739,offices
327606,23.3491,74.2928,offices
327801,23.1990,74.4674,offices
328001,26.7153,77.8962,offices
328021,26.6473,77.6117,offices
328022,26.7649,77.5394,offices
328023,26.8751,77.8110,offices
328024,26.8465,77.9195,offices
328025,26.8659,78.1315,offices
328026,26.5013,77.3576,offices
328027,26.8311,77.7183,offices
328028,26.5737,77.7975,offices
328029,26.7606,78.0534,offices
328030,26.7554,77.8161,offices
328031,26.6099,77.4716,offices
328041,26.7219,77.7003,offices
331001,28.3589,74.9951,offices
331021,28.2189,74.9531,offices
331022,28.1168,74.6474,offices
331023,28.7011,75.3820,offices
331024,28.1587,75.0072,offices
331025,28.2760,75.2935,offices
331026,28.3935,75.2210,offices
331027,28.2384,75.1538,offices
331028,28.3416,75.2720,offices
331029,28.4638,75.1395,offices
331031,28.4629,75.0640,offices
331301,28.5505,75.5684,offices
331302,28.8349,74.8535,offices
331303,28.4036,75.4141,offices
331304,28.6860,74.9866,offices
331305,28.4470,75.4953,offices
331402,28.3897,74.6020,offices
331403,28.4121,74.4269,offices
331411,28.6975,74.3708,offices
331501,27.8534,74.3025,offices
331502,27.8160,74.4365,offices
331503,27.8038,74.4086,offices
331504,28.3027,74.9671,offices
331505,28.2903,74.9614,offices
331506,27.7249,74.7243,offices
331507,27.6966,74.4680,offices
331517,27.7654,74.1656,offices
331518,28.2903,74.9614,offices
331701,28.8972,75.3271,offices
331801,28.2580,74.1063,offices
331802,28.0307,74.4394,offices
331803,28.0951,74.0078,offices
331811,28.0583,73.8205,offices
332001,27.6166,75.1230,offices
332002,27.5082,75.0100,offices
332003,27.6163,75.1524,offices
332021,27.5185,75.1503,offices
332023,27.4378,75.0549,offices
332024,27.6938,75.1848,offices
332025,27.3874,74.9326,offices
332026,27.6123,74.8017,offices
332027,27.6538,75.2684,offices
332028,27.5307,74.8449,offices
332029,27.6535,74.7418,offices
332030,27.4650,74.8609,offices
332031,27.7874,75.1925,offices
332041,27.6313,74.9998,offices
332042,27.5685,75.0063,offices
332301,27.9466,74.9569,offices
332302,28.1114,74.8628,offices
332303,27.9710,75.1262,offices
332304,28.0123,74.8196,offices
332305,28.0397,75.0790,offices
332307,28.1096,75.0847,offices
332311,27.8485,74.9969,offices
332312,27.7335,74.8917,offices
332315,27.7211,75.0691,offices
332316,27.8381,75.1863,offices
332317,27.8294,74.9017,offices
332318,27.7613,74.8145,offices
332401,27.9019,75.1158,offices
332402,27.4863,75.3835,offices
332403,27.5294,75.2581,offices
332404,27.3674,75.5309,offices
332405,27.5752,75.3383,offices
332406,27.4327,75.1870,offices
332411,27.4394,75.4709,offices
332601,27.3197,75.3164,offices
332602,27.3817,75.4057,offices
332603,27.3655,75.6233,offices
332701,27.4374,75.8542,offices
332702,27.3114,75.1866,offices
332703,27.2306,75.2152,offices
332705,27.6425,75.8941,offices
332706,27.6516,75.6383,offices
332707,27.4875,75.8573,offices
332708,27.5865,75.6688,offices
332709,27.6037,75.5211,offices
332710,27.2130,75.2829,offices
332711,27.8338,75.8470,offices
332712,27.4294,75.7117,offices
332713,27.7575,75.8011,offices
332714,27.6358,75.7253,offices
332715,27.4838,75.6063,offices
332716,27.8379,75.7094,offices
332718,27.8014,75.9726,offices
332719,27.5323,75.7465,offices
332721,27.5984,75.4228,offices
332722,27.5101,75.5261,offices
332742,27.1634,75.2027,offices
332746,28.0450,75.9609,offices
333001,28.1150,75.4015,offices
333010,28.1723,75.2346,offices
333011,28.2065,75.3358,offices
333012,27.9249,75.5439,offices
333020,28.0009,75.6497,offices
333021,28.0015,75.4751,offices
333022,27.8462,75.5104,offices
333023,28.2004,75.4722,offices
333024,28.1318,75.5286,offices
333025,28.2920,75.4402,offices
333026,28.2396,75.6567,offices
333027,28.1762,75.6529,offices
333028,28.0968,75.5909,offices
333029,28.3115,75.7562,offices
333030,28.3456,75.6821,offices
333031,28.4142,75.6396,offices
333032,27.8564,75.4367,offices
333033,28.3216,75.8601,offices
333034,28.2610,75.9586,offices
333035,28.3020,75.6015,offices
333036,27.9896,75.9171,offices
333041,28.0653,75.3032,offices
333042,27.8616,75.3004,offices
333053,27.8490,75.6296,offices
333055,27.8686,75.6613,offices
333302,27.7371,75.5946,offices
333303,27.7327,75.4026,offices
333304,27.8001,75.3238,offices
333305,27.9247,75.4149,offices
333307,27.7291,75.4587,offices
333308,27.7962,75.3891,offices
333501,27.8912,75.7587,offices
333502,28.2074,75.8651,offices
333503,27.9952,75.8131,offices
333504,28.0708,75.8255,offices
333514,28.0489,75.7157,offices
333515,28.1802,75.9898,offices
333516,28.1165,75.8477,offices
333517,28.1565,75.7457,offices
333701,27.9796,75.1911,offices
333702,27.9026,75.2276,offices
333704,28.0697,75.1865,offices
333705,27.9479,75.2507,offices
333707,27.9723,75.3353,offices
333801,27.7484,75.6764,offices
334001,28.0167,73.3119,offices
334002,28.0208,73.3158,offices
334003,28.0208,73.3158,offices
334004,28.0255,73.3022,offices
334006,28.0877,73.1870,offices
334021,28.6298,73.2647,offices
334022,28.0604,73.4195,offices
334023,28.7715,72.6757,offices
334024,28.0155,73.0287,offices
334025,27.6392,73.8058,offices
334201,27.9263,73.5116,offices
334202,27.9317,73.6639,offices
334302,27.8216,72.9300,offices
334303,27.7150,72.7145,offices
334305,28.1000,72.4635,offices
334401,27.9831,73.2986,offices
334402,27.8432,73.2617,offices
334403,27.9742,73.2986,offices
334601,28.3611,73.4689,offices
334602,28.3429,73.9047,offices
334603,28.5383,73.7124,offices
334604,28.8314,73.9006,offices
334801,27.7153,73.3752,offices
334802,27.6542,73.6875,offices
334803,27.5597,73.4062,offices
334804,27.7934,73.0494,offices
334808,28.4555,72.7566,offices
335001,29.9315,73.8498,offices
335002,29.8411,73.8797,offices
335021,29.5064,73.3147,offices
335022,29.8245,73.7331,offices
335024,29.6692,73.4413,offices
335025,29.7255,73.9058,offices
335027,29.9296,73.6100,offices
335037,29.7742,74.2100,offices
335038,29.9358,73.7125,offices
335039,29.5177,73.5750,offices
335040,29.7802,73.5620,offices
335041,29.6891,73.6455,offices
335042,29.6500,73.7833,offices
335051,29.4801,73.4548,offices
335061,28.0414,72.4264,offices
335062,29.9113,74.1585,offices
335063,29.7974,74.4409,offices
335064,29.7731,74.2411,offices
335065,29.6230,74.4042,offices
335073,29.8683,73.4570,offices
335501,29.0641,75.1831,offices
335502,28.9940,75.0611,offices
335503,29.0768,75.3647,offices
335504,29.1830,74.9953,offices
335511,29.1854,75.2696,offices
335512,29.6244,74.3001,offices
335513,29.5690,74.3575,offices
335521,29.0672,74.3233,offices
335522,28.9307,74.2096,offices
335523,29.1760,74.7300,offices
335524,29.2730,74.4024,offices
335525,29.5150,74.5889,offices
335526,29.5564,74.5040,offices
335701,29.1918,73.2050,offices
335702,29.3099,73.6808,offices
335703,29.0727,73.1153,offices
335704,29.2114,73.6154,offices
335707,29.9035,73.8797,offices
335708,28.8384,72.8868,offices
335711,29.9035,73.8797,offices
335801,29.4955,74.1952,offices
335802,29.6167,74.0550,offices
335803,29.4853,74.0739,offices
335804,29.3295,73.8753,offices
335805,29.1751,74.0606,offices
335901,30.1081,73.8944,offices
341001,27.2166,73.6713,offices
341002,27.3963,73.7504,offices
341003,27.3255,73.5766,offices
341020,27.1488,73.2279,offices
341021,27.1659,73.6229,offices
341022,27.3834,73.9918,offices
341023,27.2527,74.1965,offices
341024,27.1997,73.7297,offices
341025,27.0106,73.7673,offices
341026,27.0579,73.8240,offices
341027,27.1900,73.9281,offices
341028,26.9114,73.8425,offices
341029,27.5407,73.6660,offices
341030,27.1414,74.1262,offices
341031,26.6344,74.3028,offices
341301,27.6390,73.9915,offices
341302,26.2575,73.7538,offices
341303,27.4235,74.5756,offices
341304,27.6500,74.4701,offices
341305,27.3553,74.4335,offices
341306,27.6442,74.3996,offices
341307,27.4195,74.5756,offices
341309,27.3995,74.6018,offices
341316,27.4936,74.4000,offices
341317,27.3744,74.3294,offices
341318,27.2664,74.4845,offices
341319,27.1861,74.5059,offices
341501,26.8893,74.5112,offices
341502,27.0422,74.6642,offices
341503,26.8893,74.3296,offices
341504,26.9784,74.4547,offices
341505,27.0375,74.7242,offices
341506,27.2820,74.6525,offices
341507,27.1253,75.1245,offices
341508,27.1594,74.8694,offices
341509,27.0775,75.0816,offices
341510,26.6410,74.0262,offices
341511,26.7360,73.9155,offices
341512,26.8206,74.6679,offices
341513,26.5076,74.1892,offices
341514,26.7833,74.0833,offices
341515,26.7030,74.5419,offices
341516,27.3321,74.8684,offices
341517,27.6500,74.4000,offices
341518,26.4701,74.0614,offices
341519,27.2454,75.0120,offices
341520,26.9706,74.5597,offices
341521,26.7937,74.2648,offices
341533,27.0487,74.9148,offices
341551,27.3995,74.7556,offices
342001,26.2903,73.0185,offices
342002,26.2730,73.0204,offices
342003,26.2717,73.0036,offices
342005,26.2285,73.0149,offices
342006,26.2983,73.0399,offices
342007,26.3211,73.0474,offices
342008,26.2582,72.9785,offices
342011,26.2667,73.0359,offices
342012,26.1910,72.9354,offices
342013,26.1787,73.0041,offices
342014,26.2390,72.9772,offices
342015,26.3254,73.1485,offices
342016,26.2150,73.0482,offices
342017,26.2629,72.9655,offices
342021,26.6001,72.2778,offices
342022,26.3474,72.3271,offices
342023,27.3199,72.6504,offices
342024,26.2390,73.0243,offices
342025,26.5992,72.2668,offices
342026,26.3319,73.0425,offices
342027,26.3316,73.1485,offices
342028,26.4355,72.3449,offices
342029,26.7000,73.2824,offices
342030,26.4667,73.1152,offices
342032,26.6878,72.6980,offices
342037,26.6951,73.2437,offices
342301,27.1236,72.3769,offices
342302,27.0493,72.5615,offices
342303,26.7260,72.9100,offices
342304,26.3517,73.0479,offices
342305,26.5362,72.9665,offices
342306,26.3379,73.0305,offices
342307,27.3713,72.3534,offices
342308,27.1344,72.4146,offices
342309,26.8497,72.4362,offices
342310,27.5636,72.2552,offices
342311,27.1988,72.8482,offices
342312,27.1401,73.0534,offices
342314,26.7849,72.2200,offices
342601,26.3829,73.5440,offices
342602,26.1808,73.7060,offices
342603,26.6459,73.4930,offices
342604,26.4830,73.7897,offices
342605,26.1844,73.4994,offices
342606,26.3568,73.4248,offices
342801,26.3285,73.0803,offices
342802,27.5381,72.8108,offices
342901,26.7928,73.5200,offices
342902,26.6863,73.7230,offices
343001,25.3080,72.6196,offices
343002,25.3138,72.6373,offices
343021,25.3868,72.4164,offices
343022,25.3134,72.2021,offices
343023,25.2249,72.3109,offices
343024,25.1393,72.6817,offices
343025,25.1986,72.5382,offices
343027,24.8170,71.4552,offices
343028,25.1817,72.4347,offices
343029,25.0129,72.3239,offices
343030,25.0903,72.1120,offices
343032,25.2184,72.0202,offices
343039,24.7752,72.2875,offices
343040,24.7676,72.0972,offices
343041,24.8575,71.7561,offices
343042,25.4820,72.5819,offices
343048,24.6643,72.2435,offices
343049,24.8892,72.2615,offices
344001,25.7401,71.4037,offices
344011,25.8389,71.3268,offices
344012,25.5253,71.2776,offices
344021,25.8178,72.5767,offices
344022,25.8309,72.2401,offices
344024,25.8194,72.2156,offices
344025,25.7685,72.1118,offices
344026,26.0224,72.5781,offices
344027,25.8216,72.4332,offices
344031,25.2481,71.7627,offices
344032,25.9241,72.2608,offices
344033,25.5682,71.9565,offices
344034,25.8934,71.8192,offices
344035,25.9048,71.5343,offices
344037,26.2477,71.8157,offices
344043,25.5060,72.4615,offices
344044,25.6515,72.4232,offices
344501,25.9348,70.5248,offices
344502,25.7036,70.9042,offices
344701,26.1897,71.3245,offices
344702,25.4804,71.0348,offices
344703,25.6654,71.6715,offices
344704,25.1576,71.3936,offices
344705,26.2374,71.2130,offices
344706,24.9852,71.0735,offices
344708,25.4926,71.4141,offices
344801,25.5162,72.1995,offices
344802,26.0492,72.0653,offices
345001,26.9158,70.9083,offices
345021,26.9158,70.9083,offices
345022,27.3692,70.4987,offices
345023,27.0950,71.8740,offices
345024,26.6380,71.8784,offices
345025,26.4906,71.8216,offices
345026,26.7316,71.5851,offices
345027,26.4961,71.2042,offices
345028,27.5652,71.4847,offices
345031,27.0358,71.5172,offices
345033,27.2821,71.2338,offices
345034,26.6147,70.7098,offices
360001,22.3026,70.7993,offices
360002,22.2834,70.8032,offices
360003,22.4036,70.8074,offices
360004,22.2484,70.7610,offices
360005,22.2711,70.7452,offices
360006,22.3277,70.7630,offices
360007,22.2995,70.7754,offices
360008,22.2985,70.8000,offices
360020,22.2097,70.9209,offices
360021,22.2785,70.5595,offices
360022,22.1930,70.8006,offices
360023,22.1935,70.5912,offices
360024,22.1750,70.7964,offices
360025,22.1439,71.0057,offices
360026,22.1557,70.7707,offices
360028,22.3516,70.8029,offices
360030,22.0456,70.8657,offices
360035,22.1352,70.6349,offices
360040,21.9764,71.1342,offices
360045,21.8369,71.0263,offices
360050,22.0750,71.2696,offices
360055,22.1749,71.3726,offices
360060,22.0747,71.0976,offices
360070,22.0790,70.6330,offices
360110,22.4294,70.5735,offices
360311,21.9661,70.7815,offices
360320,22.1777,70.4016,offices
360325,22.2987,70.7998,offices
360330,21.8820,70.8758,offices
360360,21.6785,70.5498,offices
360370,21.7420,70.6167,offices
360375,21.7791,70.6042,offices
360380,21.8282,70.6934,offices
360405,21.9156,70.4961,offices
360410,21.7390,70.4402,offices
360421,21.6860,70.3706,offices
360430,21.6377,70.2769,offices
360440,21.7821,70.3544,offices
360450,21.9809,70.5612,offices
360452,21.9856,70.3740,offices
360460,21.7803,70.0999,offices
360465,21.8096,70.9688,offices
360470,22.1049,71.0082,offices
360480,21.9301,70.1984,offices
360485,21.7471,70.7559,offices
360490,21.7410,70.2504,offices
360510,21.9400,69.7300,offices
360515,22.0200,69.8800,offices
360520,22.0300,70.1300,offices
360530,21.9010,69.9900,offices
360531,21.8400,69.8600,offices
360540,22.0900,70.5100,offices
360545,21.7488,69.6835,offices
360550,21.6913,69.7524,offices
360570,21.6483,69.8747,offices
360575,21.6401,69.6082,offices
360576,21.5165,69.8061,offices
360577,21.6669,69.6814,offices
360578,21.6279,69.6344,offices
360579,21.7342,69.5567,offices
360590,21.8524,69.5812,offices
361001,22.4700,70.0655,offices
361002,22.4856,70.1354,offices
361003,22.4856,70.1354,offices
361004,22.4552,70.0462,offices
361005,22.4618,70.0648,offices
361006,22.4300,69.9900,offices
361007,22.4800,70.0900,offices
361008,22.4800,70.0628,offices
361009,22.4935,70.0472,offices
361010,22.3450,69.7100,offices
361011,22.6100,70.2900,offices
361012,22.3250,70.0718,offices
361013,22.2700,70.2450,offices
361110,22.4300,70.2400,offices
361120,22.4928,70.1550,offices
361130,22.4000,70.3300,offices
361140,22.3900,69.8600,offices
361142,22.4856,70.1354,offices
361150,22.5297,70.0442,offices
361160,22.1400,70.3100,offices
361162,22.2300,70.4600,offices
361170,22.2100,69.9800,offices
361210,22.5500,70.4193,offices
361220,22.6900,70.5400,offices
361230,22.5904,70.1748,offices
361240,22.7350,70.4483,offices
361250,22.6600,70.3400,offices
361280,22.2850,69.8562,offices
361305,22.2026,69.5500,offices
361306,22.0750,69.5900,offices
361310,22.2800,69.5500,offices
361315,22.1200,69.3000,offices
361320,22.0100,69.4100,offices
361325,21.9500,69.5000,offices
361330,22.3894,69.2399,offices
361335,22.2650,69.0700,offices
361345,22.3850,69.0200,offices
361347,22.3834,69.0584,offices
361350,22.4749,69.0731,offices
362001,21.5147,70.4591,offices
362002,21.5395,70.3938,offices
362011,21.6166,70.4059,offices
362015,21.4735,70.4477,offices
362020,21.5574,70.7686,offices
362030,21.5882,70.6468,offices
362037,21.5500,70.4500,offices
362110,21.4438,70.6376,offices
362120,21.3444,70.6397,offices
362130,21.3358,70.7634,offices
362135,21.1686,70.5710,offices
362140,21.0075,70.6628,offices
362150,21.0410,70.5280,offices
362205,21.4610,70.3962,offices
362215,21.3673,70.3517,offices
362220,21.3082,70.1678,offices
362222,21.3907,70.2333,offices
362225,21.1446,70.1303,offices
362226,21.1895,70.0734,offices
362227,21.2299,70.2548,offices
362230,21.3160,69.9603,offices
362240,21.2214,70.0362,offices
362245,21.1624,70.3329,offices
362250,21.0629,70.2240,offices
362255,21.0194,70.3347,offices
362260,21.3116,70.4463,offices
362263,21.3974,70.5185,offices
362265,20.9310,70.3597,offices
362268,20.9039,70.5338,offices
362269,20.9824,70.4178,offices
362275,20.8222,70.5703,offices
362310,21.6055,70.4965,offices
362315,21.6400,70.5305,offices
362510,20.7551,71.0460,offices
362520,20.7139,70.9758,offices
362530,20.9270,70.9492,offices
362540,20.7291,70.9909,offices
362550,20.8256,71.1558,offices
362560,20.8455,71.0308,offices
362565,20.9423,71.0840,offices
362570,20.7233,70.8961,offices
362610,21.4780,70.2701,offices
362620,21.5115,70.0104,offices
362625,21.4266,70.0992,offices
362630,21.4958,70.1706,offices
362640,21.5899,70.2019,offices
362650,21.6201,69.9703,offices
362710,20.9017,70.7302,offices
362715,20.8310,70.6862,offices
362720,20.8190,70.7710,offices
363001,22.7294,71.6340,offices
363020,22.6812,71.6130,offices
363030,22.7209,71.6996,offices
363040,22.7982,71.5463,offices
363110,22.8891,71.6942,offices
363115,22.9628,71.9257,offices
363310,23.0017,71.4682,offices
363320,22.8912,71.6039,offices
363330,22.9773,71.1606,offices
363351,23.0302,71.0857,offices
363410,22.4392,71.6669,offices
363421,22.5729,71.8372,offices
363423,22.5391,72.0652,offices
363427,22.7249,71.8572,offices
363430,22.5138,71.4650,offices
363435,22.5824,71.5684,offices
363440,22.3619,71.4135,offices
363510,22.6979,71.4185,offices
363520,22.3528,71.1851,offices
363530,22.6145,71.2105,offices
363621,22.5999,70.9804,offices
363623,22.3135,70.7882,offices
363630,23.0150,70.8739,offices
363641,23.0842,70.3960,offices
363642,22.8883,70.8625,offices
363643,22.7873,70.8023,offices
363650,22.5746,70.6868,offices
363655,22.8300,70.5400,offices
363660,22.9786,70.5856,offices
363670,23.0615,70.7149,offices
363745,23.0619,71.7697,offices
363750,23.3871,71.8621,offices
363755,23.3969,71.6718,offices
363760,22.9775,71.6610,offices
363765,23.2092,71.8227,offices
363775,22.8705,71.8318,offices
363780,23.4593,71.6784,offices
364001,21.7728,72.1467,offices
364002,21.7360,72.1584,offices
364003,21.7663,72.1179,offices
364004,21.7695,72.1121,offices
364005,21.7608,72.1904,offices
364006,21.7790,72.1345,offices
364050,21.5940,72.1530,offices
364060,21.7266,72.0641,offices
364070,21.6059,72.2460,offices
364081,21.4126,72.1698,offices
364110,21.6689,72.2312,offices
364120,21.4887,72.1556,offices
364130,21.1828,71.9512,offices
364135,21.1964,72.0482,offices
364140,21.3425,72.0235,offices
364145,21.3271,71.8623,offices
364150,21.4256,72.0745,offices
364210,21.7136,71.8384,offices
364230,21.7175,71.7088,offices
364240,21.6925,71.9356,offices
364250,21.7006,71.8896,offices
364260,21.5994,71.9738,offices
364265,21.5049,71.7203,offices
364270,21.5366,71.8157,offices
364275,21.5958,71.6453,offices
364280,21.2099,71.6297,offices
364290,21.1079,71.7298,offices
364295,21.2300,71.8422,offices
364310,21.9735,71.8838,offices
364313,22.0056,71.9839,offices
364320,21.8559,71.7213,offices
364330,21.8611,71.8064,offices
364505,21.5029,71.5764,offices
364510,21.3844,71.6921,offices
364515,21.3603,71.3089,offices
364521,21.4448,71.3487,offices
364522,21.2207,71.3525,offices
364525,21.3883,71.5390,offices
364530,21.1940,71.4675,offices
364710,22.1229,71.6817,offices
364720,22.2744,71.5387,offices
364730,21.8718,71.4947,offices
364740,21.7966,71.6051,offices
364750,21.9683,71.5380,offices
364760,22.0217,71.7420,offices
364765,22.0234,71.6286,offices
365220,21.6595,71.5123,offices
365410,21.8431,71.1604,offices
365421,21.9175,71.3015,offices
365430,21.6738,71.3127,offices
365435,21.7677,71.3907,offices
365440,21.4829,70.9435,offices
365450,21.6887,70.9856,offices
365455,21.6551,71.1353,offices
365456,21.5700,70.9458,offices
365460,21.7588,71.1174,offices
365480,21.6884,70.8298,offices
365535,21.5347,71.4080,offices
365540,20.8721,71.4077,offices
365541,21.1672,71.2930,offices
365550,21.0093,71.2230,offices
365555,21.0577,71.5707,offices
365560,21.0392,71.4535,offices
365601,21.6081,71.2270,offices
365610,21.5204,71.1135,offices
365620,21.7056,71.1864,offices
365630,21.4215,71.1624,offices
365635,21.2686,71.2718,offices
365640,21.2840,71.0062,offices
365645,21.3761,70.9051,offices
365650,21.1046,71.2187,offices
365730,20.9240,71.2488,offices
370001,23.3987,69.7063,offices
370015,23.2255,69.6697,offices
370020,23.2563,69.8731,offices
370030,23.2098,69.3764,offices
370040,23.2164,69.6036,offices
370105,23.2096,69.7921,offices
370110,23.1077,69.9880,offices
370115,23.2992,70.0310,offices
370130,23.0535,69.8659,offices
370135,23.4375,70.4610,offices
370140,23.3619,70.3316,offices
370145,23.3848,70.7347,offices
370150,23.2458,70.5384,offices
370155,23.5465,70.8715,offices
370160,23.3759,70.2508,offices
370165,23.6057,70.6445,offices
370201,23.0941,70.1649,offices
370203,23.2198,69.7785,offices
370205,23.0478,70.0769,offices
370210,23.2469,69.6732,offices
370230,23.2469,69.6732,offices
370405,22.8770,69.6118,offices
370410,22.9296,69.8145,offices
370415,22.9032,69.6935,offices
370421,22.8378,69.7134,offices
370425,22.9906,69.7011,offices
370427,23.1133,69.6414,offices
370430,23.0797,69.5883,offices
370435,22.8845,69.5347,offices
370445,23.1010,69.3723,offices
370450,23.0093,69.1458,offices
370455,22.8364,69.4792,offices
370460,22.9012,69.4099,offices
370465,22.8706,69.3459,offices
370475,22.8984,69.1794,offices
370485,23.0209,69.4857,offices
370490,23.0551,69.0234,offices
370510,23.8271,69.7357,offices
370601,23.6804,68.6611,offices
370605,23.5194,69.1360,offices
370610,23.2328,69.3978,offices
370615,23.1692,69.6844,offices
370620,23.3943,69.0239,offices
370625,23.5410,68.9957,offices
370627,23.7201,68.8709,offices
370630,23.5972,68.8966,offices
370641,23.1715,68.7716,offices
370645,23.1464,68.8979,offices
370650,23.2315,69.0939,offices
370655,23.4136,68.7606,offices
370660,23.3155,68.9331,offices
370665,23.4446,69.3235,offices
370670,23.3893,69.1213,offices
370675,23.3198,69.3131,offices
380001,23.0243,72.5875,offices
380002,23.0280,72.5988,offices
380003,23.0400,72.5900,offices
380004,23.0471,72.5904,offices
380005,23.1027,72.5899,offices
380006,23.0185,72.5698,offices
380007,23.0074,72.5602,offices
380008,22.9989,72.6144,offices
380009,23.0375,72.5668,offices
380010,23.0185,72.5698,offices
380011,22.9989,72.6011,offices
380012,23.0522,72.5552,offices
380013,23.0522,72.5556,offices
380014,23.0389,72.5688,offices
380015,23.0277,72.5347,offices
380016,23.0497,72.6070,offices
380018,23.0259,72.6247,offices
380019,23.1012,72.5752,offices
380021,23.0134,72.6119,offices
380022,23.0104,72.5868,offices
380023,23.0164,72.6263,offices
380024,23.0297,72.6256,offices
380026,23.0017,72.6455,offices
380027,23.0633,72.5818,offices
380028,22.9977,72.5924,offices
380049,23.0338,72.6623,offices
380050,22.9851,72.6112,offices
380051,23.0048,72.5209,offices
380052,23.0451,72.5317,offices
380054,23.0441,72.5221,offices
380055,22.9954,72.5282,offices
380057,23.0208,72.4739,offices
380058,23.0314,72.4512,offices
380059,23.0522,72.4903,offices
380060,23.0979,72.5147,offices
380061,23.0686,72.5431,offices
380063,23.0322,72.5785,offices
382006,23.2113,72.6352,offices
382007,23.2096,72.6538,offices
382010,23.2203,72.6570,offices
382016,23.2300,72.6479,offices
382021,23.2343,72.6660,offices
382028,23.2584,72.6332,offices
382030,23.2271,72.6591,offices
382041,23.2512,72.6738,offices
382042,22.9813,72.5517,offices
382045,23.2494,72.7025,offices
382050,23.1655,72.6797,offices
382055,23.1241,72.4112,offices
382110,22.9200,72.2400,offices
382115,23.0091,72.2717,offices
382120,23.3478,72.1500,offices
382122,23.2579,72.4729,offices
382130,23.3600,71.9700,offices
382140,23.2800,72.1300,offices
382145,23.4100,72.2450,offices
382150,23.1107,72.0512,offices
382170,23.0300,72.2500,offices
382210,22.9701,72.4780,offices
382213,22.9400,72.4389,offices
382220,22.8294,72.3300,offices
382225,22.6900,72.4100,offices
382230,22.5700,72.2600,offices
382240,22.7100,72.2700,offices
382245,22.3600,71.7800,offices
382250,22.7200,72.3400,offices
382255,22.4700,72.3300,offices
382260,22.8150,72.4700,offices
382265,22.6150,72.4412,offices
382305,23.0000,72.5100,offices
382308,23.1100,72.9100,offices
382315,23.2300,72.9000,offices
382320,23.3299,72.7352,offices
382321,23.3300,72.7800,offices
382330,23.0829,72.6674,offices
382340,23.0841,72.6496,offices
382345,23.0577,72.6407,offices
382350,23.0416,72.6429,offices
382355,23.2558,72.7396,offices
382405,22.9626,72.5750,offices
382415,23.0205,72.6597,offices
382418,23.0052,72.6534,offices
382419,23.1858,72.6192,offices
382421,23.1638,72.5977,offices
382422,23.2400,72.5800,offices
382423,23.2114,72.5265,offices
382424,23.1132,72.5846,offices
382425,22.8778,72.5414,offices
382426,23.1503,72.6410,offices
382427,22.9029,72.5952,offices
382428,22.8767,72.4636,offices
382430,23.0332,72.7114,offices
382433,22.9716,72.7959,offices
382435,22.9206,72.6860,offices
382443,22.9830,72.5972,offices
382445,22.9546,72.6399,offices
382449,22.9785,72.6671,offices
382450,22.1700,71.8799,offices
382455,22.7750,72.2900,offices
382460,22.3859,71.9500,offices
382463,22.2550,72.1350,offices
382465,22.4200,72.2000,offices
382470,23.1119,72.5638,offices
382475,23.0866,72.6390,offices
382480,23.0747,72.5720,offices
382481,23.0812,72.5513,offices
382501,23.1639,72.5395,offices
382610,23.2664,72.6774,offices
382620,23.2921,72.6398,offices
382630,23.3122,72.5956,offices
382640,23.2796,72.5712,offices
382650,23.3700,72.6655,offices
382721,23.2400,72.4990,offices
382722,23.1361,72.4724,offices
382725,23.2233,72.4922,offices
382729,23.2700,72.4400,offices
382735,23.3650,72.5050,offices
382740,23.3200,72.4900,offices
382810,23.5000,72.6500,offices
382835,23.4500,72.7292,offices
382845,23.4200,72.6200,offices
382855,23.5000,72.7400,offices
383001,23.6037,72.9633,offices
383002,23.5857,72.9867,offices
383006,23.7312,72.9842,offices
383010,23.6907,73.0308,offices
383030,23.5828,73.1017,offices
383110,23.7463,72.9542,offices
383120,23.5089,72.8714,offices
383205,23.3910,72.8570,offices
383210,23.4828,72.9726,offices
383215,23.3220,72.9497,offices
383220,23.6520,72.8545,offices
383225,23.7487,72.8388,offices
383230,23.8076,72.8977,offices
383235,23.9511,72.9859,offices
383240,23.6740,73.1638,offices
383245,23.7647,73.2618,offices
383246,23.8386,73.3326,offices
383250,23.6344,73.3112,offices
383251,23.6591,73.4696,offices
383255,24.0677,73.0634,offices
383260,23.2626,73.1544,offices
383270,24.1969,73.0134,offices
383275,24.0051,73.1316,offices
383276,23.5441,73.2072,offices
383305,23.3978,73.0319,offices
383307,23.3492,73.1093,offices
383310,23.3607,73.2098,offices
383315,23.4607,73.3366,offices
383316,23.4793,73.2021,offices
383317,23.5292,73.3179,offices
383320,23.5869,73.2187,offices
383325,23.2131,73.1466,offices
383330,23.1622,73.2276,offices
383335,23.3023,73.3642,offices
383340,23.1683,73.3149,offices
383345,23.3556,73.4653,offices
383350,23.5166,73.5359,offices
383355,23.6900,73.3591,offices
383410,23.8077,73.0668,offices
383421,23.7493,73.0971,offices
383422,24.3725,73.0582,offices
383430,23.8531,72.9878,offices
383434,23.9290,72.8744,offices
383440,23.9092,73.1246,offices
383450,23.8210,73.1624,offices
383460,24.0034,73.3429,offices
383462,23.9420,73.3646,offices
384001,23.5886,72.4221,offices
384002,23.6230,72.2447,offices
384003,23.3500,72.3600,offices
384005,23.6387,72.3326,offices
384012,23.5881,72.3708,offices
384110,23.8168,72.2645,offices
384120,23.7029,72.3890,offices
384130,23.8686,72.4527,offices
384135,23.8622,72.3488,offices
384140,23.8676,72.4063,offices
384151,15.5934,72.9524,offices
384160,23.7581,72.3578,offices
384170,23.8031,72.3962,offices
384220,15.5934,72.1128,offices
384221,15.5934,72.5192,offices
384225,19.6316,72.7225,offices
384229,15.5934,72.5192,offices
384230,15.5934,72.5110,offices
384240,15.5934,72.7228,offices
384241,15.5934,72.6680,offices
384245,15.5934,71.8677,offices
384246,19.5315,72.6904,offices
384255,15.5934,71.9752,offices
384260,15.5934,72.2607,offices
384265,23.8509,72.1300,offices
384266,23.9000,72.1500,offices
384272,15.5934,72.7262,offices
384275,15.5934,72.4279,offices
384285,15.5934,72.9687,offices
384290,15.5934,72.3010,offices
384305,23.6082,72.5312,offices
384310,23.7268,72.4654,offices
384315,23.6998,72.5539,offices
384316,23.7051,72.5162,offices
384320,23.7767,72.5555,offices
384325,23.9158,72.6354,offices
384330,24.0327,72.7518,offices
384335,23.8486,72.7241,offices
384340,24.0276,72.6997,offices
384345,23.8368,72.5854,offices
384355,23.7736,72.6632,offices
384360,23.9711,72.8163,offices
384410,23.5204,72.2355,offices
384412,23.6049,72.2071,offices
384415,23.5447,72.0409,offices
384421,23.4428,72.3156,offices
384430,23.4712,72.2138,offices
384435,23.4949,72.3592,offices
384440,23.2968,72.3232,offices
384441,23.2171,72.3873,offices
384445,23.1660,72.2582,offices
384450,23.3835,72.4437,offices
384455,23.4482,72.4001,offices
384460,23.5180,72.4512,offices
384465,23.4505,72.5205,offices
384470,23.4968,72.5468,offices
384515,23.5986,72.6969,offices
384520,23.5962,72.6689,offices
384530,23.5841,72.6050,offices
384540,23.6435,72.7091,offices
384550,23.5436,72.7190,offices
384560,23.6887,72.7710,offices
384565,23.5346,72.5626,offices
384570,23.6292,72.7851,offices
385001,24.1716,72.4429,offices
385010,24.2662,72.4030,offices
385110,24.2660,72.9317,offices
385120,24.1484,72.7666,offices
385130,24.4080,72.6366,offices
385135,24.3718,72.5338,offices
385210,24.0342,72.4034,offices
385310,24.5404,72.0123,offices
385320,24.0686,71.5758,offices
385330,24.1850,71.7695,offices
385340,15.5934,71.9730,offices
385350,15.5934,71.1681,offices
385360,15.5934,72.3286,offices
385410,24.0896,72.4842,offices
385421,24.0186,72.5375,offices
385505,24.3764,72.3349,offices
385506,24.3205,72.3154,offices
385510,24.2196,72.3145,offices
385515,24.1063,72.2752,offices
385520,24.0853,72.3404,offices
385530,24.1937,71.9934,offices
385535,24.2993,72.1508,offices
385540,24.1768,72.1554,offices
385545,24.5173,72.2646,offices
385550,24.0468,71.9337,offices
385555,23.9663,71.8384,offices
385560,23.8922,71.7773,offices
385565,24.4391,71.6942,offices
385566,24.5889,71.5194,offices
385570,24.1825,71.3869,offices
385575,24.2905,71.4796,offices
385581,24.3117,71.8220,offices
387001,22.7310,72.8638,offices
387002,22.6931,72.8774,offices
387003,22.7000,72.8700,offices
387105,22.9378,72.8667,offices
387110,15.5934,72.9882,offices
387115,22.7000,72.8667,offices
387120,15.5934,72.7046,offices
387130,15.5934,73.1972,offices
387210,22.5797,72.6978,offices
387220,22.5479,72.8430,offices
387230,22.6849,72.8292,offices
387240,22.5367,72.7218,offices
387305,15.5934,73.0468,offices
387310,22.5702,72.9506,offices
387315,22.7525,72.6845,offices
387320,22.1873,72.5899,offices
387325,22.7525,72.6845,offices
387330,22.7314,72.9388,offices
387335,15.5934,72.3468,offices
387340,15.5934,73.3916,offices
387345,22.6354,72.7992,offices
387350,22.9380,72.9050,offices
387355,22.6549,72.8415,offices
387360,22.7373,72.9049,offices
387365,22.9545,72.9987,offices
387370,22.6637,72.8828,offices
387375,22.4766,72.7992,offices
387380,22.6420,72.7213,offices
387411,22.7525,72.6845,offices
387430,22.6471,72.6425,offices
387510,15.5934,72.6640,offices
387520,19.1024,72.6276,offices
387530,15.5934,72.5757,offices
387540,22.7940,72.5870,offices
387550,15.5934,72.6640,offices
387560,15.5934,72.6640,offices
387570,15.5934,73.0141,offices
387610,15.5934,72.9689,offices
387620,15.5934,73.1630,offices
387630,15.5934,72.9928,offices
387635,22.7525,72.6845,offices
387640,15.5934,73.1325,offices
387650,23.1198,73.0638,offices
387710,15.5934,74.2744,offices
388001,22.5545,72.9640,offices
388110,22.5307,72.9745,offices
388120,22.5490,72.9259,offices
388130,22.5038,72.8700,offices
388140,22.4050,72.8807,offices
388150,22.5125,72.7992,offices
388160,22.4766,72.7992,offices
388170,22.3131,72.6194,offices
388180,22.4888,72.6580,offices
388205,22.6500,73.0500,offices
388210,22.6227,73.1394,offices
388215,22.7254,73.0789,offices
388220,22.6918,73.1140,offices
388225,22.7786,73.1504,offices
388230,22.7320,73.2160,offices
388235,22.8834,73.3255,offices
388239,22.8689,73.3530,offices
388245,22.8101,73.3443,offices
388250,22.8134,73.2235,offices
388255,22.9514,73.3264,offices
388260,23.2200,73.4950,offices
388265,22.7507,72.6847,offices
388270,23.1056,73.4808,offices
388305,22.4699,73.0226,offices
388306,22.4628,73.0750,offices
388307,22.4082,73.0293,offices
388310,22.5592,72.9641,offices
388315,22.5670,72.9211,offices
388320,22.5515,73.0019,offices
388325,22.5469,72.8926,offices
388330,22.3423,73.0810,offices
388335,22.5660,73.0213,offices
388340,22.5427,72.9891,offices
388345,22.5158,72.9139,offices
388350,22.4667,72.9808,offices
388355,22.5169,72.9470,offices
388360,22.5982,72.9641,offices
388365,22.5563,73.1129,offices
388370,22.5190,72.9913,offices
388410,22.7525,72.6845,offices
388421,22.6012,72.7903,offices
388430,22.5179,72.9270,offices
388440,22.5179,72.8329,offices
388450,22.4766,72.7992,offices
388460,22.4913,72.7433,offices
388465,22.5592,72.9641,offices
388470,22.5592,72.9641,offices
388480,22.4537,72.8240,offices
388510,22.3450,73.0028,offices
388520,22.3100,72.9800,offices
388530,22.3250,72.8994,offices
388540,22.4126,72.9376,offices
388543,22.3972,72.9444,offices
388545,22.4589,72.8588,offices
388550,22.3131,72.6194,offices
388560,22.4472,72.9232,offices
388570,22.3594,72.8240,offices
388580,22.3131,72.6194,offices
388590,22.3984,72.8993,offices
388610,22.3131,72.6194,offices
388620,22.3131,72.6194,offices
388625,22.3131,72.6194,offices
388630,22.3363,72.6176,offices
388640,22.3131,72.6194,offices
388710,22.8161,73.8567,offices
388713,22.7964,73.4779,offices
389001,22.7680,73.6217,offices
389002,22.8704,73.5777,offices
389110,23.0843,73.8612,offices
389115,22.9552,73.8443,offices
389120,22.8057,73.7861,offices
389130,22.8638,73.9129,offices
389140,22.8363,74.0086,offices
389146,22.8989,74.0488,offices
389151,22.8322,74.2583,offices
389152,22.7419,74.1972,offices
389154,22.7983,74.3421,offices
389155,22.6815,74.3045,offices
389160,22.8677,74.2427,offices
389170,23.1066,74.1728,offices
389172,23.2424,74.0273,offices
389175,23.0594,73.9661,offices
389180,22.9991,74.1567,offices
389190,23.1453,74.0182,offices
389210,22.9430,73.5713,offices
389220,23.0032,73.5182,offices
389230,23.1614,73.6290,offices
389232,23.3644,73.6162,offices
389235,23.2120,73.7337,offices
389250,23.3271,73.8039,offices
389260,23.2053,73.9081,offices
389265,23.2071,73.8016,offices
389310,22.6149,73.5240,offices
389320,22.6590,73.4596,offices
389330,22.5781,73.4275,offices
389340,22.7154,73.5610,offices
389341,22.6549,73.6634,offices
389350,22.4457,73.4780,offices
389360,22.4848,73.5640,offices
389365,22.5695,73.6469,offices
389370,22.9277,73.5713,offices
389380,22.6454,73.9055,offices
389382,22.6422,74.0808,offices
389390,22.3407,73.6984,offices
390001,22.2978,73.2014,offices
390002,22.3036,73.1977,offices
390003,18.9576,73.1573,offices
390004,15.5934,73.1802,offices
390006,22.3036,73.1977,offices
390007,22.3064,73.1651,offices
390008,22.3271,73.1895,offices
390009,22.2737,73.2093,offices
390010,18.9252,73.0477,offices
390011,22.2782,73.1945,offices
390012,18.9468,73.3838,offices
390013,22.3036,73.1977,offices
390014,22.3036,72.9091,offices
390016,22.3036,73.1977,offices
390017,22.2960,73.2152,offices
390018,22.3178,73.1976,offices
390019,22.3070,72.9091,offices
390020,22.3142,73.1780,offices
390021,22.3036,73.1977,offices
390022,22.3552,73.1599,offices
390023,22.3214,73.1540,offices
390024,22.3415,73.1787,offices
390025,22.2983,73.2138,offices
390026,22.3036,73.1977,offices
391101,22.3068,73.1688,offices
391105,15.5934,73.3674,offices
391107,15.5934,73.3115,offices
391110,15.5934,73.5933,offices
391115,15.5934,73.2578,offices
391120,15.5934,73.1775,offices
391125,15.5934,73.4550,offices
391130,15.5934,73.4000,offices
391135,15.5934,73.5717,offices
391140,15.5934,73.2397,offices
391145,15.5934,73.2420,offices
391150,15.5934,73.4152,offices
391152,15.5934,73.2983,offices
391156,15.5934,73.5860,offices
391160,15.5934,73.5860,offices
391165,15.5934,73.9032,offices
391168,15.5934,74.0194,offices
391170,15.5934,74.0649,offices
391210,15.5900,72.9400,offices
391220,15.5900,73.1800,offices
391240,15.5900,73.3200,offices
391243,15.5900,73.9400,offices
391244,15.5900,73.1600,offices
391250,15.5934,73.0205,offices
391310,15.5900,73.8200,offices
391320,22.3036,73.1977,offices
391330,15.5900,73.1100,offices
391340,15.5900,73.4600,offices
391345,22.3525,73.1402,offices
391350,18.9817,73.2946,offices
391410,21.8300,73.4800,offices
391421,22.3036,73.1977,offices
391430,15.5900,72.8200,offices
391440,15.5900,72.9200,offices
391445,16.5400,73.4700,offices
391450,15.5900,73.0400,offices
391510,15.5900,73.5200,offices
391520,15.5900,73.2600,offices
391530,15.5900,73.7800,offices
391740,22.3200,72.8700,offices
391745,19.0000,73.1632,offices
391750,22.3755,73.1571,offices
391760,15.5900,73.3400,offices
391761,15.5900,73.4900,offices
391770,15.5900,73.3600,offices
391774,15.5900,73.3400,offices
391775,18.9468,73.3500,offices
391776,22.4452,73.1999,offices
391780,15.5900,73.1200,offices
391810,22.1686,72.8574,offices
392001,21.6980,72.9863,offices
392011,21.7273,73.0465,offices
392012,21.7520,72.9619,offices
392015,21.7339,72.9832,offices
392020,21.7931,72.9300,offices
392025,21.9050,72.9412,offices
392030,21.7729,73.1324,offices
392035,22.0096,72.9435,offices
392040,21.9865,72.6101,offices
392110,21.9775,72.8421,offices
392130,21.6941,72.7223,offices
392135,21.7142,72.6523,offices
392140,21.8498,72.7991,offices
392150,22.0869,72.7957,offices
392155,22.1014,72.6117,offices
392160,21.7039,72.8954,offices
392165,21.7972,72.6803,offices
392170,22.1491,72.6363,offices
392180,22.1696,72.7462,offices
392210,21.8249,73.0710,offices
392215,21.8344,73.1111,offices
392220,21.9121,73.0727,offices
392230,21.9634,73.0142,offices
392240,21.8737,73.0316,offices
392310,18.8084,73.0668,offices
393001,21.6305,73.0519,offices
393002,21.6064,73.0125,offices
393010,21.6619,73.0300,offices
393017,21.7655,73.1885,offices
393020,21.6166,72.9168,offices
393025,21.4936,73.9134,offices
393030,21.5268,72.8092,offices
393040,21.6729,73.5909,offices
393041,21.5110,73.6375,offices
393050,21.4686,73.7664,offices
393105,21.8690,73.2106,offices
393110,21.6765,73.1546,offices
393115,21.7417,73.2586,offices
393120,21.8086,73.2818,offices
393125,21.5521,73.2471,offices
393130,21.5909,73.3891,offices
393135,21.5591,73.1778,offices
393140,21.8415,73.3696,offices
393145,21.8984,73.4844,offices
393150,21.9405,73.5446,offices
393151,21.9051,73.7054,offices
394101,21.1985,72.8343,offices
394105,21.2145,72.8491,offices
394107,21.2462,72.8463,offices
394110,21.3932,72.9258,offices
394112,21.4027,73.1460,offices
394115,21.5424,72.9635,offices
394120,21.4533,72.9284,offices
394125,21.5054,73.0361,offices
394130,21.3168,72.8696,offices
394140,21.3091,73.1127,offices
394150,21.3039,72.9283,offices
394155,21.3060,73.0213,offices
394160,21.2542,73.3022,offices
394163,21.2997,73.2312,offices
394170,21.3717,73.0558,offices
394180,21.2703,72.9642,offices
394185,21.2663,72.9576,offices
394190,21.2759,72.9339,offices
394210,21.1489,72.8467,offices
394221,21.1395,72.8405,offices
394230,21.0864,72.8796,offices
394235,21.2766,72.8975,offices
394240,20.9692,73.1639,offices
394245,20.9217,73.1161,offices
394246,21.0885,73.4487,offices
394248,20.9189,73.2268,offices
394250,21.0227,73.1432,offices
394270,21.1645,72.7431,offices
394305,21.1292,72.9874,offices
394310,21.0889,72.9774,offices
394315,21.0718,72.9773,offices
394317,21.3994,72.7969,offices
394320,21.2703,72.9625,offices
394325,21.1927,72.9740,offices
394326,21.2305,72.9706,offices
394327,21.1026,72.5733,offices
394330,21.2703,72.9625,offices
394335,21.2179,73.2279,offices
394340,21.1170,73.1077,offices
394345,21.1319,73.0978,offices
394350,21.0522,73.0858,offices
394352,21.0480,73.0249,offices
394355,21.1708,73.1364,offices
394365,20.9773,73.3643,offices
394370,21.4766,74.1977,offices
394375,21.1927,73.7491,offices
394380,21.5125,74.1493,offices
394405,21.2761,72.8343,offices
394410,21.4860,73.1045,offices
394421,21.4813,73.1792,offices
394430,21.4071,73.2235,offices
394440,21.4302,73.3326,offices
394445,21.4427,73.5587,offices
394510,21.1863,72.7494,offices
394515,21.1673,72.7007,offices
394516,21.1985,72.8343,offices
394517,21.1974,72.6614,offices
394518,21.1985,72.8343,offices
394520,21.2608,72.8343,offices
394530,21.3572,72.6762,offices
394540,21.3784,72.7520,offices
394550,21.0876,72.7289,offices
394601,21.0823,73.0556,offices
394620,21.0996,73.1275,offices
394630,20.9598,73.2820,offices
394633,20.9487,73.3520,offices
394635,20.8889,73.2989,offices
394640,21.0491,73.2603,offices
394641,21.0164,73.3023,offices
394650,21.1131,73.3970,offices
394651,21.1171,73.3648,offices
394652,21.1217,73.4039,offices
394655,21.0479,73.3970,offices
394660,21.1423,73.4851,offices
394670,20.9755,73.8354,offices
394680,21.1664,73.5645,offices
394690,20.8231,73.2760,offices
394710,20.7630,73.7918,offices
394715,21.0885,73.4487,offices
394716,20.8970,73.7336,offices
394720,20.7177,73.7052,offices
394730,20.6258,73.7023,offices
394810,21.4821,72.8304,offices
395001,21.4677,72.8127,offices
395002,21.1862,72.8269,offices
395003,21.1982,72.8334,offices
395004,21.2266,72.8254,offices
395005,21.2335,72.6986,offices
395006,21.2146,72.8529,offices
395007,21.1274,72.7858,offices
395008,21.2198,72.8486,offices
395009,21.2013,72.7947,offices
395010,21.1923,72.8705,offices
395011,21.1985,72.8343,offices
395012,21.1985,72.8508,offices
395013,21.2100,72.8498,offices
395014,21.1904,72.8131,offices
395015,21.1985,72.8342,offices
395017,21.6305,72.4818,offices
395023,21.1295,72.8525,offices
396001,20.6160,72.9272,offices
396002,20.5952,72.9350,offices
396007,20.5773,72.9674,offices
396020,20.5457,72.9230,offices
396030,20.5965,72.9195,offices
396035,20.6348,72.9758,offices
396040,20.6250,73.1300,offices
396045,20.6304,73.0346,offices
396050,20.5077,73.2048,offices
396051,20.5764,73.2559,offices
396055,20.5551,73.0730,offices
396060,20.6800,73.2200,offices
396065,20.4135,73.2116,offices
396067,20.3060,73.2662,offices
396105,20.2761,72.8862,offices
396110,20.7450,72.9450,offices
396115,20.4678,72.8623,offices
396120,20.2158,72.7947,offices
396125,20.5015,72.9742,offices
396126,20.4144,73.1202,offices
396130,20.2947,72.7806,offices
396135,20.2560,72.7585,offices
396140,20.3250,72.7866,offices
396145,20.4283,72.9913,offices
396150,20.1951,72.8187,offices
396155,20.3077,72.8722,offices
396165,20.2342,72.8490,offices
396170,20.1738,72.7460,offices
396171,20.1647,72.7725,offices
396180,20.4872,72.8685,offices
396185,20.4622,72.9170,offices
396191,20.3818,72.9338,offices
396193,20.3252,72.9754,offices
396195,20.3551,72.9249,offices
396210,20.4385,72.8548,offices
396215,20.4057,72.8772,offices
396220,20.4038,72.8347,offices
396230,20.1415,73.0627,offices
396235,20.2684,72.9431,offices
396240,20.2127,73.0122,offices
396310,20.8000,72.9400,offices
396321,20.7700,72.9600,offices
396325,20.7500,73.0000,offices
396350,20.8600,72.9900,offices
396360,20.8100,73.0200,offices
396370,20.8400,72.9800,offices
396375,20.6944,72.9692,offices
396380,20.7900,72.9750,offices
396385,20.7099,72.9015,offices
396403,20.8900,72.8600,offices
396406,20.8550,72.9100,offices
396409,20.7900,73.0650,offices
396412,20.8350,72.8450,offices
396415,21.0400,72.9450,offices
396418,20.9850,73.0150,offices
396421,20.9500,72.9000,offices
396427,20.9700,72.9400,offices
396430,20.8600,73.0750,offices
396433,20.9100,73.0350,offices
396436,21.0050,72.8400,offices
396439,20.9197,72.8478,offices
396445,20.9500,72.9300,offices
396450,20.9250,72.9150,offices
396460,20.8200,72.8850,offices
396463,20.9250,72.9750,offices
396466,20.9200,73.0900,offices
396469,20.9600,73.0400,offices
396472,20.8850,72.9450,offices
396475,21.0200,72.9900,offices
396510,20.8306,73.2469,offices
396521,20.7400,73.0600,offices
396530,20.8300,73.0900,offices
396540,20.7300,73.2100,offices
396560,20.8100,73.1800,offices
396570,20.8300,73.2150,offices
396580,20.7350,73.3600,offices
396590,20.8250,73.3500,offices
400001,18.9364,72.8355,offices
400002,18.9455,72.8285,offices
400003,18.9634,72.8273,offices
400004,18.9561,72.8230,offices
400005,18.9112,72.8118,offices
400006,18.9547,72.8041,offices
400007,18.9599,72.8155,offices
400008,18.9686,72.8276,offices
400009,18.9640,72.8408,offices
400010,18.9712,72.8407,offices
400011,18.9789,72.8246,offices
400012,19.0013,72.8382,offices
400013,18.9952,72.8274,offices
400014,19.0160,72.8460,offices
400015,18.9772,72.8494,offices
400016,19.0340,72.8425,offices
400017,19.0423,72.8517,offices
400018,19.0059,72.8169,offices
400019,19.0280,72.8527,offices
400020,18.9402,72.8271,offices
400021,18.9305,72.8268,offices
400022,19.0501,72.8653,offices
400024,19.0604,72.8801,offices
400025,19.0130,72.8328,offices
400026,18.9692,72.8065,offices
400027,18.9767,72.8319,offices
400028,19.0221,72.8389,offices
400029,19.0817,72.8629,offices
400030,19.0166,72.8177,offices
400031,19.0144,72.8529,offices
400032,18.9285,72.8284,offices
400033,18.9852,72.8370,offices
400034,18.9770,72.8168,offices
400035,18.9435,72.7943,offices
400037,19.0241,72.8633,offices
400042,19.1422,72.9391,offices
400043,19.0573,72.9233,offices
400049,19.1110,72.8254,offices
400050,19.0566,72.8338,offices
400051,19.0598,72.8467,offices
400052,19.0682,72.8360,offices
400053,19.1261,72.8317,offices
400054,19.0875,72.8370,offices
400055,19.0810,72.8426,offices
400056,19.1039,72.8403,offices
400057,19.1034,72.8472,offices
400058,19.1244,72.8399,offices
400059,19.1162,72.8822,offices
400060,19.1314,72.8624,offices
400061,19.1283,72.8326,offices
400063,19.1588,72.8514,offices
400064,19.1870,72.8450,offices
400065,19.1553,72.8778,offices
400066,19.2334,72.8595,offices
400067,19.2133,72.8277,offices
400068,19.2480,72.8605,offices
400069,19.1202,72.8499,offices
400070,19.0688,72.8778,offices
400071,19.0567,72.8982,offices
400072,19.1110,72.8903,offices
400074,19.0456,72.8948,offices
400075,19.0844,72.9181,offices
400076,19.1289,72.9194,offices
400077,19.0778,72.8985,offices
400078,19.1496,72.9347,offices
400079,19.1057,72.9222,offices
400080,19.1740,72.9517,offices
400081,19.1672,72.9622,offices
400082,19.1706,72.9332,offices
400083,19.1169,72.9375,offices
400084,19.0979,72.9043,offices
400085,19.0175,72.8562,offices
400086,19.0862,72.9082,offices
400087,19.1348,72.8997,offices
400088,19.0450,72.9169,offices
400089,19.0658,72.9004,offices
400091,19.2321,72.8404,offices
400092,19.2292,72.8554,offices
400093,19.1175,72.8651,offices
400094,19.0380,72.9248,offices
400095,19.1936,72.8094,offices
400096,19.1244,72.8734,offices
400097,19.1820,72.8510,offices
400098,19.0733,72.8607,offices
400099,19.1009,72.8620,offices
400101,19.2079,72.8697,offices
400102,19.1413,72.8524,offices
400103,19.2457,72.8516,offices
400104,19.1669,72.8356,offices
400111,18.9392,72.8376,offices
400113,19.2016,77.3955,district
400114,19.0160,72.8459,offices
400118,18.9685,72.8220,offices
400150,19.0572,72.8297,offices
400153,19.1283,72.8326,offices
400160,19.1314,72.8501,offices
400167,19.2040,72.8500,offices
400171,19.0569,72.8981,offices
400183,19.1144,72.9398,offices
400186,19.0863,72.9082,offices
400193,19.6589,72.5150,offices
400201,19.2082,72.8699,offices
400601,19.1929,72.9774,offices
400602,19.2165,72.9172,offices
400603,19.1831,72.9762,offices
400604,19.1861,72.9578,offices
400605,19.1935,72.9898,offices
400606,19.2060,72.9669,offices
400607,19.2386,72.9936,offices
400608,19.2183,72.9781,offices
400609,19.1992,72.9794,offices
400610,19.2312,72.9738,offices
400612,19.1838,73.0439,offices
400614,19.0246,73.0449,offices
400615,19.2706,72.9581,offices
400701,19.1244,72.9976,offices
400702,18.8772,72.9283,offices
400703,19.0746,73.0068,offices
400704,18.9050,72.9168,offices
400705,19.0641,73.0107,offices
400706,19.0375,73.0176,offices
400707,18.8700,72.9200,offices
400708,19.1512,72.9923,offices
400709,19.1035,73.0044,offices
400710,19.1101,73.0175,offices
401101,19.2992,72.8360,offices
401102,19.5957,72.8338,offices
401103,19.8815,72.7540,offices
401105,19.3096,72.8550,offices
401106,19.2871,72.7878,offices
401107,19.2791,72.8774,offices
401108,19.2791,72.8567,offices
401201,19.3677,72.7972,offices
401202,19.3789,72.8323,offices
401203,19.4177,72.7979,offices
401204,19.4873,73.0322,offices
401205,19.3603,72.8727,offices
401206,19.4958,73.0157,offices
401207,19.3483,72.8190,offices
401208,19.3942,72.8634,offices
401209,19.4254,72.8274,offices
401301,19.6790,72.5213,offices
401302,19.4601,72.7509,offices
401303,19.4772,72.9158,offices
401304,19.2998,72.8785,offices
401305,19.4693,72.8297,offices
401401,19.4120,72.8852,offices
401402,19.6461,72.7237,offices
401403,19.7224,72.9289,offices
401404,19.6983,72.7689,offices
401405,19.7228,72.7655,offices
401501,19.7903,72.7607,offices
401502,19.8372,72.7079,offices
401503,19.8863,72.6890,offices
401504,19.8131,72.7304,offices
401506,19.7983,72.7445,offices
401601,19.9793,72.7201,offices
401602,19.9812,72.7650,offices
401603,19.9073,73.2087,offices
401604,19.9351,73.3404,offices
401605,19.8004,73.0943,offices
401606,20.1165,72.9195,offices
401607,19.9067,72.9649,offices
401608,19.9714,72.7469,offices
401701,19.8102,72.8908,offices
401702,20.0806,72.7262,offices
401703,20.0577,72.7517,offices
402101,18.0790,73.2009,offices
402102,18.0986,73.3203,offices
402103,18.1421,73.3047,offices
402104,18.2226,73.2938,offices
402105,18.1455,73.0855,offices
402106,18.5708,73.1072,offices
402107,18.7505,73.0716,offices
402108,18.6824,73.0007,offices
402109,18.4403,73.0739,offices
402110,18.0483,73.0473,offices
402111,18.2928,73.1296,offices
402112,18.3280,73.2164,offices
402113,18.0962,73.0030,offices
402114,17.9953,73.0423,offices
402115,18.0739,73.3467,offices
402116,18.4354,73.1426,offices
402117,18.1976,73.2472,offices
402120,18.3471,73.2971,offices
402122,18.1721,73.1818,offices
402125,18.5784,73.0960,offices
402126,18.4952,73.1766,offices
402201,18.6418,72.8724,offices
402202,18.5298,72.9254,offices
402203,18.5610,72.9797,offices
402204,18.6289,72.9020,offices
402207,18.6945,72.8602,offices
402208,18.7280,72.8695,offices
402209,18.6724,72.9026,offices
402301,18.0492,73.4018,offices
402302,18.1254,73.4949,offices
402303,17.9541,73.4727,offices
402304,18.4433,73.2056,offices
402305,18.1931,73.4062,offices
402306,18.1298,73.5673,offices
402307,17.9312,73.3931,offices
402308,18.4047,73.3232,offices
402309,18.0982,73.4525,offices
402401,18.3429,72.9436,offices
402402,18.2604,72.9502,offices
402403,18.2008,72.9605,offices
402404,18.1500,72.9845,offices
403001,15.4941,73.8323,offices
403002,15.4707,73.8270,offices
403004,15.4699,73.8030,offices
403005,15.4817,73.8432,offices
403006,15.5046,73.8638,offices
403101,15.5079,73.8239,offices
403102,15.5531,73.8893,offices
403103,15.3200,74.0290,offices
403104,15.4441,73.9205,offices
403105,15.4781,74.0604,offices
403106,15.5339,73.9511,offices
403107,15.5147,73.9511,offices
403108,15.4431,73.8812,offices
403109,15.5019,73.8047,offices
403110,15.4999,73.9331,offices
403114,15.5080,73.8094,offices
403115,15.4647,73.9718,offices
403201,15.4731,73.8702,offices
403202,15.4646,73.8587,offices
403203,15.4421,73.8934,offices
403204,15.4263,73.8990,offices
403206,15.4594,73.8125,offices
403401,15.4032,74.0041,offices
403402,15.5016,73.9133,offices
403403,15.5276,73.9041,offices
403404,15.4424,73.9739,offices
403406,15.4247,74.1375,offices
403409,15.3860,74.0313,offices
403410,15.3376,74.2429,offices
403501,15.5462,73.8233,offices
403502,15.6237,73.8579,offices
403503,15.6195,73.9033,offices
403504,15.5897,73.9465,offices
403505,15.5623,74.0107,offices
403506,15.5306,74.2199,offices
403507,15.5855,73.8054,offices
403508,15.5894,73.8741,offices
403509,15.5834,73.7492,offices
403510,15.5919,73.8086,offices
403511,15.5474,73.7825,offices
403512,15.7165,73.8068,offices
403513,15.6450,73.8364,offices
403515,15.5187,73.7679,offices
403516,15.5442,73.7707,offices
403517,15.6309,73.7642,offices
403521,15.5258,73.8289,offices
403522,15.5291,73.8271,offices
403523,15.5781,73.8755,offices
403524,15.6884,73.7130,offices
403525,15.5081,73.8343,offices
403526,15.6139,73.8239,offices
403527,15.6633,73.7261,offices
403529,15.5825,73.9544,offices
403530,15.5489,74.0653,offices
403601,15.2732,73.9646,offices
403602,15.2924,73.9661,offices
403701,15.1805,73.9711,offices
403702,15.0069,74.0526,offices
403703,15.1317,74.0361,offices
403704,15.2289,74.1520,offices
403705,15.2320,74.0641,offices
403706,15.2607,74.1075,offices
403707,15.2575,73.9666,offices
403708,15.2748,73.9575,offices
403709,15.2726,74.0185,offices
403710,15.3974,73.9099,offices
403711,15.3981,73.8491,offices
403712,15.3447,73.8985,offices
403713,15.3088,73.9207,offices
403714,15.2610,74.0444,offices
403715,15.2100,73.9777,offices
403716,15.2747,73.9576,offices
403717,15.2063,73.9508,offices
403718,15.3408,73.9795,offices
403719,15.3049,74.0015,offices
403720,15.3141,73.9857,offices
403721,15.2317,73.9430,offices
403722,15.3496,73.9312,offices
403723,15.1870,74.0257,offices
403724,15.2242,73.9481,offices
403725,15.2382,73.9814,offices
403726,15.3817,73.8784,offices
403728,14.9596,74.0519,offices
403729,15.2568,73.9847,offices
403731,15.1861,73.9471,offices
403801,15.3852,73.8390,offices
403802,15.3969,73.8173,offices
403803,15.4126,73.7904,offices
403804,15.4083,73.7888,offices
403806,15.3704,73.8374,offices
410101,19.0400,73.3187,offices
410102,18.9854,73.2708,offices
410201,18.9150,73.3200,offices
410202,18.8193,73.2852,offices
410203,18.7996,73.3270,offices
410204,18.7765,73.3534,offices
410205,18.5765,73.2540,offices
410206,18.9749,73.1132,offices
410207,18.9431,73.1436,offices
410208,19.0423,73.0943,offices
410209,19.0160,73.0960,offices
410210,19.0135,73.1711,offices
410216,18.8044,73.3425,offices
410218,19.0267,73.1048,offices
410220,18.3600,72.9300,offices
410221,18.9900,73.1100,offices
410222,18.8968,73.1846,offices
410301,18.7582,73.3749,offices
410302,18.7625,73.3891,offices
410401,18.7453,73.4061,offices
410402,18.7267,73.3763,offices
410403,18.7601,73.4150,offices
410405,18.7591,73.5473,offices
410406,18.6745,73.5090,offices
410501,18.7394,73.8761,offices
410502,19.2093,73.8290,offices
410503,19.0031,73.9241,offices
410504,19.1883,73.9702,offices
410505,18.8463,73.8920,offices
410506,18.7563,73.5992,offices
410507,18.7563,73.6751,offices
410508,18.9163,74.0661,offices
410509,19.1123,73.6660,offices
410510,18.8923,74.0913,offices
410511,19.1840,73.9270,offices
410512,18.9499,73.9059,offices
410513,18.9640,73.7801,offices
410515,19.0413,73.9176,offices
410516,19.0756,73.7810,offices
410517,19.0741,74.0412,offices
411001,18.5115,73.8782,offices
411002,18.5150,73.8568,offices
411003,18.5551,73.8509,offices
411004,18.5130,73.8374,offices
411005,18.5275,73.8505,offices
411006,18.5602,73.8920,offices
411007,18.5526,73.8201,offices
411008,18.5395,73.8184,offices
411009,18.4954,73.8563,offices
411011,18.5203,73.8632,offices
411012,18.5812,73.8323,offices
411013,18.5077,73.9173,offices
411014,18.5555,73.9258,offices
411015,18.5801,73.8765,offices
411016,18.5317,73.8326,offices
411017,18.6169,73.7061,offices
411018,18.6330,73.8170,offices
411019,18.6543,73.7975,offices
411020,18.5589,73.8342,offices
411021,18.5370,73.8048,offices
411022,18.5021,73.9085,offices
411023,18.4694,73.7779,offices
411024,18.4452,73.7858,offices
411025,18.3894,73.7004,offices
411026,18.6296,73.8360,offices
411027,18.5766,73.8120,offices
411028,18.4981,73.9309,offices
411030,18.5140,73.8495,offices
411031,18.5838,73.8425,offices
411032,18.5892,73.9200,offices
411033,18.6298,73.7821,offices
411034,18.6040,73.8261,offices
411035,18.6539,73.7814,offices
411036,18.5322,73.9289,offices
411037,18.4839,73.8655,offices
411038,18.5093,73.8146,offices
411039,18.6203,73.8482,offices
411040,18.5006,73.8859,offices
411041,18.4831,73.8343,offices
411042,18.5014,73.8614,offices
411043,18.4654,73.8551,offices
411044,18.6589,73.7503,offices
411045,18.5713,73.7657,offices
411046,18.4460,73.8603,offices
411047,18.6165,73.9428,offices
411048,18.4765,73.8974,offices
411051,18.4794,73.8300,offices
411052,18.4910,73.8232,offices
411057,24.8321,74.1130,offices
411058,18.4758,73.7977,offices
411060,18.4706,73.9218,offices
411061,18.5914,73.8186,offices
411062,18.6659,73.7784,offices
411067,18.5634,73.8129,offices
411068,18.4580,73.7919,offices
411069,18.5624,73.7868,offices
411070,18.6648,73.8411,offices
411071,18.5167,73.7720,offices
411073,18.4430,73.8445,offices
411074,18.5545,73.8269,offices
411075,18.5274,73.8506,offices
411076,18.4940,73.8577,offices
411077,18.6393,73.7963,offices
411078,18.6261,73.8196,offices
411079,18.5594,73.8972,offices
411080,18.5079,73.9172,offices
411081,18.6533,73.9075,offices
412101,18.6705,73.7368,offices
412102,18.1241,74.2234,offices
412103,18.5093,74.3246,offices
412104,18.3802,74.1756,offices
412105,18.7562,73.9179,offices
412106,18.7493,73.6052,offices
412107,18.3505,73.6197,offices
412108,18.5244,73.5286,offices
412109,18.7391,73.7208,offices
412110,18.5338,74.0346,offices
412112,18.3980,73.4796,offices
412115,18.5031,73.6886,offices
412201,18.4838,74.0542,offices
412202,18.5030,74.1447,offices
412203,18.4935,74.3769,offices
412204,18.3299,74.4324,offices
412205,18.2904,73.8702,offices
412206,18.1440,73.8430,offices
412207,18.5599,74.0792,offices
412208,18.6573,74.1448,offices
412209,18.7543,74.2238,offices
412210,18.8259,74.3793,offices
412211,18.5946,74.3895,offices
412212,18.2963,73.6378,offices
412213,18.2427,73.8374,offices
412214,18.5093,74.2578,offices
412215,18.4722,74.4208,offices
412216,18.6096,74.0888,offices
412218,18.8440,74.2252,offices
412219,18.4136,74.4709,offices
412220,18.6500,74.2344,offices
412301,18.3424,74.0276,offices
412303,18.2752,74.1629,offices
412304,18.2749,74.3155,offices
412305,18.1978,74.1570,offices
412306,18.1053,74.3052,offices
412307,18.5097,73.9808,offices
412308,18.4563,73.9771,offices
412311,18.2145,74.0397,offices
412312,18.1485,74.0836,offices
412401,18.3677,73.7739,offices
412402,18.8405,73.9072,offices
412403,18.8309,74.0560,offices
412404,18.9271,73.7757,offices
412405,18.9233,73.9876,offices
412406,18.9657,74.0175,offices
412408,19.0674,73.8272,offices
412409,19.2643,73.9312,offices
412410,19.0985,74.1739,offices
412411,19.1774,74.1078,offices
412412,18.7387,74.0536,offices
412801,18.1340,73.9602,offices
412802,18.0587,74.0227,offices
412803,17.9642,73.8763,offices
412804,17.9605,73.8875,offices
412805,17.9353,73.8061,offices
412806,17.9141,73.6232,offices
413001,17.6703,75.8983,offices
413002,17.6832,75.8950,offices
413003,17.6642,75.9014,offices
413004,17.6383,75.9001,offices
413005,17.6776,75.9178,offices
413006,17.6709,75.9364,offices
413007,17.6780,75.9035,offices
413008,17.5282,75.8945,offices
413101,17.8924,75.0189,offices
413102,18.1500,74.5783,offices
413103,17.9576,74.9891,offices
413104,18.1129,74.6845,offices
413105,18.3157,74.7840,offices
413106,18.1158,75.0270,offices
413107,17.8070,74.8748,offices
413108,17.9655,75.1486,offices
413109,17.9321,74.7479,offices
413110,18.1500,74.5833,offices
413111,17.8718,74.8584,offices
413112,17.8367,75.1261,offices
413113,17.7971,75.0451,offices
413114,18.0500,74.9064,offices
413115,18.0361,74.8284,offices
413116,18.0982,74.5159,offices
413118,17.8703,75.0063,offices
413120,18.1131,75.0270,offices
413130,18.2810,74.6847,offices
413132,18.2099,74.9269,offices
413133,18.2032,74.5953,offices
413201,18.7273,75.3100,offices
413202,18.2595,75.1617,offices
413203,18.3806,75.1902,offices
413204,18.6650,75.5300,offices
413205,18.5800,75.2700,offices
413206,18.2894,74.9996,offices
413207,18.9189,75.3128,offices
413208,18.0813,75.4112,offices
413209,18.0340,75.5161,offices
413210,18.1549,75.2755,offices
413211,17.9678,75.2066,offices
413212,18.0534,75.1227,offices
413213,17.8097,75.6462,offices
413214,17.8972,75.5796,offices
413215,17.5573,75.9581,offices
413216,17.5206,76.2007,offices
413217,17.5206,76.2007,offices
413218,18.1068,75.7775,offices
413219,17.5206,76.2007,offices
413220,17.5206,76.2007,offices
413221,17.4843,75.7868,offices
413222,17.7128,75.8879,offices
413223,18.1736,75.2647,offices
413224,17.6872,75.9320,offices
413226,17.5206,76.2007,offices
413227,17.3885,76.1772,offices
413228,17.5895,76.0865,offices
413229,18.9310,75.4370,offices
413248,17.8061,75.6411,offices
413249,19.0591,75.4263,offices
413250,18.1200,75.5161,offices
413251,18.2800,75.2969,offices
413252,18.2007,75.3995,offices
413253,17.8061,75.6411,offices
413255,18.1068,75.7775,offices
413301,17.9208,75.3827,offices
413302,17.8612,75.3296,offices
413303,17.8434,75.4090,offices
413304,17.6991,75.3892,offices
413305,17.4952,75.4434,offices
413306,17.6014,75.0757,offices
413307,17.4015,75.1416,offices
413308,17.3783,75.0474,offices
413309,17.3158,75.2207,offices
413310,17.6784,75.0818,offices
413314,17.3129,75.0394,offices
413315,17.7889,75.2761,offices
413317,17.5332,75.2625,offices
413319,17.4234,75.5254,offices
413322,17.3468,75.4045,offices
413324,18.2781,75.0763,offices
413401,18.1986,75.6820,offices
413402,18.0836,75.8502,offices
413403,18.4546,75.9005,offices
413404,18.6439,75.7643,offices
413405,18.1861,76.0419,offices
413406,18.4706,75.4785,offices
413409,18.3432,75.7190,offices
413410,18.0200,75.6393,offices
413411,18.2295,75.6837,offices
413412,17.9350,75.2974,offices
413501,18.2279,76.0567,offices
413502,18.2894,75.4380,offices
413503,18.2279,76.0567,offices
413504,18.4495,75.6758,offices
413505,18.2279,76.0567,offices
413506,18.1861,76.0419,offices
413507,18.5717,76.0177,offices
413508,18.2787,76.0536,offices
413509,18.1926,76.0552,offices
413510,18.3977,76.5810,offices
413511,18.5096,76.8457,offices
413512,18.4265,76.5736,offices
413513,17.9569,76.6495,offices
413514,18.8259,74.3793,offices
413515,18.7000,76.9333,offices
413516,18.0731,76.5932,offices
413517,18.3710,77.1350,offices
413518,18.3934,77.1127,offices
413519,18.2621,77.0823,offices
413520,18.2500,76.5000,offices
413521,18.1287,76.7503,offices
413522,18.1158,76.7528,offices
413523,18.7000,76.9333,offices
413524,18.4189,76.8419,offices
413525,18.5717,76.0177,offices
413526,18.4603,75.6575,offices
413527,18.1068,75.7775,offices
413528,18.5717,76.0177,offices
413529,18.0957,76.2627,offices
413530,18.1158,76.7528,offices
413531,18.3779,76.5027,offices
413532,18.1068,75.7775,offices
413534,18.6245,75.6004,offices
413544,18.8259,74.3793,offices
413581,18.4189,76.8419,offices
413582,18.1910,76.0333,offices
413601,18.0200,76.0655,offices
413602,17.8046,76.2162,offices
413603,18.0100,76.0711,offices
413604,17.8640,76.4786,offices
413605,17.8358,76.6240,offices
413606,17.8320,76.6252,offices
413607,18.1287,76.7503,offices
413608,18.1852,75.4497,offices
413623,17.8809,75.9422,offices
413624,18.0100,76.0711,offices
413625,18.5615,75.9122,offices
413626,18.3915,75.8699,offices
413701,18.5500,74.6400,offices
413702,18.7100,74.5900,offices
413703,18.8500,74.6400,offices
413704,19.3100,74.7500,offices
413705,19.3993,74.6663,offices
413706,19.4399,74.4974,offices
413707,19.7683,74.6187,offices
413708,19.8295,74.5698,offices
413709,19.6274,74.6604,offices
413710,19.5343,74.5465,offices
413711,19.5228,74.4738,offices
413712,19.5893,74.5035,offices
413713,19.5841,74.4693,offices
413714,19.5247,74.3866,offices
413715,19.5594,74.6419,offices
413716,19.4669,74.6744,offices
413717,19.5773,74.7074,offices
413718,19.7027,74.7049,offices
413719,19.6912,74.5505,offices
413720,19.6086,74.6264,offices
413721,19.5227,74.7286,offices
413722,19.3498,74.6332,offices
413723,19.7224,74.6212,offices
413725,19.6110,74.8068,offices
413726,18.4300,74.5200,offices
413728,20.1000,74.5100,offices
413736,19.5777,74.4320,offices
413737,19.6129,74.5405,offices
413738,19.4829,74.3740,offices
413739,19.6229,74.7425,offices
413801,18.4586,74.5789,offices
413802,18.3953,74.5320,offices
414001,19.0953,74.7371,offices
414002,19.0700,74.7800,offices
414003,19.1162,74.7354,offices
414005,19.0800,74.7300,offices
414006,19.0650,74.8250,offices
414101,18.8600,74.8600,offices
414102,19.0650,75.0750,offices
414103,19.0750,74.5600,offices
414105,19.4100,74.7600,offices
414106,19.2200,75.1400,offices
414110,19.1500,74.7100,offices
414111,19.1500,74.7100,offices
414113,19.2300,75.4100,offices
414201,19.0500,74.8250,offices
414202,18.9428,75.0293,offices
414203,18.7886,75.2150,offices
414204,18.8225,75.5554,offices
414205,18.9992,75.6063,offices
414208,18.8452,75.1244,offices
414301,18.8950,74.4250,offices
414302,18.8100,74.2900,offices
414303,19.0500,74.4100,offices
414304,19.1100,74.3400,offices
414305,19.0500,74.2330,offices
414306,18.9200,74.2300,offices
414401,19.0650,75.2850,offices
414402,18.4950,75.6700,offices
414403,18.3700,75.0200,offices
414501,19.2300,74.9300,offices
414502,19.1600,75.1500,offices
414503,19.3200,75.5500,offices
414504,19.2758,75.4882,offices
414505,19.1800,73.1100,offices
414601,19.2300,74.8100,offices
414602,19.4317,74.9059,offices
414603,19.5803,75.0124,offices
414604,19.4255,75.0750,offices
414605,19.4529,75.0355,offices
414606,19.3600,74.9200,offices
414607,19.2400,74.6000,offices
414609,19.4840,74.9479,offices
414701,18.5950,74.6250,offices
415001,17.6882,74.0071,offices
415002,17.6914,73.9917,offices
415003,17.6909,74.0269,offices
415004,17.6771,74.0198,offices
415010,17.7495,74.1421,offices
415011,17.7694,74.0656,offices
415012,17.8406,74.3066,offices
415013,17.6914,74.0009,offices
415014,17.3770,73.9013,offices
415015,17.7337,73.9848,offices
415019,17.5904,74.1095,offices
415020,17.7900,73.9877,offices
415021,17.7413,74.1707,offices
415022,17.7309,73.9308,offices
415023,17.6738,74.4112,offices
415101,16.9093,73.8988,offices
415102,17.5483,74.4589,offices
415103,17.2455,74.0388,offices
415104,17.2045,74.1536,offices
415105,17.5731,73.9636,offices
415106,17.4020,74.1949,offices
415107,17.5113,74.1435,offices
415108,17.1641,74.1814,offices
415109,17.2865,74.1814,offices
415110,17.2885,74.1814,offices
415111,17.2865,74.1814,offices
415112,17.2381,73.9432,offices
415114,17.3000,74.1093,offices
415115,17.3021,74.1596,offices
415116,17.5182,74.2073,offices
415122,18.1162,73.8892,offices
415124,17.2974,74.1695,offices
415202,17.9327,73.3272,offices
415203,17.9331,73.2251,offices
415205,17.3651,73.9909,offices
415206,17.3770,73.9013,offices
415207,17.3770,73.9013,offices
415208,17.9786,73.1747,offices
415209,17.3057,74.0212,offices
415211,17.3161,73.9544,offices
415212,17.5904,74.4531,offices
415213,18.0432,73.2940,offices
415214,17.5491,73.2815,offices
415301,17.4200,74.9400,offices
415302,17.1700,74.2900,offices
415303,17.2100,74.3609,offices
415304,17.2900,74.3315,offices
415305,17.3050,74.4000,offices
415306,17.3693,74.8788,offices
415307,17.2700,74.7300,offices
415308,17.3950,74.8700,offices
415309,17.2600,74.7100,offices
415310,17.2600,74.7100,offices
415311,17.2772,74.5393,offices
415312,17.4613,74.6453,offices
415313,17.1261,74.3590,offices
415315,17.5100,74.9300,offices
415401,16.9650,74.1937,offices
415402,17.0044,74.0063,offices
415403,17.2784,74.2011,offices
415404,17.2239,73.8145,offices
415405,18.9700,73.1400,offices
415406,17.0909,74.2061,offices
415407,17.0300,74.2100,offices
415408,17.0100,74.1100,offices
415409,17.0200,74.2800,offices
415410,17.0900,74.1250,offices
415411,16.9400,74.2900,offices
415412,16.9000,74.1600,offices
415413,17.0557,74.2735,offices
415414,17.0664,74.2870,offices
415415,18.9700,73.1400,offices
415418,16.9129,74.1333,offices
415501,17.6983,74.1651,offices
415502,17.6655,74.3617,offices
415503,17.6544,74.3675,offices
415504,17.5745,74.1638,offices
415505,17.6544,74.3675,offices
415506,17.6035,74.4225,offices
415507,17.5391,74.5277,offices
415508,17.7728,74.5481,offices
415509,17.6714,74.6618,offices
415510,17.5327,74.3311,offices
415511,17.6458,74.1870,offices
415512,17.4577,74.3289,offices
415513,17.8569,74.5742,offices
415514,17.8797,74.5903,offices
415515,17.9010,73.9614,offices
415516,17.9464,73.9753,offices
415517,17.9775,73.9873,offices
415518,17.6303,74.0327,offices
415519,17.5651,74.0374,offices
415520,17.4199,74.0009,offices
415521,18.0723,74.1368,offices
415522,17.6798,73.9744,offices
415523,17.9845,74.4360,offices
415524,17.8568,74.1479,offices
415525,17.7201,74.1442,offices
415526,18.1155,74.0693,offices
415527,17.6544,74.3675,offices
415528,18.0178,74.3042,offices
415530,17.8517,73.9992,offices
415536,17.9684,73.9656,offices
415537,17.9240,74.2474,offices
415538,17.6544,74.3675,offices
415539,17.2865,74.1814,offices
415540,17.6332,74.6165,offices
415601,17.4358,73.6593,offices
415602,17.4471,73.6363,offices
415603,17.5797,73.4939,offices
415604,17.5333,73.5167,offices
415605,17.5333,73.5167,offices
415606,17.5333,73.5167,offices
415607,17.3571,73.5890,offices
415608,17.2972,73.4989,offices
415609,17.2727,73.5697,offices
415610,16.9920,73.2945,offices
415611,17.1682,73.5464,offices
415612,17.0178,73.2748,offices
415613,17.2941,73.2926,offices
415614,17.2941,73.2192,offices
415615,17.1934,73.2767,offices
415616,16.9902,73.3120,offices
415617,17.0864,73.3510,offices
415619,17.0172,73.4139,offices
415620,17.1714,73.3973,offices
415621,17.7285,73.4569,offices
415626,16.7842,73.3608,offices
415628,17.3619,73.7610,offices
415629,17.3631,73.4683,offices
415634,17.5464,73.1588,offices
415635,16.8620,73.5490,offices
415637,17.1023,73.4526,offices
415639,17.0203,73.3425,offices
415640,17.8372,73.4039,offices
415641,16.5559,73.4120,offices
415643,16.7590,73.6026,offices
415701,17.4776,73.4470,offices
415702,17.4774,73.3576,offices
415703,17.4829,73.1925,offices
415705,17.4094,73.2037,offices
415706,17.5932,73.1625,offices
415708,17.6529,73.4698,offices
415709,17.7196,73.3968,offices
415710,17.7284,73.3146,offices
415711,17.9933,73.3113,offices
415712,17.7630,73.1987,offices
415713,17.7531,73.1881,offices
415714,17.8606,73.1523,offices
415715,17.7146,73.4730,offices
415716,17.7531,73.1881,offices
415717,17.9184,73.0639,offices
415718,17.5868,73.6613,offices
415719,17.5491,73.2815,offices
415720,17.7292,73.1619,offices
415722,17.7196,73.3968,offices
415724,17.4829,73.2589,offices
415726,17.3571,73.3543,offices
415727,17.6214,73.3510,offices
415728,17.3381,73.2476,offices
415729,17.6583,73.1340,offices
415730,17.3363,74.0339,offices
415801,16.9766,73.7315,offices
415802,16.8923,73.5907,offices
415803,17.0140,73.5066,offices
415804,17.0936,73.6579,offices
415805,16.6422,73.4559,offices
415806,16.6455,73.4387,offices
415807,17.3363,74.0339,offices
416001,16.5620,74.1892,offices
416002,16.8428,74.2956,offices
416003,16.7197,74.2376,offices
416004,16.6803,74.2665,offices
416005,16.7064,74.2611,offices
416006,16.7342,74.2445,offices
416007,16.6602,74.2100,offices
416008,16.6896,74.2451,offices
416010,16.6920,74.1972,offices
416011,16.6734,74.2024,offices
416012,16.6914,74.2183,offices
416013,16.6606,74.2404,offices
416101,16.7768,74.5516,offices
416102,16.7263,74.5447,offices
416103,16.7375,74.6028,offices
416104,16.6957,74.6008,offices
416105,16.7032,74.6872,offices
416106,16.6852,74.5882,offices
416107,16.5888,74.5795,offices
416108,16.6146,74.6219,offices
416109,16.7455,74.4273,offices
416110,16.8093,74.4212,offices
416111,16.8260,74.4411,offices
416112,16.8359,74.3142,offices
416113,16.8607,74.2009,offices
416114,16.8773,74.1913,offices
416115,16.6853,74.4602,offices
416116,16.7109,74.4300,offices
416118,16.7207,74.3559,offices
416119,16.7057,74.3032,offices
416120,16.7520,74.5948,offices
416121,16.7077,74.4784,offices
416122,16.7610,74.2749,offices
416138,16.7061,74.4426,offices
416143,16.6332,74.4952,offices
416144,16.7715,74.5704,offices
416146,16.7264,74.4842,offices
416201,16.8077,74.1112,offices
416202,16.6569,74.3669,offices
416203,16.6250,74.3979,offices
416204,16.7278,74.1165,offices
416205,16.7164,74.0496,offices
416206,16.5941,73.8538,offices
416207,16.5707,74.2045,offices
416208,16.4293,74.1374,offices
416209,16.3169,74.1436,offices
416210,16.1764,74.0616,offices
416211,16.5334,74.1106,offices
416212,16.3896,73.9905,offices
416213,16.8750,74.0384,offices
416214,16.9104,74.0457,offices
416215,16.9057,73.9484,offices
416216,16.5770,74.3135,offices
416218,16.3353,74.2845,offices
416219,16.3980,74.1905,offices
416220,16.2404,74.2610,offices
416221,16.4798,74.1552,offices
416223,16.3290,74.1286,offices
416229,16.7145,74.2087,offices
416230,16.7786,74.0518,offices
416231,16.3642,74.0104,offices
416232,16.5423,74.2569,offices
416234,16.6382,74.2815,offices
416235,16.4254,74.2954,offices
416236,16.6089,74.3604,offices
416301,16.9500,74.4007,offices
416302,16.8550,74.5092,offices
416303,16.9800,74.4700,offices
416304,16.9057,74.6034,offices
416305,16.8850,74.5384,offices
416306,16.9384,74.6450,offices
416307,16.9851,74.6214,offices
416308,17.0875,74.4500,offices
416309,17.1166,74.4331,offices
416310,17.0909,74.4607,offices
416311,17.1200,74.7631,offices
416312,17.0400,74.6100,offices
416313,16.4900,74.2300,offices
416314,17.0800,74.6100,offices
416315,16.8811,74.4227,offices
416316,17.0005,74.4534,offices
416317,17.1406,74.6843,offices
416401,16.8000,74.8037,offices
416402,16.4400,73.8400,offices
416403,17.1400,74.9795,offices
416404,17.0500,75.2181,offices
416405,17.0500,74.8700,offices
416406,16.8866,74.5889,offices
416407,16.8693,74.7154,offices
416408,17.0266,74.6849,offices
416409,16.7835,74.6715,offices
416410,16.8237,74.6456,offices
416411,16.9814,74.9650,offices
416412,17.0600,75.5200,offices
416413,17.2700,75.6000,offices
416414,16.8195,74.6412,offices
416415,16.8100,74.5700,offices
416416,16.8544,74.5786,offices
416417,16.8795,74.4633,offices
416418,16.8919,74.9091,offices
416419,16.6600,74.5500,offices
416420,16.9100,74.6400,offices
416429,17.1303,75.4122,offices
416436,16.8700,74.6200,offices
416437,16.8495,74.6857,offices
416501,16.2433,74.3888,offices
416502,16.2239,74.3533,offices
416503,16.1454,74.3370,offices
416504,16.0593,74.3253,offices
416505,16.1204,74.2100,offices
416506,16.1648,74.4681,offices
416507,15.9033,74.3273,offices
416508,15.9915,74.3846,offices
416509,15.8940,74.1521,offices
416510,15.9108,73.8231,offices
416511,15.8353,73.8928,offices
416512,15.6876,74.0092,offices
416513,15.7458,73.7322,offices
416514,15.7943,73.8121,offices
416515,15.8560,73.6902,offices
416516,15.8807,73.6525,offices
416517,15.7458,73.6731,offices
416518,15.8021,73.6830,offices
416519,16.0445,73.8148,offices
416520,15.9910,73.6965,offices
416521,16.1315,73.7677,offices
416522,15.9388,73.5460,offices
416523,15.9779,73.5028,offices
416524,16.0025,73.5828,offices
416525,16.0178,73.6316,offices
416526,16.1830,74.2847,offices
416527,15.8104,74.1974,offices
416528,15.9837,73.6939,offices
416529,15.8576,73.7285,offices
416531,15.9946,73.9348,offices
416534,16.1023,73.6363,offices
416549,15.7576,74.0539,offices
416550,15.9108,73.9586,offices
416551,16.2128,74.4300,offices
416552,15.5435,74.1729,offices
416601,16.3860,73.7361,offices
416602,16.2797,73.6673,offices
416603,16.1621,73.6370,offices
416604,16.0851,73.5866,offices
416605,16.0365,73.5024,offices
416606,16.0578,73.4673,offices
416608,16.1710,73.5403,offices
416609,16.2546,73.8135,offices
416610,16.3769,73.5905,offices
416611,16.3441,73.4951,offices
416612,16.3781,73.4101,offices
416613,16.3706,73.3788,offices
416614,16.2187,73.4824,offices
416615,16.2988,73.4126,offices
416616,16.2561,73.5692,offices
416620,16.2241,73.7589,offices
416623,16.4148,73.4535,offices
416626,16.0979,73.4587,offices
416628,16.1754,73.7213,offices
416630,16.2820,73.4517,offices
416632,16.1755,73.8578,offices
416701,16.8620,73.5490,offices
416702,16.6560,73.5178,offices
416703,16.5388,73.6208,offices
416704,16.6560,73.5178,offices
416705,16.7055,73.5960,offices
416707,16.4410,73.8439,offices
416709,16.1385,73.7656,offices
416712,16.8813,73.5411,offices
416713,16.7528,73.4504,offices
416801,16.4473,73.6266,offices
416803,16.4938,73.4780,offices
416804,16.4981,73.3975,offices
416805,16.4642,73.3802,offices
416806,16.5240,73.3293,offices
416807,16.5007,73.3851,offices
416810,16.4681,73.7499,offices
416811,16.4899,73.5272,offices
416812,16.0805,73.6886,offices
416813,16.5722,73.7600,offices
421002,19.2355,73.1618,offices
421004,19.2110,73.1577,offices
421005,19.1986,73.1609,offices
421101,19.3981,73.1825,offices
421102,19.2698,73.1962,offices
421103,19.2412,73.1291,offices
421201,19.2120,73.0866,offices
421202,19.2216,73.0831,offices
421203,19.2149,73.1059,offices
421204,19.1785,73.0597,offices
421301,19.2411,73.1287,offices
421302,19.2939,73.0483,offices
421303,19.6667,73.1545,offices
421305,19.1714,73.0819,offices
421306,19.1888,73.1563,offices
421308,19.1810,73.0819,offices
421311,19.2576,73.0745,offices
421312,19.6014,73.1017,offices
421401,19.2515,73.3879,offices
421402,19.3504,73.6022,offices
421403,19.7705,74.2541,offices
421501,19.2073,73.1827,offices
421502,19.2149,73.1837,offices
421503,19.1633,73.2667,offices
421505,19.1992,73.2053,offices
421506,19.1882,73.1914,offices
421601,19.4639,73.3308,offices
421602,19.6451,73.4743,offices
421603,19.5313,73.3858,offices
421605,19.2683,73.1655,offices
422001,20.0082,73.8064,offices
422002,19.9967,73.7787,offices
422003,20.0680,73.8064,offices
422004,20.1345,73.8252,offices
422005,19.9884,73.7207,offices
422006,20.0051,73.7862,offices
422007,20.0082,73.8064,offices
422008,19.9861,73.7862,offices
422009,19.9396,74.5397,offices
422010,19.9284,73.7401,offices
422011,19.9884,73.7207,offices
422012,19.9884,73.7207,offices
422013,20.0302,73.6953,offices
422014,19.9974,73.7845,offices
422101,19.9642,73.8705,offices
422102,19.8975,73.9459,offices
422103,19.7969,74.0015,offices
422104,19.8297,74.2639,offices
422105,19.9416,73.8348,offices
422112,19.8356,74.0542,offices
422113,19.9122,73.9120,offices
422201,20.0358,73.9722,offices
422202,20.2248,73.8272,offices
422203,19.8273,73.5497,offices
422204,20.0901,73.4022,offices
422205,20.2350,73.8934,offices
422206,20.0785,74.1049,offices
422207,20.1008,73.8839,offices
422208,20.3002,73.4905,offices
422209,20.0801,74.1098,offices
422210,20.0428,74.0322,offices
422211,20.5732,73.5885,offices
422212,19.8854,73.5336,offices
422213,19.9988,73.5312,offices
422214,19.9026,73.5354,offices
422215,20.3356,73.6751,offices
422221,19.9884,73.7207,offices
422222,19.9622,73.8684,offices
422301,19.9622,73.8684,offices
422302,19.9622,73.8684,offices
422303,20.0365,74.0995,offices
422304,20.1181,74.1215,offices
422305,20.0568,74.1922,offices
422306,20.1750,74.2747,offices
422308,19.9622,73.8684,offices
422401,19.9388,73.8317,offices
422402,19.6973,73.5609,offices
422403,19.6356,73.5709,offices
422501,19.9272,73.8331,offices
422502,19.8527,73.8367,offices
422601,19.5952,73.9863,offices
422602,19.2825,74.0994,offices
422603,19.5115,74.0911,offices
422604,19.5375,73.8165,offices
422605,19.5710,74.2119,offices
422606,19.7470,74.1064,offices
422608,19.6080,74.1901,offices
422610,19.4119,73.9933,offices
422611,19.7056,74.2649,offices
422620,19.3928,74.1776,offices
422622,19.3515,74.2988,offices
423101,20.3300,74.2438,offices
423102,20.4300,74.1812,offices
423104,20.2978,74.4398,offices
423105,20.5905,74.6740,offices
423106,20.3064,74.6559,offices
423107,19.7040,74.4789,offices
423108,20.6008,74.4388,offices
423109,19.7893,74.4744,offices
423110,20.4174,74.3184,offices
423111,20.2821,74.0322,offices
423117,20.2947,74.1231,offices
423201,20.5370,74.4565,offices
423202,20.5544,74.4588,offices
423203,20.5534,74.5105,offices
423204,20.5727,74.4203,offices
423205,20.5499,74.5287,offices
423206,20.5499,74.5287,offices
423208,20.4173,74.4195,offices
423212,20.5183,74.5718,offices
423213,20.5544,74.2957,offices
423301,20.5905,74.1987,offices
423302,20.5905,74.1987,offices
423303,20.6826,74.2148,offices
423401,20.0259,74.4296,offices
423402,19.9987,74.5848,offices
423403,20.1373,74.5975,offices
423501,20.5055,74.0456,offices
423502,20.5212,73.8776,offices
423601,19.9134,74.4467,offices
423602,19.9102,74.3558,offices
423603,19.9291,74.5522,offices
423604,19.9408,74.2916,offices
423605,19.8118,74.3795,offices
423607,19.9617,74.3175,offices
423701,19.8908,74.6960,offices
423702,20.2369,74.3974,offices
423703,19.9289,74.7176,offices
424001,20.9042,74.7749,offices
424002,20.9062,74.7477,offices
424004,20.9017,74.7882,offices
424005,20.9526,74.7793,offices
424006,20.7805,74.7235,offices
424101,20.4586,75.0031,offices
424102,20.5362,75.1056,offices
424103,20.6054,75.1418,offices
424104,20.5835,75.2036,offices
424105,20.6699,75.1826,offices
424106,20.5940,74.9476,offices
424107,20.6256,75.0262,offices
424108,20.3968,74.8805,offices
424109,20.3064,74.6559,offices
424119,20.4765,74.9855,offices
424201,20.6479,75.3531,offices
424202,20.6549,75.4462,offices
424203,20.5951,75.4789,offices
424204,20.6713,75.6101,offices
424205,20.7113,75.6812,offices
424206,20.8066,75.7707,offices
424207,20.6718,75.8195,offices
424208,20.6458,75.8816,offices
424301,20.8762,74.8789,offices
424302,20.8956,74.5885,offices
424303,20.9430,74.5138,offices
424304,21.0072,74.3120,offices
424305,21.1447,74.2922,offices
424306,20.9399,74.0927,offices
424307,21.0631,74.6870,offices
424308,20.7230,74.8595,offices
424309,21.1236,74.8008,offices
424310,20.9019,74.2641,offices
424311,20.7818,74.8428,offices
424318,20.9566,74.8941,offices
425001,20.9994,75.5686,offices
425002,21.0693,75.5124,offices
425003,20.9560,75.6302,offices
425004,21.0036,75.4917,offices
425101,21.0412,75.6073,offices
425102,21.0736,75.6432,offices
425103,21.0099,75.4450,offices
425104,21.0373,75.3573,offices
425105,21.0428,75.2316,offices
425107,21.2435,75.2958,offices
425108,21.2476,75.2518,offices
425109,20.9032,75.3266,offices
425110,20.8202,75.3022,offices
425111,20.8245,75.0989,offices
425112,20.8067,75.0772,offices
425113,20.9146,75.0417,offices
425114,20.8478,75.6539,offices
425115,20.7791,75.4559,offices
425116,20.8488,75.4788,offices
425201,21.0441,75.7816,offices
425203,21.0506,75.8196,offices
425301,21.2728,75.6925,offices
425302,21.1615,75.6183,offices
425303,21.2211,75.4404,offices
425304,21.1629,75.7701,offices
425305,21.0177,75.9104,offices
425306,21.0636,76.0269,offices
425307,21.0417,75.8451,offices
425308,21.0352,75.9235,offices
425309,21.0016,75.6598,offices
425310,20.8487,76.0078,offices
425311,20.9663,75.7780,offices
425314,21.0026,75.5880,district
425327,20.9992,76.2869,offices
425401,21.0624,75.0076,offices
425402,21.1557,75.0239,offices
425403,21.1699,74.9251,offices
425404,21.2103,74.8398,offices
425405,21.3532,74.9183,offices
425406,21.2763,74.7266,offices
425407,21.1425,74.6730,offices
425408,21.3243,74.5751,offices
425409,21.5611,74.4868,offices
425410,21.4468,74.5127,offices
425411,21.3648,74.3792,offices
425412,21.4083,74.2231,offices
425413,21.5874,74.1603,offices
425414,21.8262,74.2238,offices
425415,21.5948,74.0360,offices
425416,21.2880,74.0235,offices
425417,21.1876,73.9129,offices
425418,21.1436,73.8314,offices
425419,21.5733,73.9269,offices
425420,21.1355,75.1102,offices
425421,21.2661,74.9849,offices
425422,21.5456,74.4487,offices
425423,21.4606,74.6278,offices
425424,21.5825,74.5332,offices
425426,21.1995,73.9810,offices
425427,21.4139,74.7709,offices
425428,21.5439,74.9155,offices
425432,21.6743,74.4724,offices
425442,21.6068,74.3153,offices
425444,21.5868,74.6359,offices
425452,21.7850,73.9736,offices
425501,21.1104,75.8783,offices
425502,21.1491,75.8867,offices
425503,21.1661,75.8628,offices
425504,21.2069,75.8813,offices
425505,21.1967,75.9254,offices
425506,21.1671,75.9620,offices
425507,21.1624,75.9936,offices
425508,21.2913,75.9999,offices
425524,21.2523,75.8451,offices
431001,19.8122,75.6386,offices
431002,19.8754,75.2845,offices
431003,19.8910,75.3612,offices
431004,19.9047,75.3135,offices
431005,19.8753,75.3398,offices
431006,19.8730,75.3765,offices
431007,19.8762,75.3885,offices
431008,19.9223,75.3483,offices
431009,19.8554,75.3553,offices
431010,19.8496,75.3390,offices
431011,19.8332,75.2886,offices
431025,19.8908,75.3613,offices
431101,20.0079,75.2074,offices
431102,20.0776,75.1791,offices
431103,20.2667,75.1333,offices
431104,20.2667,75.1333,offices
431105,19.6734,75.3689,offices
431107,19.4580,75.4605,offices
431109,19.6988,75.0085,offices
431110,19.6988,75.0085,offices
431111,19.4667,76.5268,offices
431112,20.2728,75.6178,offices
431113,20.3000,75.6500,offices
431114,20.3026,75.7519,offices
431115,20.0839,75.0055,offices
431116,19.9289,74.7176,offices
431117,20.4177,75.6987,offices
431118,20.5952,75.7245,offices
431120,20.5918,75.6067,offices
431121,19.6667,75.5316,offices
431122,18.9907,75.7585,offices
431123,18.7344,76.0067,offices
431124,18.8827,76.1120,offices
431125,18.8225,75.7924,offices
431126,18.7132,75.7335,offices
431127,19.3131,75.8261,offices
431128,18.9865,76.3084,offices
431129,19.2086,76.0136,offices
431130,19.2531,75.5515,offices
431131,19.1581,76.2152,offices
431132,20.5307,75.8253,offices
431133,19.6988,75.0085,offices
431134,19.4667,76.5268,offices
431135,20.3735,75.6178,offices
431136,20.4742,75.5438,offices
431137,19.4412,75.5369,offices
431142,19.1875,76.1791,offices
431143,19.1514,75.7587,offices
431144,18.9884,76.0458,offices
431147,20.3258,75.2212,offices
431148,19.5459,75.4170,offices
431150,20.5170,75.3453,offices
431151,20.2161,75.4951,offices
431152,19.9943,75.3323,offices
431153,19.0184,75.8540,offices
431154,19.8762,75.3433,offices
431202,19.8692,75.7155,offices
431203,19.8459,75.9069,offices
431204,19.6148,75.7850,offices
431205,19.6143,75.7850,offices
431206,20.2712,76.0224,offices
431207,19.5231,75.9870,offices
431208,19.3570,77.7825,offices
431209,19.5231,75.9870,offices
431211,19.3816,76.0580,offices
431212,19.6143,75.7850,offices
431213,20.3326,75.7138,offices
431214,20.3326,75.7138,offices
431215,20.3326,75.7138,offices
431401,19.2677,76.7710,offices
431402,19.2288,76.8047,offices
431501,19.5874,76.2287,offices
431502,19.5199,76.3035,offices
431503,19.4517,76.4357,offices
431504,19.7258,76.3947,offices
431505,19.3247,76.5005,offices
431506,19.2741,76.3525,offices
431507,19.3644,76.1838,offices
431508,19.4628,76.6990,offices
431509,19.6405,76.6644,offices
431510,19.7135,76.6565,offices
431511,19.1821,77.0230,offices
431512,19.3444,77.1586,offices
431513,19.7961,77.1480,offices
431514,18.9364,76.7185,offices
431515,18.8310,76.5740,offices
431516,19.0510,76.5004,offices
431517,18.7317,76.3472,offices
431518,18.6336,76.2035,offices
431519,18.7204,76.5522,offices
431520,18.8607,76.5288,offices
431521,19.1158,76.7025,offices
431522,18.5896,76.5965,offices
431523,18.6356,76.3668,offices
431530,18.9011,76.4720,offices
431536,18.8693,76.8841,offices
431537,19.3002,76.6433,offices
431540,19.4034,76.8317,offices
431541,19.1672,76.5366,offices
431542,19.8000,76.8471,offices
431543,19.4240,76.9687,offices
431601,19.1532,77.3133,offices
431602,19.1375,77.2675,offices
431603,19.1167,77.3409,offices
431604,19.1451,77.3283,offices
431605,19.1876,77.2950,offices
431606,19.1064,77.2855,offices
431701,19.5178,77.3643,offices
431702,19.6593,77.3136,offices
431703,19.9062,77.0178,offices
431704,19.2872,77.4161,offices
431705,19.5376,76.9861,offices
431707,18.9754,77.3007,offices
431708,18.9674,77.0923,offices
431709,18.9324,77.5440,offices
431710,18.7819,77.6660,offices
431711,18.7967,77.7872,offices
431712,19.4770,77.5589,offices
431713,19.3513,77.6044,offices
431714,18.8553,77.1935,offices
431715,18.6842,77.4058,offices
431716,18.6536,77.2600,offices
431717,18.5601,77.5334,offices
431718,18.4701,77.5198,offices
431719,18.4987,77.3574,offices
431720,18.9903,76.9867,offices
431721,19.8411,78.0001,offices
431722,18.8124,77.4532,offices
431723,18.6376,77.6350,offices
431724,19.8432,78.0339,offices
431731,18.6914,77.7386,offices
431736,18.7311,77.5682,offices
431741,18.3493,77.4491,offices
431742,18.7384,77.1421,offices
431743,19.5868,77.5650,offices
431745,19.2359,77.4894,offices
431746,18.8720,77.3333,offices
431750,19.2820,77.3028,offices
431801,19.1895,77.7190,offices
431802,19.3811,77.7825,offices
431803,19.3465,78.0511,offices
431804,19.6970,78.1232,offices
431805,19.8230,78.2185,offices
431806,19.1122,77.4676,offices
431807,19.0481,77.6373,offices
431808,18.9425,77.7218,offices
431809,18.8772,77.7826,offices
431810,19.4681,78.1676,offices
431811,19.5480,78.2234,offices
440001,21.1524,79.0693,offices
440002,21.1554,79.1141,offices
440003,21.1228,79.0850,offices
440005,21.8526,79.0537,offices
440006,21.1649,79.0524,offices
440007,21.1647,79.0347,offices
440008,21.1464,79.1213,offices
440010,21.1373,79.0599,offices
440012,21.1391,79.0804,offices
440013,21.1750,79.0624,offices
440014,21.1736,79.0901,offices
440015,20.5914,79.0710,offices
440016,21.1167,78.0022,offices
440017,21.1706,79.1077,offices
440018,21.1513,79.0971,offices
440019,21.0933,79.0100,offices
440020,21.1226,79.0733,offices
440021,21.1293,79.0490,offices
440022,21.1368,79.0801,offices
440023,21.1389,78.8734,offices
440024,21.1215,79.1103,offices
440025,21.1106,79.0610,offices
440026,21.1924,79.1039,offices
440027,21.1166,79.0974,offices
440029,21.2078,79.1841,offices
440030,21.1655,79.0744,offices
440032,21.1522,79.0692,offices
440033,21.1522,79.0692,offices
440034,21.0991,79.1222,offices
440035,19.9892,79.5568,offices
440036,21.1092,79.0219,offices
440037,21.0988,79.0986,offices
440038,21.1524,79.0693,offices
441001,21.2275,79.1901,offices
441101,21.4414,78.9974,offices
441102,21.2716,79.1471,offices
441103,21.1484,78.6520,offices
441104,21.1466,79.3402,offices
441105,21.3727,79.1093,offices
441106,21.3402,79.3307,offices
441107,21.3856,78.9218,offices
441108,20.9513,79.0264,offices
441109,21.1597,79.0723,offices
441110,21.0459,78.9435,offices
441111,21.2678,79.0620,offices
441112,21.4609,78.8832,offices
441113,21.3321,79.0198,offices
441122,20.9448,78.9811,offices
441123,21.2115,79.0686,offices
441124,21.0503,79.0579,offices
441201,20.7854,79.5196,offices
441202,21.0674,79.2589,offices
441203,20.8454,79.3360,offices
441204,21.0802,79.1462,offices
441205,20.6167,79.6900,offices
441206,20.5800,79.8437,offices
441207,20.7247,79.5632,offices
441208,20.4743,79.9741,offices
441209,20.6268,80.4205,offices
441210,20.9494,79.5186,offices
441212,20.2000,79.6848,offices
441214,20.7341,79.1877,offices
441215,20.2281,79.8196,offices
441217,20.5566,80.1384,offices
441221,20.5000,79.6350,offices
441222,20.2866,79.6300,offices
441223,20.3531,79.5823,offices
441224,20.0700,79.6300,offices
441225,20.0619,79.8521,offices
441226,19.9400,79.7300,offices
441301,21.3662,78.3666,offices
441302,21.2766,78.6760,offices
441303,21.4552,78.4474,offices
441304,21.2238,78.8209,offices
441305,21.3389,78.4822,offices
441306,21.4131,78.6298,offices
441401,21.2583,79.2507,offices
441404,21.2370,79.2079,offices
441501,21.2286,78.9092,offices
441502,21.3090,78.8299,offices
441601,21.4639,80.2124,offices
441614,21.4674,80.1700,offices
441701,20.8032,80.0100,offices
441702,20.8700,80.1275,offices
441801,21.3500,80.1600,offices
441802,21.1096,79.9876,offices
441803,20.7477,79.8838,offices
441804,21.0891,79.8045,offices
441805,20.8754,79.8829,offices
441806,21.0545,80.0908,offices
441807,21.1806,80.2100,offices
441809,21.0134,79.8535,offices
441901,20.9600,80.3916,offices
441902,21.4370,80.3244,offices
441903,20.8796,79.6937,offices
441904,21.1703,79.6549,offices
441905,21.2394,79.7007,offices
441906,21.1505,79.5912,offices
441907,21.5725,79.7195,offices
441908,20.8762,79.6997,offices
441909,21.3101,79.6725,offices
441910,20.7906,79.6368,offices
441911,21.3600,79.9000,offices
441912,21.4259,79.7119,offices
441913,21.0169,79.7681,offices
441914,21.3742,79.5997,offices
441915,21.4676,79.8381,offices
441916,21.3179,80.4938,offices
441924,21.1044,79.6791,offices
442001,20.7296,78.6018,offices
442003,20.7341,78.5931,offices
442101,20.6471,78.4865,offices
442102,20.7284,78.7100,offices
442104,20.8378,78.6962,offices
442105,20.8160,78.8852,offices
442106,20.9920,78.4498,offices
442107,20.1668,77.1066,offices
442111,20.7818,78.6682,offices
442201,20.9626,78.2173,offices
442202,21.2081,78.1922,offices
442203,21.1551,78.4739,offices
442301,20.5544,78.8363,offices
442302,20.7252,78.3660,offices
442303,20.7153,78.3393,offices
442304,20.5717,78.7175,offices
442305,20.6398,78.6125,offices
442306,20.6198,78.3373,offices
442307,20.4389,78.7465,offices
442401,19.9585,79.2921,offices
442402,19.9450,79.2731,offices
442403,19.7444,79.2634,offices
442404,20.0400,79.3200,offices
442406,19.9806,79.2200,offices
442501,20.1171,79.1494,offices
442502,19.9197,79.1349,offices
442503,20.1315,79.0305,offices
442504,18.9935,79.9682,offices
442505,19.9457,79.1220,offices
442507,19.8857,79.3099,offices
442603,19.9205,79.9177,offices
442604,19.8109,80.0451,offices
442605,20.1792,80.0133,offices
442606,20.1779,80.2126,offices
442701,19.8440,79.4175,offices
442702,19.6700,79.6700,offices
442703,19.4241,80.0700,offices
442704,19.6049,80.3400,offices
442705,19.3650,79.9900,offices
442707,19.7038,79.8143,offices
442709,19.1012,80.2200,offices
442710,19.3903,80.2921,offices
442901,19.8838,79.3854,offices
442902,20.0627,79.1500,offices
442903,20.5400,79.4560,offices
442904,20.4485,79.4946,offices
442905,19.7268,79.3325,offices
442906,20.3094,79.2134,offices
442907,20.3150,78.9719,offices
442908,19.6300,79.1400,offices
442914,20.2600,79.0300,offices
442916,19.7500,79.0000,offices
442917,19.7804,79.1351,offices
442918,19.8889,79.6085,offices
442919,19.6694,79.9975,offices
442920,20.6323,79.4000,offices
443001,20.5359,76.1845,offices
443002,20.5048,76.1843,offices
443101,20.8824,76.1796,offices
443102,20.8010,76.1929,offices
443103,20.6745,76.2059,offices
443104,20.6677,76.0344,offices
443106,20.4672,76.1843,offices
443112,20.9328,76.1893,offices
443201,20.3033,76.2421,offices
443202,20.2121,76.3709,offices
443203,19.9412,76.1500,offices
443204,20.0805,76.0863,offices
443206,20.0604,76.1585,offices
443301,20.1397,76.5637,offices
443302,19.9767,76.5240,offices
443303,20.1850,76.7217,offices
443304,20.2968,76.5734,offices
443308,19.9923,76.2729,offices
443401,20.8851,76.3366,offices
443402,20.5803,76.2155,offices
443403,21.0053,76.4541,offices
443404,20.8300,76.4583,offices
444001,20.7100,77.0000,offices
444002,20.7173,76.9803,offices
444003,20.8150,77.1200,offices
444004,20.6736,77.0113,offices
444005,20.7200,77.0300,offices
444006,20.7108,76.9900,offices
444007,20.6968,76.9757,offices
444101,21.0965,77.0800,offices
444102,20.7251,77.2150,offices
444103,21.1412,76.8747,offices
444104,20.7000,77.0500,offices
444105,20.5050,77.5400,offices
444106,20.7800,77.5000,offices
444107,20.7100,77.3600,offices
444108,20.9800,76.8700,offices
444109,20.7500,76.8700,offices
444110,20.6400,77.5691,offices
444111,20.9000,77.0500,offices
444117,21.0300,76.9928,offices
444126,21.1174,76.9500,offices
444201,20.9674,76.7355,offices
444202,20.6477,77.8183,offices
444203,20.8001,76.6953,offices
444204,21.1657,76.6927,offices
444301,20.3978,76.4639,offices
444302,20.6619,76.8550,offices
444303,20.3485,76.1132,offices
444304,20.8505,76.5602,offices
444306,20.7284,76.4485,offices
444311,20.8700,76.7900,offices
444312,20.7937,76.6276,offices
444401,20.5500,77.0800,offices
444402,20.3700,77.2500,offices
444403,20.2650,77.4300,offices
444404,20.1800,77.5900,offices
444405,20.4800,77.1800,offices
444407,20.5684,77.2495,offices
444409,20.2100,77.3250,offices
444501,20.4900,76.8450,offices
444502,20.5997,76.8552,offices
444503,20.2500,76.9900,offices
444504,20.1100,76.8800,offices
444505,20.1400,77.1600,offices
444506,19.9786,76.7050,offices
444507,20.0400,77.2700,offices
444510,20.0350,76.9900,offices
444511,20.3750,76.8450,offices
444601,20.9339,77.7480,offices
444602,20.9000,77.6500,offices
444603,20.9299,77.7523,offices
444604,20.9531,77.7595,offices
444605,20.9401,77.7399,offices
444606,20.9285,77.7516,offices
444607,20.8971,77.7439,offices
444701,20.7350,77.7100,offices
444702,21.5515,76.9300,offices
444704,21.2400,77.7300,offices
444705,21.1250,77.2700,offices
444706,20.9300,77.2050,offices
444707,21.2100,77.9500,offices
444708,20.6165,77.7803,offices
444709,20.8250,78.1250,offices
444710,20.7051,78.0772,offices
444711,20.8158,78.2536,offices
444717,21.3460,77.3500,offices
444719,21.4700,76.8250,offices
444720,21.3400,76.7100,offices
444723,21.2350,77.6150,offices
444801,21.0400,77.6800,offices
444802,20.9300,77.4950,offices
444803,20.9650,77.3298,offices
444804,21.0700,77.5450,offices
444805,21.3008,77.5155,offices
444806,21.2500,77.5100,offices
444807,21.4200,77.3800,offices
444808,21.2600,77.3678,offices
444809,21.3300,77.6400,offices
444810,21.3378,77.6792,offices
444813,21.5400,77.2123,offices
444901,21.1000,77.8900,offices
444902,21.0400,77.9900,offices
444903,21.0550,78.0675,offices
444904,20.8700,77.9500,offices
444905,21.3200,77.9600,offices
444906,21.4500,78.3100,offices
444907,21.5222,78.2903,offices
444908,21.4475,78.1950,offices
444915,21.1450,77.8400,offices
445001,20.4131,78.1338,offices
445002,20.3942,78.1292,offices
445101,20.6456,78.1472,offices
445102,20.4902,77.8694,offices
445103,20.0629,77.9513,offices
445105,20.3850,78.1190,offices
445106,19.9563,78.1132,offices
445109,20.1666,78.1498,offices
445110,20.2164,78.9079,offices
445201,20.3476,77.8629,offices
445202,20.3127,77.7687,offices
445203,20.1052,77.7136,offices
445204,19.9089,77.5718,offices
445205,20.3850,78.1190,offices
445206,19.6009,77.6906,offices
445207,20.3850,78.1190,offices
445209,19.7279,77.4461,offices
445210,19.7514,75.7138,offices
445211,19.6830,77.5628,offices
445215,19.8983,77.5514,offices
445216,19.9249,77.5761,offices
445230,19.7228,77.8762,offices
445301,20.1407,78.3126,offices
445302,20.0232,78.5459,offices
445303,20.0987,78.8323,offices
445304,20.0558,78.9524,offices
445305,19.8713,78.5760,offices
445306,19.9908,78.3394,offices
445307,19.8727,79.0538,offices
445308,20.2764,78.7177,offices
445323,19.7514,75.7138,offices
445324,19.8675,78.7486,offices
445401,20.3850,78.1190,offices
445402,20.4196,78.5157,offices
450001,21.8014,76.3614,offices
450051,21.7873,76.6131,offices
450110,22.0281,76.6073,offices
450112,22.1324,76.4765,offices
450114,22.1800,76.2797,offices
450116,22.0768,76.7346,offices
450117,21.8152,76.7617,offices
450119,21.8229,76.3519,offices
450221,21.4733,76.4838,offices
450331,21.3110,76.2300,offices
450332,21.4215,76.6600,offices
450337,21.6416,76.2949,offices
450445,21.1919,76.2652,offices
450551,22.1407,76.2421,offices
450554,21.8621,76.6607,offices
450661,21.6623,76.1472,offices
450771,21.8087,76.2790,offices
450881,21.6603,76.5314,offices
450991,21.9684,76.4634,offices
451001,21.8112,75.5640,offices
451111,22.1401,76.0600,offices
451113,22.1489,75.8317,offices
451114,21.9765,75.9172,offices
451115,22.3298,76.0392,offices
451220,22.2887,75.8702,offices
451221,22.2291,75.6909,offices
451224,22.2800,75.5700,offices
451225,22.1983,75.7978,offices
451228,22.0922,75.6090,offices
451331,21.8644,75.9988,offices
451332,21.5736,75.9323,offices
451335,21.9153,75.7516,offices
451440,21.8338,75.4199,offices
451441,21.6976,75.6351,offices
451442,21.9132,75.3587,offices
451447,21.8440,75.0261,offices
451449,21.8582,75.2537,offices
451551,21.9758,74.7465,offices
451556,22.0231,75.0596,offices
451660,22.0900,75.3227,offices
451666,21.6151,75.1187,offices
451770,21.6810,74.7307,offices
451881,21.7313,74.6393,offices
452001,22.7180,75.8792,offices
452002,22.7118,75.8487,offices
452003,22.7356,75.8711,offices
452005,22.7262,75.8142,offices
452006,22.7263,75.8457,offices
452007,22.7185,75.8594,offices
452009,22.6916,75.8280,offices
452010,22.7587,75.8863,offices
452011,22.7411,75.8841,offices
452012,22.4000,75.4900,offices
452013,22.6694,75.8135,offices
452014,22.6990,75.8575,offices
452015,22.5884,75.6797,offices
452016,22.7188,75.9448,offices
452018,22.7175,75.8963,offices
452020,22.6200,75.9260,offices
452999,22.7078,75.8792,offices
453001,22.7248,75.6150,offices
453111,22.8295,75.7619,offices
453112,22.7078,75.8469,offices
453115,22.8427,75.5500,offices
453220,23.0053,75.5294,offices
453331,22.6785,75.6817,offices
453441,22.5341,75.7618,offices
453446,22.3400,75.4700,offices
453551,22.8907,75.7922,offices
453552,22.5065,75.9267,offices
453555,22.7078,75.8792,offices
453556,22.7078,75.8792,offices
453661,22.5381,75.6841,offices
453771,22.8734,75.9703,offices
454001,22.6000,75.3000,offices
454010,22.4519,75.5446,offices
454111,22.7538,75.0403,offices
454116,22.6618,74.8852,offices
454221,22.3911,74.8338,offices
454331,22.1633,74.6758,offices
454335,22.1783,74.8639,offices
454441,22.6398,75.1272,offices
454446,22.3792,75.0699,offices
454449,22.2509,75.3117,offices
454552,22.9609,75.5051,offices
454660,23.0218,75.1675,offices
454665,22.8484,75.2333,offices
454773,22.6716,75.4665,offices
454774,22.6205,75.5655,offices
454775,22.6173,75.6865,offices
455001,22.9612,76.0514,offices
455111,22.8977,75.7333,offices
455115,22.9764,76.2214,offices
455116,23.1585,76.3348,offices
455118,22.9745,76.3762,offices
455221,22.7507,76.2305,offices
455223,22.7583,76.2203,offices
455227,22.6100,76.3819,offices
455332,22.6599,76.7077,offices
455336,22.6222,76.8714,offices
455339,22.5386,77.0070,offices
455440,22.6157,76.5645,offices
455459,22.4597,76.6831,offices
456001,23.1809,75.7829,offices
456003,22.9609,75.7763,offices
456006,23.1809,75.7797,offices
456010,23.1674,75.7964,offices
456221,23.3487,75.5642,offices
456222,23.1444,75.5309,offices
456224,23.4939,75.3164,offices
456313,23.2992,77.0881,offices
456331,24.7995,75.5884,offices
456335,23.4540,75.4359,offices
456337,23.3160,75.4791,offices
456440,23.6354,75.2800,offices
456441,23.6296,75.7662,offices
456443,23.4469,75.7110,offices
456550,23.3858,75.8667,offices
456661,23.1809,75.9028,offices
456664,23.0684,75.9055,offices
456665,23.3301,76.0499,offices
456668,23.4511,76.0305,offices
456770,23.3644,76.1841,offices
456771,23.0510,75.3778,offices
456776,23.4450,75.2877,offices
457001,23.3300,75.0300,offices
457111,23.3300,75.0300,offices
457114,23.7600,75.5500,offices
457118,23.7200,75.3700,offices
457119,23.6100,75.7400,offices
457222,23.4500,75.0600,offices
457226,23.6400,75.1200,offices
457331,23.3600,75.4200,offices
457333,23.6700,74.9500,offices
457336,23.7300,75.1800,offices
457339,23.3300,75.0300,offices
457340,23.7200,75.0000,offices
457441,23.2200,75.1400,offices
457550,23.4500,74.9200,offices
457555,23.3100,74.6300,offices
457661,22.7600,74.5900,offices
457770,23.3000,75.0000,offices
457772,22.7721,74.5908,offices
457773,23.0102,74.7956,offices
457775,22.7510,77.7810,offices
457777,22.9074,74.5420,offices
457779,22.9000,74.5400,offices
457882,22.5276,74.3132,offices
457885,22.5000,74.1400,offices
457887,22.2863,74.3240,offices
457888,22.1100,74.3210,offices
457990,22.4198,74.4198,offices
457993,22.6486,74.5214,offices
458001,24.0700,75.0600,offices
458002,24.0685,75.0761,offices
458110,24.4528,75.1532,offices
458113,24.5495,75.1137,offices
458116,24.4433,75.2443,offices
458118,24.4768,75.1437,offices
458220,24.5942,74.8627,offices
458226,24.8639,75.0673,offices
458228,24.5942,74.8627,offices
458330,24.5942,74.8627,offices
458336,24.3735,74.8684,offices
458339,24.2726,74.9909,offices
458389,23.5770,76.5343,offices
458441,24.4500,74.8711,offices
458468,24.3084,74.8827,offices
458470,24.5836,74.8068,offices
458553,24.2834,74.9909,offices
458556,24.2834,74.9909,offices
458558,24.1517,75.2146,offices
458664,24.2834,74.9909,offices
458667,23.8792,76.1979,offices
458669,24.0822,76.5170,offices
458771,24.2055,75.8381,offices
458775,23.8733,76.1722,offices
458778,23.3747,76.2046,offices
458880,24.3186,75.6420,offices
458883,24.1800,75.6063,offices
458888,24.0950,75.5924,offices
458895,23.2938,76.0333,offices
458990,24.0447,75.3524,offices
460001,21.9242,77.8682,offices
460004,21.8022,77.9310,offices
460110,21.5837,77.8949,offices
460220,21.4950,77.6219,offices
460225,21.7690,77.7395,offices
460330,21.9532,77.5089,offices
460440,22.2222,77.8755,offices
460443,22.0775,77.9648,offices
460447,22.1294,78.2026,offices
460449,22.1275,78.1447,offices
460551,21.9427,78.1807,offices
460553,21.9171,78.0613,offices
460554,22.6340,75.0267,offices
460557,21.7036,78.0870,offices
460661,21.7992,78.2554,offices
460663,21.8286,78.4482,offices
460665,21.6388,78.2256,offices
460666,21.6782,78.1821,offices
460668,21.5297,78.0481,offices
461001,22.7573,77.7258,offices
461005,22.7389,77.7142,offices
461110,22.7065,77.7398,offices
461111,22.6141,77.7668,offices
461114,22.5948,77.7821,offices
461115,22.5951,77.7371,offices
461116,22.3600,77.3700,offices
461122,22.5806,77.8504,offices
461221,22.8000,77.7833,offices
461223,22.4507,77.4690,offices
461228,22.3671,77.2211,offices
461331,22.3335,77.0952,offices
461335,22.1542,77.0622,offices
461441,22.1658,76.8596,offices
461445,23.0643,77.0803,district
461446,22.7540,77.7356,offices
461551,22.7502,77.2459,offices
461661,22.7540,77.7356,offices
461668,22.6908,78.0832,offices
461771,22.6951,78.1949,offices
461775,22.7563,78.3554,offices
461881,22.4596,78.4337,offices
461990,22.7678,78.5340,offices
462001,23.2646,77.3993,offices
462002,23.2400,77.3900,offices
462003,23.2280,77.4026,offices
462004,23.2373,77.4195,offices
462008,23.2529,77.4175,offices
462010,23.3350,77.4299,offices
462011,23.2323,77.4289,offices
462016,23.2252,77.4213,offices
462020,23.2000,77.4500,offices
462022,23.2453,77.4898,offices
462023,23.2455,77.4457,offices
462024,23.2100,77.4435,offices
462026,23.2150,77.4400,offices
462027,23.2414,77.4266,offices
462028,23.2751,77.5067,offices
462030,23.2750,77.2950,offices
462031,23.2900,77.3200,offices
462033,23.3118,77.3619,offices
462034,23.1935,77.3444,offices
462036,23.3300,77.2700,offices
462037,23.3014,77.4242,offices
462038,23.3500,77.4200,offices
462039,23.1918,77.4327,offices
462040,23.2400,77.4500,offices
462041,23.1400,77.5300,offices
462042,23.1410,77.4200,offices
462043,23.1918,77.4800,offices
462044,23.1850,77.3200,offices
462045,23.2500,77.4400,offices
462046,23.0518,77.4800,offices
462047,23.1820,77.4447,offices
462057,23.2414,77.4266,offices
462066,23.2900,77.2700,offices
462099,23.2605,77.3941,offices
462100,23.2885,77.3942,offices
462101,23.4850,77.3900,offices
462116,23.2011,77.4252,offices
462120,23.8100,77.2600,offices
463106,23.6300,77.3960,offices
463111,23.6800,77.5200,offices
464001,23.5241,77.9439,offices
464111,23.8874,77.5103,offices
464113,23.1019,77.6135,offices
464114,24.0740,77.3796,offices
464220,24.0230,77.9796,offices
464221,23.9422,77.8649,offices
464224,24.1758,78.0362,offices
464226,23.5574,77.6436,offices
464228,24.1575,77.6820,offices
464240,24.0261,78.5069,offices
464258,23.7074,77.7752,offices
464331,23.6600,78.1234,offices
464334,23.7584,78.1899,offices
464337,23.9730,78.2076,offices
464551,23.3329,77.8660,offices
464570,23.5170,78.5520,offices
464573,23.3170,78.0680,offices
464651,23.4664,77.6175,offices
464661,23.4394,78.1845,offices
464665,22.9332,78.0709,offices
464668,22.9956,78.2303,offices
464671,23.1039,76.8452,offices
464672,23.1476,78.3220,offices
464770,24.2657,78.9083,offices
464774,23.1167,78.7519,offices
464881,23.5750,78.3558,offices
464884,23.4329,78.2303,offices
464886,23.2925,78.5891,offices
464986,23.1432,78.0571,offices
464990,23.0698,77.7036,offices
464993,23.0101,77.5900,offices
465001,23.4356,76.2743,offices
465106,23.2977,76.1773,offices
465110,23.2844,76.3719,offices
465113,23.2349,76.4462,offices
465116,23.2726,76.5857,offices
465118,23.1641,76.5876,offices
465220,23.3729,76.4357,offices
465223,23.3955,76.5402,offices
465226,23.6479,76.3530,offices
465227,23.4822,76.6133,offices
465230,23.6539,76.1727,offices
465313,23.2482,75.4475,offices
465333,23.2262,76.7253,offices
465335,23.2907,76.7239,offices
465337,23.2939,76.8548,offices
465339,23.4276,76.9257,offices
465441,23.6584,75.9928,offices
465445,23.8088,76.1784,offices
465447,23.9395,76.1436,offices
465449,23.8957,76.4570,offices
465550,23.7393,75.8505,offices
465661,23.9998,76.7905,offices
465667,23.5569,77.0258,offices
465669,23.7552,77.0798,offices
465674,23.9186,76.9384,offices
465677,24.0145,77.0605,offices
465679,24.1610,76.5806,offices
465680,23.5458,76.7394,offices
465683,23.6922,76.6840,offices
465685,23.6766,76.8980,offices
465687,23.7892,76.6117,offices
465689,23.8784,76.4723,offices
465691,23.9608,76.3724,offices
465693,24.1413,76.3384,offices
465697,23.6238,76.5108,offices
466001,23.2045,77.0757,offices
466111,23.1080,77.2222,offices
466113,23.1073,76.9062,offices
466114,23.0765,76.8000,offices
466115,22.9890,77.0201,offices
466116,23.4216,76.7850,offices
466118,22.9519,76.5084,offices
466120,22.8586,76.6097,offices
466125,24.2714,76.6830,offices
466221,23.0520,76.4943,offices
466331,22.7369,77.2486,offices
466445,22.7755,77.6808,offices
466446,22.8544,77.4788,offices
466448,22.9068,78.0141,offices
466554,22.9850,77.4111,offices
466651,23.4124,77.0850,offices
466661,23.4031,77.1816,offices
466665,23.5694,77.2135,offices
470001,23.8380,78.7538,offices
470002,23.8418,78.7320,offices
470003,23.8266,78.7751,offices
470004,23.8446,78.8008,offices
470021,23.8647,78.9352,offices
470051,23.6448,78.7292,offices
470113,24.2802,78.2077,offices
470115,23.9060,78.5477,offices
470117,24.0312,78.3304,offices
470118,24.2055,78.3743,offices
470119,23.7544,78.3586,offices
470120,23.8074,78.5831,offices
470124,24.2206,78.1510,offices
470125,23.6588,78.5821,offices
470221,23.6289,78.8326,offices
470223,23.5235,78.9359,offices
470226,23.3819,79.0165,offices
470227,23.5824,79.1111,offices
470228,23.7242,78.9232,offices
470229,23.7795,79.1436,offices
470232,23.7607,79.1356,offices
470235,23.3786,78.7634,offices
470335,24.0370,78.9593,offices
470337,23.9561,78.8637,offices
470339,24.3393,79.0998,offices
470340,24.1520,78.9609,offices
470441,24.2338,78.5527,offices
470442,24.0779,78.6594,offices
470661,23.8366,79.4422,offices
470663,23.6876,79.6474,offices
470664,23.8087,79.6895,offices
470666,23.9296,79.2000,offices
470669,23.9064,79.0490,offices
470672,23.7962,79.3832,offices
470673,24.1029,79.3549,offices
470675,23.9721,79.3888,offices
470771,23.8658,79.5266,offices
470772,23.9863,79.6249,offices
470775,24.1705,79.6320,offices
470776,24.2798,79.6561,offices
470880,23.3885,79.4057,offices
470881,23.5495,79.8062,offices
471001,24.9164,79.5926,offices
471101,24.7334,79.9785,offices
471105,24.9110,79.5878,offices
471111,25.0623,79.4397,offices
471201,24.9655,79.3386,offices
471301,24.6920,79.3354,offices
471311,24.5312,79.3006,offices
471313,24.5962,79.8079,offices
471315,25.2553,80.0028,offices
471318,24.2501,79.2499,offices
471405,24.6129,79.4903,offices
471408,24.5776,79.7085,offices
471411,25.0544,79.6247,offices
471501,24.9934,79.8742,offices
471510,24.1729,79.2193,offices
471515,25.1304,80.0031,offices
471516,25.2492,80.1934,offices
471525,25.1304,80.1959,offices
471606,24.8473,79.9317,offices
471625,24.4537,80.4778,offices
472001,24.7408,78.8800,offices
472005,24.6288,78.8115,offices
472010,24.6473,78.9398,offices
472101,24.9691,78.7660,offices
472111,24.7978,79.0420,offices
472115,24.8775,79.0897,offices
472118,25.0097,79.0757,offices
472221,25.0922,79.2152,offices
472246,25.4328,78.6695,offices
472331,25.1073,78.8385,offices
472336,25.2089,78.7894,offices
472337,25.1893,78.6717,offices
472339,24.9719,78.8420,offices
472442,24.5271,78.7465,offices
472445,26.0382,78.9555,offices
472447,25.2810,78.8857,offices
473001,24.6653,77.3607,offices
473101,24.3900,77.4400,offices
473105,24.8800,77.0900,offices
473106,24.7969,76.9656,offices
473110,24.5800,77.1900,offices
473111,24.4800,77.1200,offices
473112,24.6653,77.3607,offices
473113,24.7637,77.3832,offices
473115,24.1456,77.0550,offices
473118,24.2314,77.0435,offices
473222,24.3496,76.9638,offices
473226,24.4000,77.1800,offices
473249,24.5600,77.3700,offices
473287,24.1808,77.2033,offices
473330,24.6350,77.5794,offices
473331,24.4963,77.7250,offices
473332,24.8189,77.6600,offices
473335,24.8436,77.8239,offices
473440,24.5040,77.9300,offices
473443,24.4289,78.1640,offices
473444,24.5400,78.1400,offices
473445,24.3423,77.9570,offices
473446,24.7314,78.1442,offices
473447,24.9624,77.9168,offices
473551,25.4546,77.6463,offices
473585,24.9750,78.2200,offices
473638,25.3656,77.7151,offices
473660,25.4700,78.1700,offices
473662,25.5500,78.1200,offices
473665,25.4100,78.2700,offices
473670,25.2750,78.0500,offices
473770,25.2825,77.5904,offices
473773,24.9650,77.7061,offices
473774,25.1700,77.5187,offices
473775,25.5100,77.3900,offices
473781,25.1050,77.7800,offices
473793,25.7240,77.5324,offices
473865,25.6900,78.0000,offices
473880,25.5851,77.9450,offices
473885,25.0160,77.4700,offices
473990,25.0300,78.1000,offices
473995,25.1850,78.1850,offices
474001,26.1786,78.1449,offices
474002,26.2308,78.3219,offices
474003,26.2316,78.2473,offices
474004,26.2308,78.3219,offices
474005,26.2566,78.2084,offices
474006,26.2283,78.3278,offices
474007,26.2308,78.3219,offices
474008,26.2308,78.3219,offices
474009,26.1786,78.1449,offices
474010,26.2202,78.1180,offices
474011,26.2308,78.3219,offices
474012,26.1786,78.1449,offices
474015,26.2308,78.3219,offices
474020,26.2676,78.3026,offices
475001,26.0726,78.1807,offices
475002,26.1608,78.4532,offices
475005,26.0080,78.2305,offices
475110,25.9006,78.1992,offices
475115,25.9873,78.4302,offices
475220,25.8162,78.0502,offices
475330,26.0982,77.9117,offices
475331,26.0533,77.9375,offices
475335,25.7804,78.7660,offices
475336,25.8838,78.7157,offices
475661,25.6935,78.4643,offices
475671,25.6495,78.6030,offices
475673,26.0239,78.6824,offices
475675,25.8835,78.5418,offices
475682,26.1626,78.7462,offices
475685,25.7623,78.4127,offices
475686,25.6819,78.3465,offices
476001,26.5255,77.9754,offices
476111,26.7503,78.2593,offices
476115,26.6983,78.4117,offices
476134,26.6370,78.1194,offices
476219,26.4716,77.8108,offices
476221,26.3760,77.8535,offices
476224,26.3428,77.6103,offices
476228,26.2219,77.6419,offices
476229,26.2418,77.4308,offices
476332,25.9774,77.4223,offices
476335,26.0547,76.9923,offices
476337,25.7410,76.6604,offices
476338,25.9444,76.8590,offices
476339,25.5058,76.6622,offices
476355,25.5970,77.0809,offices
476444,26.4001,78.1068,offices
476554,26.5739,78.2250,offices
477001,26.5555,78.7774,offices
477105,26.6090,78.7600,offices
477111,26.7104,78.6556,offices
477116,26.4532,78.4375,offices
477117,26.4395,78.2990,offices
477222,26.2509,78.6330,offices
477227,26.3438,78.7707,offices
477331,26.5182,78.9630,offices
477332,26.5229,78.8624,offices
477333,26.4403,79.0244,offices
477335,26.3612,78.9308,offices
477441,26.3012,79.0277,offices
477445,26.2076,78.9193,offices
477446,26.1241,78.8486,offices
477447,26.0343,78.8997,offices
477449,26.0270,78.8214,offices
477450,26.1100,78.9500,offices
477555,26.6763,78.8083,offices
477557,26.4743,78.6203,offices
477566,26.6492,78.9534,offices
477660,26.5872,78.5205,offices
480001,22.0534,78.9500,offices
480003,22.0534,78.9379,offices
480105,21.6885,78.6853,offices
480106,21.6726,78.8179,offices
480107,21.8790,78.8801,offices
480108,21.5974,78.8664,offices
480109,21.5905,78.7300,offices
480110,21.9149,79.1139,offices
480111,21.8286,79.1021,offices
480112,22.4722,78.8159,offices
480115,22.0554,79.3099,offices
480221,22.3194,79.1402,offices
480223,22.1939,79.0250,offices
480224,22.6333,79.0707,offices
480331,21.9573,78.7264,offices
480334,21.6783,78.5263,offices
480337,21.5040,78.6437,offices
480338,21.6258,78.4500,offices
480441,22.1925,78.7995,offices
480442,22.1054,79.0641,offices
480447,22.1003,78.6869,offices
480449,22.2031,78.6914,offices
480551,22.1306,78.5638,offices
480555,22.1932,78.4174,offices
480557,22.2136,78.7455,offices
480559,22.4129,78.5843,offices
480661,22.0984,79.5494,offices
480667,22.0338,79.7445,offices
480771,21.8128,80.1838,offices
480880,22.9734,78.6568,offices
480881,22.0984,79.5494,offices
480882,22.2233,79.5364,offices
480884,24.9330,77.8500,offices
480886,22.9734,78.6568,offices
480887,22.6163,79.4700,offices
480888,22.7513,79.7203,offices
480990,22.2127,79.7385,offices
480991,22.0880,79.5518,offices
480994,22.3706,79.9100,offices
480996,22.0882,79.5518,offices
480997,22.6567,80.0666,offices
480999,22.6032,79.8195,offices
481001,21.8129,80.1838,offices
481051,22.0253,80.7504,offices
481102,21.4911,80.5829,offices
481105,21.8128,80.1838,offices
481111,22.1038,80.5486,offices
481115,21.6267,80.3311,offices
481116,22.5000,80.7114,offices
481117,21.8114,80.1995,offices
481222,21.5059,80.5481,offices
481224,21.4023,80.4351,offices
481226,21.7230,80.2738,offices
481331,21.7621,80.0564,offices
481332,21.7800,80.2500,offices
481335,21.6387,80.1801,offices
481337,21.5262,79.9013,offices
481441,21.9366,80.0496,offices
481445,21.7725,79.8039,offices
481449,21.6463,79.6693,offices
481551,22.1134,80.1357,offices
481556,22.5755,80.2139,offices
481661,24.4556,80.3993,offices
481662,23.0698,79.1935,offices
481663,21.9332,80.9496,offices
481664,22.6945,80.6674,offices
481665,22.6967,80.4058,offices
481666,23.8668,78.8419,offices
481668,22.5658,80.2584,offices
481672,22.8527,80.6826,offices
481768,23.0102,80.4159,offices
481771,22.6698,80.5532,offices
481776,21.8833,80.4751,offices
481778,22.6051,81.1446,offices
481879,23.0701,80.9486,offices
481880,22.8721,81.0120,offices
481882,22.7993,81.3235,offices
481883,22.6128,81.3263,offices
481884,22.6338,81.5862,offices
481885,23.1472,80.2775,offices
481990,23.3202,80.6955,offices
481995,22.6381,80.8488,offices
481996,26.7412,80.8350,offices
481998,24.8757,79.3234,offices
482001,23.1606,79.9529,offices
482002,23.1837,79.9259,offices
482003,23.1605,79.8779,offices
482004,23.2043,79.9431,offices
482005,23.2184,80.0617,offices
482007,23.1614,79.9552,offices
482008,23.1277,79.9298,offices
482009,23.2065,79.9814,offices
482010,23.2371,79.9757,offices
482011,23.1835,79.9742,offices
482020,23.1339,79.9626,offices
482021,23.0920,80.0022,offices
482051,22.9974,79.8933,offices
482056,22.9286,79.9080,offices
483001,23.0958,80.0521,offices
483053,23.1672,79.7933,offices
483105,21.7707,79.8012,offices
483110,23.2368,80.3649,offices
483113,22.5348,79.4121,offices
483119,23.4707,80.0451,offices
483220,23.2833,79.9909,offices
483222,23.1639,79.9578,district
483225,23.1639,79.9578,district
483330,23.6557,80.0451,offices
483331,23.7490,79.9668,offices
483332,23.5699,80.3829,offices
483334,23.1639,79.9578,district
483336,23.1639,79.9578,district
483440,23.6267,80.2266,offices
483442,23.6482,80.3380,offices
483501,23.8362,80.3909,offices
483504,23.8067,80.3947,offices
483770,23.8116,80.7935,offices
483773,23.6398,80.5750,offices
483775,23.9341,80.6688,offices
483880,24.0385,80.5952,offices
483990,23.8901,80.0884,offices
484001,23.2800,81.3587,offices
484110,23.1750,81.3850,offices
484113,22.9491,81.8717,offices
484114,23.4391,81.5068,offices
484116,23.1900,81.6300,offices
484117,23.1317,80.1684,offices
484120,24.5770,77.7318,offices
484220,23.1734,81.6534,offices
484224,23.1950,81.7050,offices
484330,22.9100,81.9200,offices
484334,23.3200,81.9450,offices
484336,23.1545,81.9452,offices
484440,23.2700,82.0882,offices
484444,23.1600,81.9100,offices
484446,23.1900,82.1050,offices
484447,23.1579,82.0603,offices
484551,23.3400,81.1500,offices
484555,23.3300,80.9300,offices
484660,23.5200,80.6500,offices
484661,23.5074,80.8408,offices
484664,23.9350,80.9750,offices
484665,23.7400,81.1350,offices
484669,23.4154,81.5951,offices
484770,23.4900,81.4000,offices
484771,23.7450,81.3850,offices
484774,24.0000,81.3800,offices
484776,24.2100,81.4200,offices
484881,23.0200,81.3171,offices
484886,22.7697,81.7500,offices
484887,22.8500,81.7450,offices
485001,24.5790,80.8320,offices
485005,24.5790,81.8320,offices
485111,24.5790,81.8320,offices
485112,24.5790,81.8320,offices
485113,24.5790,80.8320,offices
485114,24.5790,81.8320,offices
485115,24.5790,81.8320,offices
485221,24.5790,81.8320,offices
485226,24.5790,81.8320,offices
485227,24.5790,81.5681,offices
485331,24.5790,80.8320,offices
485334,24.5790,80.8320,offices
485441,24.5790,81.8320,offices
485446,24.5790,80.8320,offices
485447,24.5790,81.8320,offices
485551,24.5790,81.8320,offices
485661,24.5790,81.8320,offices
485666,24.5790,80.8320,offices
485771,24.5790,80.8320,offices
485772,24.5790,81.8320,offices
485773,24.5790,80.8320,offices
485774,24.5790,80.8320,offices
485775,24.5790,80.8320,offices
485778,24.5790,80.8320,offices
485881,24.5790,80.8320,offices
486001,24.5359,81.2997,offices
486002,24.0589,81.3117,offices
486003,24.5373,81.3042,offices
486005,24.5373,81.3042,offices
486006,24.5373,81.3042,offices
486111,24.5373,81.3042,offices
486114,24.5373,81.3042,offices
486115,24.5373,81.3042,offices
486117,24.5373,81.3042,offices
486123,24.5373,81.3042,offices
486220,24.5373,81.3042,offices
486223,24.5373,81.3042,offices
486226,24.5373,81.3042,offices
486331,24.5373,81.3042,offices
486333,24.5373,81.3042,offices
486335,24.5373,81.3042,offices
486338,24.5373,81.3042,offices
486340,24.5373,81.3042,offices
486341,24.5373,81.3042,offices
486440,24.5373,81.3042,offices
486441,24.5373,81.3042,offices
486445,24.5373,81.3042,offices
486446,24.5373,81.3042,offices
486447,24.5373,81.3042,offices
486448,24.5373,81.3042,offices
486450,24.5373,81.3042,offices
486550,24.5373,81.3042,offices
486553,24.5373,81.3042,offices
486556,24.5373,81.3042,offices
486661,24.3800,81.8950,offices
486666,22.9734,78.6568,offices
486669,23.3021,81.3568,offices
486670,24.4091,81.8828,offices
486675,24.4700,82.1500,offices
486771,24.4230,81.7000,offices
486775,24.3100,81.5300,offices
486776,24.3100,81.4000,offices
486881,24.4047,81.8783,offices
486882,24.4702,82.5353,offices
486883,24.0467,82.2094,offices
486884,23.9984,82.6993,offices
486885,24.0916,82.6499,offices
486886,23.9909,82.3850,offices
486887,24.1596,82.4900,offices
486889,24.2000,82.7000,offices
486890,24.1635,82.6737,offices
486892,23.9309,81.9227,offices
487001,22.9463,79.1882,offices
487110,22.9463,79.1882,offices
487114,22.9933,79.3448,offices
487118,23.0646,79.4834,offices
487221,22.9329,79.0652,offices
487225,22.9700,78.6500,offices
487330,22.7500,77.7200,offices
487334,22.8800,77.9000,offices
487337,23.3900,79.5300,offices
487441,22.9463,79.1882,offices
487551,22.5337,78.4517,offices
487555,22.9047,79.4587,offices
487661,22.9463,79.1882,offices
487770,22.8306,78.8245,offices
487881,22.8322,79.6749,offices
488001,24.5425,80.0300,offices
488050,24.3860,79.9977,offices
488059,24.5708,80.1763,offices
488220,24.8964,80.2592,offices
488222,24.8463,80.2929,offices
488333,24.6018,80.3801,offices
488441,24.4697,79.9661,offices
488442,24.0602,79.4621,offices
488443,24.0602,79.4621,offices
488446,24.2499,79.8749,offices
488448,24.1616,80.0564,offices
490001,21.1210,81.2251,offices
490004,21.1847,81.3413,offices
490006,21.1135,81.2041,offices
490009,21.2077,81.4258,offices
490011,21.1815,81.3156,offices
490020,21.1708,81.2884,offices
490021,21.1799,81.4684,offices
490022,21.9057,81.6058,offices
490023,21.1798,81.2750,offices
490024,21.2442,81.3537,offices
490025,21.2120,81.4193,offices
490026,20.9481,81.2950,offices
490036,21.3250,81.4609,offices
490042,21.2082,81.5345,offices
491001,21.1870,81.2365,offices
491002,21.2419,81.3136,offices
491107,21.1147,81.4008,offices
491111,21.1539,81.4663,offices
491221,21.0552,81.3142,offices
491222,20.8858,81.3977,offices
491223,20.9514,81.3688,offices
491225,21.0148,81.2326,offices
491226,20.7511,81.2439,offices
491227,20.6852,81.4032,offices
491228,20.5901,81.0799,offices
491229,20.4005,80.7270,offices
491230,20.4644,81.1319,offices
491331,21.5463,81.3172,offices
491332,21.5633,81.5322,offices
491335,21.7523,81.5596,offices
491336,21.9235,81.3667,offices
491337,21.9289,81.5692,offices
491338,21.7710,81.3647,offices
491340,21.8353,81.7801,offices
491441,21.0978,81.0329,offices
491443,22.2234,81.4120,offices
491444,21.1507,81.0302,offices
491445,21.1884,80.7588,offices
491557,21.0694,80.6733,offices
491558,20.9667,80.8500,offices
491559,22.2231,81.3894,offices
491661,20.9713,80.8518,offices
491665,20.7770,80.7449,offices
491666,20.5794,80.7464,offices
491668,21.1006,81.0350,offices
491771,20.8663,81.0610,offices
491881,21.4049,80.9148,offices
491885,21.5250,80.9952,offices
491888,21.7192,80.9533,offices
491993,21.6894,81.3344,offices
491995,22.0105,81.2519,offices
491996,21.8075,81.1872,offices
492001,21.2386,81.6430,offices
492002,21.0931,81.4751,offices
492003,21.3083,81.6178,offices
492004,21.2546,81.6571,offices
492005,21.2434,81.6361,offices
492008,21.2766,81.6403,offices
492009,21.2571,81.6296,offices
492010,21.1948,81.4785,offices
492012,21.2378,81.7054,offices
492013,21.2378,81.7054,offices
492014,21.2378,81.7054,offices
492015,21.5000,81.5000,offices
492016,21.2434,81.6361,offices
492017,21.2514,81.6296,offices
492018,21.3366,81.4091,offices
492099,21.3798,81.5387,offices
492101,21.2378,81.7054,offices
492109,21.5000,81.5000,offices
492112,21.5000,81.5000,offices
493101,21.2378,81.7054,offices
493111,21.5000,81.5000,offices
493113,21.5000,81.5000,offices
493114,21.5000,81.2000,offices
493116,21.5000,81.5000,offices
493118,21.5000,81.5000,offices
493195,21.5000,81.5000,offices
493196,21.5000,81.5000,offices
493221,21.5000,81.2000,offices
493222,21.5000,81.2000,offices
493225,21.2378,81.7054,offices
493228,21.5000,81.5000,offices
493229,21.5000,81.5000,offices
493331,21.5000,81.5000,offices
493332,21.5000,81.5000,offices
493335,21.5000,81.5000,offices
493338,21.5000,81.2000,offices
493344,21.2378,81.7054,offices
493441,21.5000,81.2000,offices
493445,21.5000,81.5000,offices
493448,21.5000,81.2000,offices
493449,21.5000,81.2000,offices
493526,21.5000,81.2000,offices
493551,21.5000,81.5000,offices
493554,21.5000,81.5000,offices
493555,21.5000,81.5000,offices
493558,21.5000,81.5000,offices
493559,21.2378,81.7054,offices
493661,21.5000,81.5000,offices
493662,21.5000,81.2000,offices
493663,21.5000,81.2000,offices
493770,21.5000,81.5000,offices
493773,21.5000,81.5000,offices
493776,21.5000,81.5000,offices
493778,21.5000,81.5000,offices
493881,20.5803,81.5143,offices
493885,21.5000,81.5000,offices
493887,20.5005,81.5545,offices
493888,21.0293,81.8696,offices
493889,21.5000,81.5000,offices
493890,21.5000,81.5000,offices
493891,21.5000,81.5000,offices
493992,21.5000,81.5000,offices
493996,21.2327,81.6854,offices
494001,19.0643,82.0045,offices
494010,19.1341,81.6167,offices
494111,18.4426,81.5953,offices
494114,17.8868,81.3853,offices
494115,18.6595,81.6955,offices
494122,18.3400,81.3950,offices
494220,19.3643,81.4029,offices
494221,19.6805,82.1033,offices
494222,19.2601,82.1473,offices
494223,19.1268,81.5450,offices
494224,19.1742,81.9160,offices
494226,19.4974,81.5141,offices
494228,19.8172,81.6329,offices
494229,19.7246,81.6597,offices
494230,19.9951,81.4051,offices
494237,19.5516,81.6012,offices
494331,20.0875,81.5874,offices
494332,20.3008,81.5242,offices
494333,20.4551,81.6084,offices
494334,20.2651,81.5023,offices
494335,20.2807,81.6758,offices
494336,20.4100,81.4322,offices
494337,20.4941,81.3570,offices
494347,20.0617,81.7928,offices
494441,18.9721,81.3640,offices
494442,19.0182,81.8530,offices
494444,18.7820,80.8210,offices
494446,18.8160,80.3295,offices
494447,18.5248,80.7620,offices
494448,18.7670,80.5327,offices
494449,18.8800,81.3477,offices
494450,19.0121,81.0512,offices
494552,18.7400,81.3700,offices
494553,18.7600,81.2800,offices
494556,18.5927,81.2500,offices
494635,20.3064,81.0328,offices
494661,19.6604,81.2362,offices
494662,19.4410,81.2208,offices
494665,20.0500,80.9953,offices
494669,20.2100,80.9600,offices
494670,20.3000,81.2712,offices
494771,20.0795,80.7556,offices
494776,20.0221,81.6395,offices
494777,19.8494,80.6341,offices
495001,22.0870,82.1451,offices
495002,22.0866,82.1446,offices
495003,22.1071,82.0475,offices
495004,22.0594,82.1683,offices
495006,22.0959,82.1761,offices
495009,22.1713,82.1457,offices
495112,22.2150,82.0314,offices
495113,22.2908,81.9698,offices
495115,22.2706,81.6336,offices
495116,22.4433,82.0516,offices
495117,22.7395,81.8743,offices
495118,22.9994,82.0552,offices
495119,22.7938,82.0135,offices
495220,22.0132,82.0609,offices
495222,22.0005,82.0639,offices
495224,21.9357,82.0697,offices
495330,22.1343,81.8661,offices
495334,22.0685,81.6617,offices
495335,22.0107,81.8525,offices
495442,22.2841,82.1592,offices
495444,22.4629,82.5610,offices
495445,22.5134,82.5267,offices
495446,22.2742,82.5470,offices
495447,22.4038,82.6103,offices
495448,22.7010,82.5570,offices
495449,22.3769,82.3254,offices
495450,22.4208,82.6535,offices
495452,22.3543,82.6424,offices
495454,22.3465,82.6374,offices
495455,22.3836,82.6488,offices
495550,22.0533,82.2950,offices
495551,21.8600,82.2855,offices
495552,22.0513,82.4042,offices
495553,21.9407,82.4327,offices
495554,21.8340,82.4470,offices
495555,22.1315,82.2904,offices
495556,21.7917,82.5429,offices
495557,21.7821,82.6662,offices
495559,22.1437,82.5037,offices
495660,21.9075,82.7320,offices
495661,21.7579,82.8156,offices
495663,21.9280,82.3464,offices
495668,21.9352,82.5862,offices
495669,22.0363,82.6095,offices
495671,22.0528,82.6691,offices
495674,22.2616,82.8795,offices
495677,22.3527,82.7149,offices
495682,22.3364,82.7321,offices
495683,22.3633,82.8162,offices
495684,22.5876,82.7485,offices
495686,21.9723,82.7662,offices
495687,22.0328,82.8168,offices
495688,21.8168,83.0845,offices
495689,22.0199,82.9508,offices
495690,21.8608,82.8519,offices
495691,21.8376,82.9851,offices
495692,21.7896,83.1716,offices
495695,21.9292,83.0697,offices
496001,21.8833,83.4133,offices
496005,21.9280,83.3547,offices
496100,21.7960,83.3175,offices
496107,22.0925,83.5028,offices
496108,22.1147,83.4615,offices
496109,22.0590,83.3407,offices
496111,22.1647,83.3552,offices
496113,22.3157,83.6084,offices
496115,22.4124,83.5124,offices
496116,22.4513,83.1984,offices
496118,22.5809,83.4297,offices
496220,22.4746,83.6869,offices
496223,22.6639,83.7341,offices
496224,22.9541,83.6388,offices
496225,22.7836,83.9135,offices
496227,22.4993,83.9678,offices
496242,22.4858,83.8248,offices
496245,22.3836,83.8844,offices
496330,23.0780,83.9929,offices
496331,22.8556,84.1376,offices
496334,22.7574,84.1171,offices
496336,23.0895,83.8079,offices
496338,22.9106,84.3200,offices
496440,21.7586,83.3918,offices
496445,21.5791,83.0542,offices
496450,21.6809,83.1092,offices
496551,21.5283,83.2881,offices
496554,21.6359,83.3493,offices
496661,21.9849,83.1408,offices
496665,22.1184,83.1293,offices
497001,23.1754,83.1943,offices
497101,23.0697,83.4322,offices
497111,22.8171,83.4766,offices
497114,22.7076,83.4720,offices
497116,22.9857,83.0873,offices
497117,22.8931,82.9327,offices
497118,23.3559,83.5043,offices
497119,23.5139,83.7677,offices
497220,23.9164,83.4704,offices
497223,23.5200,83.2055,offices
497224,23.3209,83.9232,offices
497225,23.8619,82.8048,offices
497226,23.2137,82.9826,offices
497229,23.1478,82.8693,offices
497231,23.4610,82.7857,offices
497235,23.3655,82.9793,offices
497331,23.2890,82.7146,offices
497333,23.0686,82.7214,offices
497335,23.2417,82.5602,offices
497339,23.4444,82.5051,offices
497442,23.3718,82.2028,offices
497446,23.1931,82.1963,offices
497447,23.1899,82.1612,offices
497448,23.1776,82.1981,offices
497449,23.0668,82.3478,offices
497450,23.1012,82.3850,offices
497451,23.1911,82.3548,offices
497553,23.1701,82.3691,offices
497555,23.1704,82.3599,offices
497557,23.1895,82.3831,offices
497559,23.1783,82.3161,offices
497773,23.3522,82.3522,offices
497778,23.7084,81.7349,offices
500001,17.3880,78.4765,offices
500002,17.3687,78.4777,offices
500003,17.4413,78.4952,offices
500004,17.4041,78.4666,offices
500005,17.3164,78.4562,offices
500006,17.5007,78.6843,offices
500007,17.4168,78.5283,offices
500008,17.3928,78.4202,offices
500009,17.4687,78.4899,offices
500010,17.5047,78.5164,offices
500011,17.4663,78.4726,offices
500012,17.3748,78.4698,offices
500013,17.3957,78.5281,offices
500014,17.5390,78.5183,offices
500015,17.4825,78.5115,offices
500016,17.4404,78.4635,offices
500017,17.4366,78.5357,offices
500018,17.6058,78.5729,offices
500019,17.4782,78.3196,offices
500020,17.4136,78.5051,offices
500022,17.4085,78.4707,offices
500023,17.3624,78.4865,offices
500024,17.3754,78.4925,offices
500026,17.4483,78.5079,offices
500027,17.3926,78.4968,offices
500028,17.4004,78.4520,offices
500029,17.6745,78.8012,offices
500030,17.3285,78.3969,offices
500031,17.3764,78.3912,offices
500032,17.5741,78.4738,offices
500033,17.4300,78.3926,offices
500034,17.4204,78.4489,offices
500035,17.3598,78.5361,offices
500036,17.3714,78.5100,offices
500037,17.4881,78.4470,offices
500038,17.5873,78.5897,offices
500039,17.4053,78.5832,offices
500040,17.4528,78.5543,offices
500041,17.4185,78.4614,offices
500042,17.3931,78.4763,offices
500043,17.6187,78.3847,offices
500044,17.3983,78.5096,offices
500045,17.4447,78.4267,offices
500046,17.4553,78.3257,offices
500047,17.6002,78.7101,offices
500048,17.3620,78.4273,offices
500049,17.4832,78.4317,offices
500050,17.8296,78.5480,offices
500051,17.4716,78.6031,offices
500052,17.3124,78.4274,offices
500053,17.3400,78.4734,offices
500054,17.5026,78.4414,offices
500055,17.5095,78.4497,offices
500056,17.6205,78.7212,offices
500057,17.4216,78.4480,offices
500058,17.3356,78.5019,offices
500059,17.3563,78.5051,offices
500060,17.3678,78.5293,offices
500061,17.4184,78.5190,offices
500062,17.6255,78.7447,offices
500064,17.3573,78.4555,offices
500065,17.3524,78.4685,offices
500066,17.3683,78.4708,offices
500067,17.5084,78.4743,offices
500068,17.3558,78.5774,offices
500069,17.2641,78.4858,offices
500070,17.3212,78.5737,offices
500072,17.4928,78.3966,offices
500073,17.4316,78.4468,offices
500074,17.3489,78.5507,offices
500075,17.3847,78.3092,offices
500076,17.4276,78.5497,offices
500077,17.3108,78.4386,offices
500078,17.5467,78.5378,offices
500079,17.3312,78.5261,offices
500080,17.4194,78.4912,offices
500081,17.4416,78.3911,offices
500082,17.4185,78.4570,offices
500083,17.4949,78.5951,offices
500084,17.4715,78.3632,offices
500085,17.5549,78.5306,offices
500086,17.3486,78.3770,offices
500087,17.4711,78.4836,offices
500088,17.4097,78.6509,offices
500089,17.3899,78.3565,offices
500090,17.5179,78.3825,offices
500091,17.3660,78.3951,offices
500092,17.4202,78.5845,offices
500094,17.4898,78.5412,offices
500096,17.4158,78.4109,offices
500097,17.3276,78.5314,offices
500098,17.4091,78.6014,offices
500100,17.5534,78.4437,offices
500101,17.5467,78.5377,offices
500102,17.3671,78.5514,offices
500103,17.4882,78.5733,offices
500104,17.4139,78.3832,offices
500106,17.3774,78.3548,offices
500108,17.2373,78.4308,offices
500109,17.3993,79.4484,offices
500110,17.4206,78.4025,offices
500111,17.4347,78.3458,offices
500112,17.3051,78.5252,offices
500113,17.0653,78.4865,offices
500114,17.4561,78.4221,offices
500117,17.5191,78.4106,offices
500118,17.5387,78.3643,offices
500119,19.2016,77.3955,district
500301,17.4905,78.5378,district
500901,17.3879,78.4766,offices
500903,17.4412,78.4954,offices
500915,17.4783,78.5147,offices
500918,19.2016,77.3955,district
500920,17.4227,78.5056,offices
500927,17.3950,78.4940,offices
500930,17.3240,78.4000,offices
500931,19.2016,77.3955,district
500934,19.2016,77.3955,district
500939,17.4020,78.5610,offices
500955,17.5208,78.4445,offices
500958,17.3350,78.5010,offices
500962,17.4658,78.5707,offices
500970,17.3360,78.5690,offices
500972,17.4924,78.3966,offices
500984,19.2016,77.3955,district
500989,19.2016,77.3955,district
501101,17.3372,77.9073,offices
501102,17.3638,77.8548,offices
501106,17.4284,77.7165,offices
501111,17.4462,77.9901,offices
501121,17.2876,77.7342,offices
501141,17.2717,77.5763,offices
501142,17.3328,77.6551,offices
501143,17.1942,77.4438,offices
501144,17.2141,77.6484,offices
501158,17.3043,77.5541,offices
501202,17.5179,77.8973,offices
501203,17.4329,78.1153,offices
501218,17.2358,78.3873,offices
501301,17.4497,78.6941,offices
501302,17.5038,78.6523,offices
501303,17.5245,78.6680,offices
501359,17.1355,78.4651,offices
501401,17.6317,78.4852,offices
501501,17.1543,77.8002,offices
501502,17.0800,77.8225,offices
501503,17.3290,78.1241,offices
501504,17.3251,78.2543,offices
501505,17.3428,78.6448,offices
501506,17.1351,78.6246,offices
501508,17.1829,78.7184,offices
501509,17.0403,78.6386,offices
501510,17.2301,78.5824,offices
501512,17.2732,78.6875,offices
501513,17.3173,78.6605,offices
502001,17.8111,78.1146,offices
502032,17.4822,78.3022,offices
502033,17.5217,78.3245,offices
502034,17.6576,78.0093,district
502101,18.1149,78.4271,offices
502102,18.0970,78.5559,offices
502103,18.1053,78.8535,offices
502106,18.0789,78.6768,offices
502107,18.1613,78.7794,offices
502108,18.1589,78.6583,offices
502109,17.9919,78.2369,offices
502110,18.0467,78.2608,offices
502113,18.1098,78.2614,offices
502114,18.0795,78.7519,offices
502115,18.1244,78.3638,offices
502117,18.0209,78.2950,offices
502125,18.0289,78.1917,offices
502130,18.0766,78.2292,offices
502205,17.5050,78.1443,offices
502210,17.5974,77.6915,offices
502220,17.6801,77.6105,offices
502221,17.6613,77.4907,offices
502228,17.7271,77.5784,offices
502246,17.7313,77.6885,offices
502247,18.0121,78.5629,offices
502248,18.0175,78.4052,offices
502249,17.7820,77.5610,offices
502251,17.8546,77.6279,offices
502255,17.9463,78.4163,offices
502256,17.9142,77.6764,offices
502257,17.8378,77.7570,offices
502267,18.1495,78.9495,offices
502269,17.9204,77.9193,offices
502270,17.8544,78.0234,offices
502271,18.0609,77.9421,offices
502273,17.7732,78.0837,offices
502276,18.1814,78.8583,offices
502277,18.0125,78.9003,offices
502278,17.8388,78.6795,offices
502279,17.7589,78.6357,offices
502280,18.0620,79.0655,offices
502281,17.7659,78.7944,offices
502284,17.5848,78.1216,offices
502285,17.5453,78.1079,offices
502286,18.0269,77.7065,offices
502287,18.1592,77.7498,offices
502290,17.9461,77.8434,offices
502291,17.6472,77.9344,offices
502293,17.7504,77.9683,offices
502294,17.6406,78.1055,offices
502295,17.5243,78.0307,offices
502296,17.6713,78.1911,offices
502300,17.4996,78.2372,offices
502301,17.8755,78.8031,offices
502302,17.9893,78.0009,offices
502303,18.0624,78.0465,offices
502305,17.4803,78.1696,offices
502306,17.5722,77.9953,offices
502307,17.5447,78.1976,offices
502310,18.2283,78.9207,offices
502311,17.8215,78.7301,offices
502312,17.8430,78.7939,offices
502313,17.7465,78.3500,offices
502314,17.8245,78.1223,offices
502316,17.8530,78.2311,offices
502318,17.6590,77.6158,offices
502319,17.6027,78.3085,offices
502321,17.6562,77.7310,offices
502324,17.5189,78.2777,offices
502325,17.5535,78.3503,offices
502329,17.5628,78.1663,offices
502331,18.0481,78.1376,offices
502334,17.8243,78.5039,offices
502335,17.8657,78.4611,offices
502336,17.7666,78.4683,offices
502345,17.6948,77.8379,offices
502371,18.1596,77.8448,offices
502372,18.0117,78.8313,offices
502375,18.0872,78.9643,offices
502381,17.9509,78.1354,offices
502932,17.4997,78.2982,offices
503001,18.6715,78.0937,offices
503002,18.6830,78.1074,offices
503003,18.7423,78.1739,offices
503101,18.1918,78.4019,offices
503102,18.2420,78.3603,offices
503108,18.1053,78.1250,offices
503110,18.2593,78.3008,offices
503111,18.3201,78.3365,offices
503112,18.3258,78.3361,offices
503114,18.3888,78.1112,offices
503120,18.3027,78.2195,offices
503122,18.1947,78.0292,offices
503123,18.2607,78.4538,offices
503124,18.2281,78.1316,offices
503125,18.2108,78.5160,offices
503144,18.4117,78.3869,offices
503145,18.4101,78.2721,offices
503164,18.5455,78.2419,offices
503165,18.5898,78.4278,offices
503174,18.6038,78.2104,offices
503175,18.6345,78.2089,offices
503180,18.5330,77.7292,offices
503185,18.6749,77.8464,offices
503186,18.7056,78.0502,offices
503187,18.3632,77.9019,offices
503188,18.5833,77.8653,offices
503201,18.5407,77.9195,offices
503202,18.6937,78.0521,offices
503206,18.5982,77.9717,offices
503207,18.5816,77.7838,offices
503212,18.8809,78.1701,offices
503213,18.7821,78.1502,offices
503217,18.8561,78.3353,offices
503218,18.8865,78.3487,offices
503219,18.9564,78.3810,offices
503223,18.7953,78.2856,offices
503224,18.7924,78.2800,offices
503225,18.8086,78.4537,offices
503230,18.6470,78.1334,offices
503235,18.7485,77.9477,offices
503245,18.7766,77.9947,offices
503246,18.8243,78.0631,offices
503301,18.4494,77.8765,offices
503302,18.2298,77.9355,offices
503305,18.3423,77.6042,offices
503306,18.3987,77.7409,offices
503307,18.7002,78.4384,offices
503308,18.8352,78.5107,offices
503309,18.4722,77.6557,offices
503310,18.2598,77.7985,offices
503311,18.7978,78.4076,offices
503321,18.4627,77.8087,offices
503322,18.6153,78.2103,offices
504001,19.6767,78.5366,offices
504002,19.6612,78.5333,offices
504101,18.9249,77.9717,offices
504102,19.0262,77.9108,offices
504103,19.1928,77.9446,offices
504104,19.0313,78.1334,offices
504105,19.0212,78.3728,offices
504106,19.0898,78.3430,offices
504107,18.8819,77.9174,offices
504109,19.1550,78.0880,offices
504110,19.1806,78.2789,offices
504201,18.8559,79.8009,offices
504202,19.0791,78.7778,offices
504203,19.1153,78.6536,offices
504204,18.8530,79.6676,offices
504205,19.1189,78.9990,offices
504206,18.9923,79.1552,offices
504207,18.8756,79.2831,offices
504208,18.8777,79.4468,offices
504209,18.8831,79.4262,offices
504214,19.0058,79.8227,offices
504215,18.9247,79.1993,offices
504216,18.8494,79.5843,offices
504218,19.0649,79.3619,offices
504219,19.0718,79.6320,offices
504220,19.1658,79.4112,offices
504231,18.9871,79.4791,offices
504251,19.0729,79.4912,offices
504272,19.1508,79.4605,offices
504273,19.2244,79.6053,offices
504292,19.2563,79.4152,offices
504293,19.3650,79.1781,offices
504294,19.2943,79.2395,offices
504295,19.4729,79.3218,offices
504296,19.3550,79.4831,offices
504297,19.1786,79.2705,offices
504299,19.4741,79.7596,offices
504300,19.2016,77.3955,district
504301,18.9343,79.4611,offices
504302,18.8519,79.4888,offices
504303,18.8570,79.5047,offices
504304,19.4010,78.2960,offices
504306,19.0920,78.2568,offices
504307,19.4128,78.4525,offices
504308,19.5450,78.4791,offices
504309,19.7343,78.6711,offices
504310,19.0876,78.5015,offices
504311,19.4148,78.8107,offices
504312,19.6900,78.4195,offices
504313,19.3750,78.9712,offices
504314,19.2016,77.3955,district
504323,19.2745,78.4146,offices
504346,19.4886,78.7306,offices
505001,18.4341,79.1250,offices
505002,18.4513,79.1250,offices
505101,18.1837,79.4849,offices
505102,18.1616,79.5586,offices
505122,18.2585,79.4941,offices
505129,18.3173,79.4473,offices
505152,18.4241,79.4657,offices
505153,18.4871,79.5260,offices
505162,18.5066,79.4481,offices
505172,18.6138,79.3798,offices
505174,18.6012,79.3862,offices
505184,18.6401,79.6635,offices
505185,18.5183,79.3197,offices
505186,18.4944,79.2218,offices
505187,18.7066,79.3647,offices
505188,18.6615,79.5039,offices
505208,18.7737,79.4456,offices
505209,18.7501,79.5143,offices
505210,18.7230,79.4966,offices
505211,18.6836,79.5406,offices
505212,18.6414,79.5469,offices
505214,18.7342,79.5196,offices
505215,18.7585,79.4815,offices
505301,18.4333,78.7644,offices
505302,18.4548,78.8821,offices
505303,18.3619,78.6656,offices
505304,18.2983,78.5831,offices
505305,18.3972,78.6042,offices
505306,18.6787,78.7137,offices
505307,18.5779,78.7405,offices
505325,18.8127,78.6216,offices
505326,18.8231,78.7105,offices
505327,18.7978,78.9161,offices
505330,18.8586,78.7220,offices
505331,18.9363,78.6782,offices
505401,18.4022,78.9923,offices
505402,18.3213,78.9331,offices
505403,18.5257,78.7911,offices
505404,18.2840,78.7122,offices
505405,18.3262,78.8195,offices
505415,18.6183,79.1543,offices
505416,18.7008,79.2063,offices
505425,18.9190,79.0891,offices
505445,18.5568,78.9944,offices
505450,18.9204,78.5703,offices
505451,18.4993,79.0725,offices
505452,18.7154,78.9605,offices
505453,18.8042,78.7863,offices
505454,18.9500,79.0017,offices
505455,18.7887,78.9081,offices
505460,18.9219,78.8216,offices
505462,18.7373,78.6967,offices
505466,18.0752,79.2215,offices
505467,18.1441,79.1485,offices
505468,18.2029,79.3986,offices
505469,18.3636,79.2261,offices
505470,18.3238,79.3543,offices
505471,18.0390,79.3159,offices
505472,18.1862,79.2652,offices
505473,18.1780,79.0392,offices
505474,18.3039,79.2842,offices
505475,18.3767,79.5384,offices
505476,18.1210,79.4430,offices
505480,18.1635,79.3392,offices
505481,18.2668,79.1451,offices
505490,18.2473,79.3362,offices
505497,18.1038,79.3714,offices
505498,18.2015,79.4105,offices
505501,18.6269,78.9193,offices
505502,18.3807,79.4128,offices
505503,18.6059,79.9482,offices
505504,18.7077,79.9934,offices
505505,18.4292,79.3017,offices
505506,18.5281,80.0279,offices
505514,18.8061,79.3924,offices
505524,18.5343,78.9220,offices
505525,18.5839,79.2597,offices
505526,18.7964,79.1837,offices
505527,18.3746,79.1563,offices
505528,18.2456,79.0553,offices
505529,18.8348,78.9490,offices
505530,18.3166,79.0731,offices
505531,18.6189,79.0806,offices
505532,18.7659,79.0714,offices
506001,18.0077,79.5610,offices
506002,17.9856,79.5955,offices
506003,17.9507,79.5059,offices
506004,17.9832,79.5265,offices
506005,17.8986,79.6137,offices
506006,18.0450,79.6170,offices
506007,18.0012,79.5893,offices
506008,17.9657,79.5969,offices
506009,18.0153,79.5586,offices
506011,18.0084,79.5723,offices
506013,17.9733,79.7256,offices
506015,18.0455,79.5377,offices
506101,17.5981,80.0016,offices
506102,17.6058,79.9756,offices
506103,17.6866,80.0262,offices
506104,17.5597,79.8893,offices
506105,17.4862,79.9989,offices
506112,17.6890,79.8751,offices
506122,17.8349,79.8275,offices
506132,17.9787,79.9081,offices
506134,17.7971,79.9652,offices
506135,17.9435,80.1001,offices
506142,17.9925,79.3968,offices
506143,17.8442,79.4223,offices
506144,17.8828,79.4032,offices
506145,17.9377,79.2962,offices
506146,17.6579,79.4326,offices
506151,17.9503,79.3831,offices
506163,17.5893,79.6789,offices
506164,18.1982,79.7017,offices
506165,18.3390,80.4302,offices
506166,17.9121,79.5933,offices
506167,17.7244,79.1524,offices
506168,18.3877,79.8384,offices
506169,18.4476,80.0597,offices
506170,18.3718,79.7587,offices
506172,18.2197,80.5299,offices
506175,17.7891,79.1472,offices
506201,16.1757,78.6090,offices
506221,17.7967,79.0346,offices
506222,17.5883,79.4626,offices
506223,17.9252,78.9709,offices
506224,16.5080,78.6405,offices
506244,15.2220,77.6200,offices
506252,17.7447,79.3983,offices
506301,17.8134,79.3340,offices
506302,17.5690,79.3640,offices
506303,16.3287,73.1999,offices
506310,17.8570,79.6335,offices
506313,17.7918,79.5687,offices
506314,17.6797,79.5841,offices
506315,17.3872,79.8721,offices
506316,17.7292,79.4768,offices
506317,17.6067,79.5617,offices
506318,17.5313,79.5646,offices
506319,18.1449,79.7278,offices
506324,17.4814,79.7352,offices
506325,17.5100,79.8044,offices
506329,17.8734,79.7229,offices
506330,17.9354,79.7060,offices
506331,17.9526,79.8029,offices
506332,17.8682,79.8769,offices
506333,17.9838,79.8198,offices
506342,18.0245,76.0657,offices
506343,18.1663,79.9347,offices
506344,18.1763,80.3129,offices
506345,18.3048,79.8952,offices
506347,18.1910,80.1798,offices
506348,18.2500,79.7728,offices
506349,18.1177,79.7965,offices
506350,18.0564,79.8655,offices
506352,18.1476,79.9945,offices
506355,16.9960,78.9960,offices
506356,18.3953,79.6349,offices
506365,17.7759,79.7053,offices
506366,18.3169,79.6160,offices
506367,17.5628,79.0846,offices
506368,17.6007,79.7778,offices
506369,17.7613,79.7764,offices
506370,18.0001,79.5319,offices
506371,18.0746,79.5102,offices
506381,17.4215,80.0895,offices
506391,18.2008,79.6324,offices
507001,17.4026,80.2353,offices
507002,17.3095,80.1907,offices
507003,17.2473,80.1485,offices
507101,17.5436,80.6184,offices
507103,17.4543,80.6493,offices
507111,17.6666,80.8871,offices
507112,17.5580,80.7789,offices
507114,17.6422,80.8402,offices
507115,17.6291,80.7040,offices
507116,17.8509,80.8156,offices
507117,17.9811,80.7457,offices
507118,17.5698,80.6316,offices
507119,17.4844,80.6514,offices
507120,17.4853,80.5765,offices
507122,17.4827,80.3020,offices
507123,17.5992,80.3426,offices
507124,17.6123,80.3103,offices
507125,17.5218,80.6268,offices
507126,17.8667,80.4805,offices
507127,17.5869,80.4670,offices
507128,17.6999,80.8450,offices
507133,18.1020,80.8747,offices
507136,18.2964,80.5550,offices
507137,17.8406,80.9264,offices
507140,18.0172,80.8670,offices
507154,17.5963,80.6819,offices
507157,17.2100,79.8931,offices
507158,17.1498,80.0661,offices
507159,17.2120,79.9573,offices
507160,17.1018,80.0255,offices
507161,17.3312,79.8809,offices
507163,17.3001,80.0601,offices
507164,17.0965,80.7609,offices
507165,17.1918,80.3575,offices
507166,17.3311,80.4713,offices
507167,17.2117,80.4243,offices
507168,17.3325,80.4403,offices
507169,17.0202,80.0717,offices
507170,17.2812,80.1799,offices
507171,17.3890,80.6411,offices
507182,17.7836,80.2260,offices
507183,17.3496,80.0071,offices
507201,16.8228,80.4728,offices
507202,16.8885,80.5330,offices
507203,16.9233,80.3631,offices
507204,17.0204,80.3044,offices
507208,17.1247,80.2084,offices
507209,17.2000,80.5249,offices
507210,17.4880,80.1428,offices
507211,18.0461,80.7339,offices
507301,17.3334,81.1597,offices
507302,17.1977,80.6687,offices
507303,17.2133,80.8357,offices
507304,17.0039,80.3714,offices
507305,17.2624,80.2396,offices
507306,17.2710,81.0063,offices
507315,17.3793,80.7736,offices
507316,17.2913,80.6929,offices
507318,17.2473,80.2145,offices
508001,17.0540,79.2726,offices
508002,17.0544,79.2722,offices
508004,17.0164,79.1747,offices
508101,17.6037,79.1214,offices
508105,17.7283,78.9479,offices
508111,17.4861,79.1591,offices
508112,17.3815,79.0643,offices
508113,17.3039,79.1224,offices
508114,17.1916,79.0740,offices
508115,17.6438,78.8853,offices
508116,17.5215,78.8942,offices
508117,17.5649,78.8315,offices
508126,17.4936,78.7708,offices
508201,16.9208,79.7611,offices
508202,16.6086,79.3028,offices
508204,16.8651,79.8546,offices
508205,17.2012,79.3113,offices
508206,16.9953,79.9728,offices
508207,16.8704,79.5684,offices
508208,16.8554,79.5522,offices
508210,17.2877,79.4012,offices
508211,17.1561,79.4569,offices
508212,17.2298,79.8084,offices
508213,17.1382,79.6213,offices
508214,17.0941,79.6826,offices
508217,16.9746,79.5568,offices
508218,16.8582,79.6927,offices
508221,17.3300,79.6986,offices
508223,17.4801,79.4613,offices
508224,17.2777,79.5579,offices
508233,17.0525,79.8377,offices
508234,17.0856,79.8657,offices
508238,16.9341,79.9616,offices
508243,16.6829,79.0065,offices
508244,17.1182,79.1216,offices
508245,16.9538,78.8774,offices
508246,16.8182,79.9880,offices
508247,17.0243,79.3765,offices
508248,16.7106,78.8916,offices
508250,16.8543,78.8135,offices
508252,17.2746,78.9004,offices
508253,17.1124,78.9192,offices
508254,17.2166,79.2143,offices
508255,16.9819,79.0604,offices
508256,16.8819,79.1290,offices
508257,16.7732,79.0366,offices
508258,16.6153,78.7595,offices
508266,16.7081,79.1981,offices
508277,17.4639,79.2640,offices
508278,16.8338,79.3865,offices
508279,17.3979,79.4971,offices
508280,17.4224,79.6285,offices
508284,17.3454,78.8241,offices
508285,17.4249,78.9550,offices
508286,17.5510,79.0081,offices
508355,16.7452,79.6118,offices
508373,16.8650,78.9452,offices
508374,17.0517,79.5517,offices
508376,17.1967,79.5682,offices
508377,16.7729,79.3193,offices
509001,16.7437,77.9913,offices
509002,16.7531,78.0006,offices
509102,16.0889,78.3469,offices
509103,16.3646,78.0648,offices
509104,16.2055,77.9942,offices
509105,16.0737,78.2564,offices
509106,16.3995,77.9570,offices
509110,16.4256,77.8129,offices
509120,17.0912,78.0844,offices
509125,16.2378,77.8042,offices
509126,15.8910,77.8262,offices
509127,16.0285,77.6461,offices
509128,16.0047,77.9126,offices
509129,16.0889,77.5271,offices
509130,16.3753,77.7748,offices
509131,16.3387,77.8080,offices
509132,16.2164,77.7823,offices
509133,16.2376,77.7920,offices
509135,15.9505,77.8405,offices
509152,15.8853,78.1202,offices
509153,15.9461,78.0386,offices
509201,16.3763,78.8323,offices
509202,16.9491,78.1830,offices
509203,16.5301,78.2254,offices
509204,16.6122,77.8479,offices
509205,16.6399,77.6306,offices
509206,16.3965,78.1434,offices
509207,17.0975,78.0380,offices
509208,16.4532,77.5186,offices
509209,16.4855,78.3159,offices
509210,16.7371,77.4978,offices
509215,16.4041,77.9417,offices
509216,17.0686,78.2080,offices
509217,17.4739,78.5119,offices
509219,16.5281,77.8765,offices
509228,17.1485,78.2871,offices
509235,16.4277,78.2405,offices
509301,16.7552,78.1438,offices
509302,16.7806,78.1398,offices
509311,16.5906,77.5163,offices
509320,17.1397,78.3855,offices
509321,16.8524,78.5317,offices
509324,17.4187,80.8717,offices
509325,17.1374,78.3199,offices
509326,16.0742,78.0316,offices
509327,16.8501,78.6888,offices
509328,17.4817,78.4096,offices
509334,16.8345,77.9123,offices
509335,16.9905,77.8644,offices
509336,17.0325,77.5301,offices
509337,16.9082,77.8557,offices
509338,17.1495,77.6664,offices
509339,16.9871,77.7098,offices
509340,16.8414,78.1505,offices
509349,16.6092,78.6243,offices
509350,17.0539,77.7096,offices
509351,16.5977,77.7286,offices
509352,16.4216,77.3531,offices
509353,16.5100,77.6070,offices
509357,16.7434,78.3229,offices
509358,16.9596,78.4883,offices
509360,16.9717,79.7827,offices
509371,16.7786,77.7577,offices
509375,16.3998,78.6398,offices
509376,16.4566,78.5952,offices
509380,16.7360,77.9995,offices
509381,16.7491,77.9942,offices
509382,16.7035,78.0475,offices
509385,16.4427,78.4606,offices
509401,16.1979,78.4599,offices
509406,16.6673,78.1908,offices
509407,16.8452,77.5226,offices
509408,16.3615,78.1970,offices
509409,16.5543,77.7924,offices
509410,17.0873,78.1234,offices
509411,16.8355,77.6160,offices
509412,16.2982,78.3600,offices
515001,14.6742,77.5981,offices
515002,14.6400,77.5414,offices
515003,14.6270,77.6244,offices
515004,14.6884,77.5800,offices
515005,14.6800,77.5900,offices
515006,14.7177,77.4702,district
515101,14.2727,77.6272,offices
515110,14.0862,77.5958,offices
515122,14.0085,77.6084,offices
515123,14.0937,77.4279,offices
515124,14.0448,77.5446,offices
515133,14.1871,77.7678,offices
515134,14.2903,77.7672,offices
515144,14.1989,77.8010,offices
515154,14.2718,77.9724,offices
515159,14.6756,77.5860,offices
515164,14.1902,77.6341,offices
515201,13.8269,77.4945,offices
515202,13.8299,77.4900,offices
515211,13.7660,77.4899,offices
515212,13.8560,77.4802,offices
515231,13.9833,77.7709,offices
515241,13.8959,77.7037,offices
515251,13.9717,77.6716,offices
515261,13.8894,77.4659,offices
515271,14.6756,77.5860,offices
515281,14.1311,76.9771,offices
515286,14.0267,76.9931,offices
515291,13.9086,77.2943,offices
515301,13.9405,77.2657,offices
515303,13.9408,77.2695,offices
515305,13.9757,77.3724,offices
515311,14.6756,77.5860,offices
515321,13.8423,77.1016,offices
515331,13.8029,77.6092,offices
515341,13.8394,77.6705,offices
515401,15.1900,77.5500,offices
515402,15.1200,77.6300,offices
515405,15.0500,77.4900,offices
515408,15.5750,77.2050,offices
515411,14.9105,78.0024,offices
515413,14.9397,78.0187,offices
515414,14.6900,77.7000,offices
515415,14.9320,78.0000,offices
515425,14.5900,77.6000,offices
515435,14.6700,77.4000,offices
515445,14.8925,77.9135,offices
515455,15.0650,77.6450,offices
515465,14.5700,78.0719,offices
515501,14.2345,78.0447,offices
515511,14.3507,77.9970,offices
515521,14.0625,78.2668,offices
515531,14.0680,77.9568,offices
515541,14.1437,78.1507,offices
515551,13.9878,78.1813,offices
515556,13.8886,78.0217,offices
515561,14.0256,78.0001,offices
515571,13.9097,78.1914,offices
515581,14.2413,78.2593,offices
515591,14.1169,78.1564,offices
515601,13.8384,77.7527,offices
515611,15.4150,77.5550,offices
515621,14.3512,77.3480,offices
515631,14.5610,77.8572,offices
515641,14.4470,77.5258,offices
515651,14.3357,77.7151,offices
515661,14.5150,77.7666,offices
515671,14.4124,77.7231,offices
515672,14.4230,77.7146,offices
515701,14.7305,77.7110,offices
515711,13.4700,76.4050,offices
515721,14.5929,77.6000,offices
515722,14.5200,77.5649,offices
515731,14.7950,77.5939,offices
515741,14.7050,77.2062,offices
515751,14.6226,77.4505,offices
515761,14.5500,77.0300,offices
515763,14.5900,77.0300,offices
515765,14.3650,77.2300,offices
515766,14.1900,76.8500,offices
515767,14.3200,76.6800,offices
515774,14.7900,77.2900,offices
515775,15.0200,77.5550,offices
515787,14.4677,77.2538,offices
515801,15.1696,77.3730,offices
515803,15.1600,77.3767,offices
515812,15.5050,77.3350,offices
515822,14.9150,77.2612,offices
515832,15.1200,77.3875,offices
515842,15.6700,77.4100,offices
515863,14.5650,76.7600,offices
515865,14.7771,76.8250,offices
515867,14.7821,76.4250,offices
515870,15.1300,76.9000,offices
515871,14.9300,76.4200,offices
515872,15.0294,76.8150,offices
516001,14.4745,78.8192,offices
516002,14.4797,78.8664,offices
516003,14.4753,78.7900,offices
516004,14.4475,78.8320,offices
516005,14.4800,78.7100,offices
516101,13.9517,79.3487,offices
516104,14.1719,79.3309,offices
516105,13.9979,79.3105,offices
516107,14.1238,79.2084,offices
516108,14.0378,79.2631,offices
516110,14.0895,79.3135,offices
516115,14.1976,79.1600,offices
516126,14.1766,79.1202,offices
516127,14.4786,78.8221,offices
516128,14.4786,78.8221,offices
516129,14.4786,78.8221,offices
516130,13.9816,78.9147,offices
516150,14.2697,79.1060,offices
516151,14.3272,79.2079,offices
516152,14.3271,79.0737,offices
516162,14.5450,78.7931,offices
516163,14.5946,78.7921,offices
516172,14.7217,78.7455,offices
516173,14.7814,78.7717,offices
516175,14.8406,78.6398,offices
516193,14.9900,78.9800,offices
516203,14.6409,78.7627,offices
516213,14.4017,79.0244,offices
516214,13.9412,78.6786,offices
516215,13.9219,78.7960,offices
516216,14.4668,78.6865,offices
516217,15.1000,78.9300,offices
516218,14.4361,78.5361,offices
516227,14.7352,79.0621,offices
516228,14.8400,79.0200,offices
516233,14.6800,79.1400,offices
516237,14.4800,78.9300,offices
516247,14.4118,78.9700,offices
516257,14.1852,78.6980,offices
516259,14.2245,78.4935,offices
516267,14.0213,78.5468,offices
516268,14.1577,78.8573,offices
516269,14.0684,78.7528,offices
516270,14.0708,78.7524,offices
516289,14.5580,78.6318,offices
516293,14.5632,78.7174,offices
516309,14.6267,78.5297,offices
516310,14.6465,78.4858,offices
516311,14.5990,78.5169,offices
516312,14.7273,78.4759,offices
516321,14.4721,78.4535,offices
516329,14.3728,78.4809,offices
516330,14.4207,78.2265,offices
516339,14.5379,78.5355,offices
516349,14.3643,78.3209,offices
516350,14.3825,78.3889,offices
516355,14.6830,78.6428,offices
516356,14.7308,78.6611,offices
516359,14.8645,78.5771,offices
516360,14.7467,78.5476,offices
516361,14.7535,78.5355,offices
516362,14.7378,78.6142,offices
516380,14.6835,78.3933,offices
516390,14.9221,78.2211,offices
516391,14.4223,78.2211,offices
516396,14.4984,78.1041,offices
516401,14.5845,78.2488,offices
516411,14.8968,78.4466,offices
516421,14.5167,78.3081,offices
516431,14.8649,78.3641,offices
516432,14.9725,78.2516,offices
516433,14.9214,78.3378,offices
516434,14.8408,78.3855,offices
516439,14.8541,78.3338,offices
516444,14.7627,78.2311,offices
516454,14.6038,78.1295,offices
516464,14.7058,78.1513,offices
516474,14.1894,77.8149,offices
516484,14.5348,78.1971,offices
516501,14.5950,79.0435,offices
516502,14.7400,78.9924,offices
516503,14.8600,78.9100,offices
516504,14.2301,78.7438,offices
516505,15.0300,79.0300,offices
517001,13.2164,79.0956,offices
517002,13.1925,79.1231,offices
517004,13.2271,79.1231,offices
517101,13.5875,79.2912,offices
517102,13.6066,79.3146,offices
517112,13.4174,79.1160,offices
517113,13.5782,78.9893,offices
517123,13.5462,78.9075,offices
517124,13.3839,79.0821,offices
517125,13.2331,79.1816,offices
517126,14.6613,79.0280,offices
517127,14.6613,79.0280,offices
517128,14.4204,79.1205,offices
517129,13.2771,78.9623,offices
517130,14.2205,77.9286,offices
517131,14.1559,77.9249,offices
517132,13.0503,79.1707,offices
517152,13.4725,79.0363,offices
517167,13.3048,79.3557,offices
517172,13.5817,79.0905,offices
517192,13.6707,79.0450,offices
517193,13.6498,79.0865,offices
517194,13.6536,79.1567,offices
517213,13.7350,78.8491,offices
517214,13.6561,78.9645,offices
517234,13.6195,78.8093,offices
517235,13.7725,78.7906,offices
517236,13.8269,78.7881,offices
517237,13.5287,78.9304,offices
517247,14.5057,77.8985,offices
517257,13.5500,78.5000,offices
517277,13.6430,78.7058,offices
517280,13.5586,78.5972,offices
517291,13.6936,78.6278,offices
517297,13.7816,78.5887,offices
517299,13.6381,78.6313,offices
517305,14.4166,77.0572,offices
517319,13.1193,78.7631,offices
517325,13.5558,78.5013,offices
517326,14.0987,78.3306,offices
517350,13.6522,78.4817,offices
517351,13.5500,78.4250,offices
517352,13.6333,78.4507,offices
517370,13.6229,78.2590,offices
517390,13.8013,78.2626,offices
517391,13.7130,78.2077,offices
517401,12.9001,78.4856,offices
517403,13.1009,79.1842,offices
517408,13.2007,78.7468,offices
517414,13.5500,78.5000,offices
517415,13.2056,78.7461,offices
517416,13.1962,78.9133,offices
517417,13.4727,78.4399,offices
517418,13.8221,78.4489,offices
517419,13.2031,79.1596,offices
517421,13.8709,78.0600,offices
517422,13.1592,79.0399,offices
517423,14.5315,77.6917,offices
517424,13.0023,78.4843,offices
517425,12.7477,78.3424,offices
517426,13.9924,77.6270,offices
517429,13.8709,78.0600,offices
517432,13.1495,78.6763,offices
517501,13.6292,79.4226,offices
517502,13.3785,79.5351,offices
517503,13.6098,79.4475,offices
517504,13.6778,79.3493,offices
517505,13.4314,79.1226,offices
517506,13.6374,79.4776,offices
517507,13.6320,79.4130,offices
517508,13.4835,79.3335,offices
517509,13.6536,79.4587,offices
517510,13.3757,79.2521,offices
517520,13.6593,79.5028,offices
517526,13.6089,79.5528,offices
517536,13.8669,79.7199,offices
517541,13.5992,79.9333,offices
517551,13.5496,79.5241,offices
517561,13.5647,79.4067,offices
517569,13.4200,79.3100,offices
517571,13.4818,79.5179,offices
517581,13.4238,79.5895,offices
517582,13.3808,79.4125,offices
517583,13.4376,79.5532,offices
517584,13.3941,79.5558,offices
517586,13.2687,79.7181,offices
517587,13.4054,79.7242,offices
517588,13.4366,79.9562,offices
517589,13.4927,79.5932,offices
517590,13.3280,79.6089,offices
517591,13.3482,79.6704,offices
517592,13.3178,79.5860,offices
517599,13.2017,79.3724,offices
517619,13.6636,79.6137,offices
517620,13.8243,79.5853,offices
517640,13.7511,79.6894,offices
517641,13.7052,79.6598,offices
517642,13.7765,79.7318,offices
517643,13.6614,79.7499,offices
517644,13.7514,79.7065,offices
517645,13.7015,79.8498,offices
517646,13.7700,79.5900,offices
518001,15.8330,78.0505,offices
518002,15.8135,78.0433,offices
518003,15.8321,78.0269,offices
518004,15.8345,78.0413,offices
518005,15.8364,78.0317,offices
518006,15.7817,78.0632,offices
518007,15.8018,78.0486,offices
518010,15.6845,78.1785,offices
518101,16.0701,78.8722,offices
518102,16.0808,78.9060,offices
518112,15.5472,78.3043,offices
518122,15.2079,78.1172,offices
518123,15.0755,78.1065,offices
518124,15.3167,78.2258,offices
518134,15.2281,78.3176,offices
518135,15.2062,78.4490,offices
518145,14.9868,78.3913,offices
518155,15.6294,78.0752,offices
518165,15.1449,78.2979,offices
518166,15.0599,78.2071,offices
518176,15.4237,78.3191,offices
518186,15.4455,78.2823,offices
518196,15.1618,78.2051,offices
518206,15.5001,78.2108,offices
518216,15.5501,77.9186,offices
518217,15.5728,78.0007,offices
518218,15.6351,77.9725,offices
518220,15.2828,77.9006,offices
518221,15.2355,77.7384,offices
518222,14.6701,77.6018,offices
518225,15.5583,77.8319,offices
518301,15.6277,77.2713,offices
518302,15.6302,77.2943,offices
518308,15.5927,77.1445,offices
518313,15.8584,77.2419,offices
518323,15.7428,77.3028,offices
518333,15.8873,77.1196,offices
518343,15.8540,77.4846,offices
518344,15.7736,77.1377,offices
518345,15.9225,77.4464,offices
518346,15.4880,77.0484,offices
518347,15.4766,77.3890,offices
518348,15.3317,77.1568,offices
518349,15.9491,77.3006,offices
518350,15.6877,77.4852,offices
518360,15.7751,77.4691,offices
518380,15.3930,77.5041,offices
518385,15.2481,77.4168,offices
518390,15.3135,77.5449,offices
518395,15.3984,77.2247,offices
518396,15.2831,77.2879,offices
518401,15.8191,78.0189,offices
518405,15.7701,78.2894,offices
518411,15.9274,77.2881,offices
518412,15.9153,78.3700,offices
518422,15.7723,78.4018,offices
518432,15.8151,78.2007,offices
518442,15.8391,78.4927,offices
518452,15.7776,78.1450,offices
518462,15.8197,77.6713,offices
518463,15.7147,77.5961,offices
518464,15.1132,77.1185,offices
518465,15.5370,77.5489,offices
518466,15.7743,77.8068,offices
518467,15.7549,77.9041,offices
518468,15.4143,77.6811,offices
518501,15.4898,78.4875,offices
518502,15.4947,78.4906,offices
518508,15.6794,78.4274,offices
518510,15.5117,78.4756,offices
518511,15.5117,78.4756,offices
518512,15.4916,78.5732,offices
518513,15.6251,78.5362,offices
518523,15.5828,78.5235,offices
518533,15.7226,78.5667,offices
518543,15.5117,78.4756,offices
518553,14.9623,78.5832,offices
518563,15.3500,78.5200,offices
518573,15.3061,78.4562,offices
518583,15.3800,78.6100,offices
518593,15.4248,78.4539,offices
518594,15.2412,78.6046,offices
518598,15.4093,78.0729,offices
518599,15.4512,78.4190,offices
518674,15.3566,78.4169,offices
520001,16.5211,80.6157,offices
520002,16.5114,80.6303,offices
520003,16.5202,80.6268,offices
520004,16.5189,80.6423,offices
520007,16.4977,80.6756,offices
520008,16.5183,80.6702,offices
520010,16.5049,80.6369,offices
520011,16.5124,80.6319,offices
520012,16.5329,80.6009,offices
520013,16.5056,80.6232,offices
520015,16.5393,80.6506,offices
521001,16.1955,81.1449,offices
521002,16.2012,81.1458,offices
521003,16.1684,81.1213,offices
521004,16.1369,81.0998,offices
521101,16.5602,80.7935,offices
521102,16.5236,80.7754,offices
521104,16.5083,80.7475,offices
521105,16.6645,80.9750,offices
521106,16.5700,80.9627,offices
521107,16.5455,80.7287,offices
521108,16.5174,80.6933,offices
521109,16.6000,80.8917,offices
521110,16.6414,80.9146,offices
521111,16.7273,80.9043,offices
521120,15.9477,80.9164,offices
521121,16.0201,80.9156,offices
521122,16.0307,80.9290,offices
521125,16.0670,70.9257,offices
521126,16.1158,80.9316,offices
521130,16.0823,80.9886,offices
521131,16.1303,80.9659,offices
521132,16.1837,80.9014,offices
521133,16.1698,80.9464,offices
521134,16.4208,80.6465,offices
521135,16.2246,80.9150,offices
521136,16.2582,80.9131,offices
521137,16.4792,80.7079,offices
521138,16.2704,80.9243,offices
521139,16.4622,80.7170,offices
521148,16.3900,80.9257,offices
521149,16.2170,81.0830,offices
521150,16.1989,81.0042,offices
521151,16.4191,80.7690,offices
521153,16.4321,80.7946,offices
521156,16.2587,81.0230,offices
521157,16.3215,80.9603,offices
521158,16.2703,80.9967,offices
521162,16.1784,81.0373,offices
521163,16.3315,80.7886,offices
521164,16.4217,80.8590,offices
521165,16.3582,80.8301,offices
521170,16.8230,80.4039,offices
521175,16.9216,80.0893,offices
521178,16.8575,80.1871,offices
521180,16.6306,80.3794,offices
521181,16.7676,80.4406,offices
521182,16.6600,80.2251,offices
521183,16.6575,80.2782,offices
521184,16.7820,80.3306,offices
521185,16.7369,80.3029,offices
521190,16.9030,80.2571,offices
521201,16.7878,80.8493,offices
521202,16.7900,80.8300,offices
521207,16.8200,80.9419,offices
521211,16.6845,80.7835,offices
521212,16.5938,80.7226,offices
521213,16.8900,80.9100,offices
521214,17.0300,80.8600,offices
521215,16.9342,80.7400,offices
521224,16.5562,80.5693,offices
521225,16.5399,80.5783,offices
521226,16.8950,80.6427,offices
521227,16.9851,80.6554,offices
521228,16.6272,80.5608,offices
521229,16.7091,80.5616,offices
521230,16.7729,80.6362,offices
521231,16.3100,80.3900,offices
521235,17.0619,80.5728,offices
521241,16.5831,80.5583,offices
521245,16.3971,80.8174,offices
521246,16.2350,81.0083,offices
521247,16.2604,80.8391,offices
521250,16.2703,80.8684,offices
521256,16.3562,80.8933,offices
521260,16.4739,80.8336,offices
521261,16.4100,80.9036,offices
521263,16.4400,80.9500,offices
521286,16.5775,80.8401,offices
521301,16.4291,80.9960,offices
521311,16.4602,80.8900,offices
521312,16.5184,80.8900,offices
521320,16.3787,81.3606,offices
521321,16.5297,81.0200,offices
521322,16.3850,80.9887,offices
521323,16.4538,81.0482,offices
521324,16.3750,81.2693,offices
521325,16.4300,81.1102,offices
521326,16.5195,81.1100,offices
521327,16.5100,81.0400,offices
521328,16.0125,81.0393,offices
521329,16.4050,81.1850,offices
521330,16.3738,81.0327,offices
521331,16.3336,81.0763,offices
521332,16.3004,81.0511,offices
521333,16.5439,81.2201,offices
521340,16.5800,81.2900,offices
521343,16.4769,81.2200,offices
521344,16.4700,81.3300,offices
521345,16.5050,81.1568,offices
521356,16.3455,81.0519,offices
521366,16.2539,81.1401,offices
521369,16.3110,81.2150,offices
521390,16.3534,80.9666,offices
521401,17.0025,80.4336,offices
521402,16.9589,80.2636,offices
521403,16.9988,80.5199,offices
521456,16.6090,80.4580,offices
521457,16.8268,80.1417,offices
522001,16.4993,80.7468,offices
522002,16.3085,80.4381,offices
522003,16.4742,80.7389,offices
522004,16.5001,80.7102,offices
522005,16.2874,80.3707,offices
522006,16.3192,80.4156,offices
522007,16.3144,80.4299,offices
522008,16.3144,80.4299,offices
522009,16.3307,80.3516,offices
522015,16.1200,80.3575,offices
522016,16.4909,80.3906,offices
522017,16.2338,80.4205,offices
522018,16.4074,80.3777,offices
522019,16.1990,80.3337,offices
522020,16.5748,80.3616,offices
522034,16.3688,80.4366,offices
522101,15.9034,80.4681,offices
522102,15.6174,82.9846,offices
522111,15.9412,80.5466,offices
522112,16.0510,80.4215,offices
522113,15.9763,80.4256,offices
522124,16.0681,80.5483,offices
522201,16.2367,80.6520,offices
522202,16.2366,80.6438,offices
522211,16.2393,80.6119,offices
522212,15.9270,79.7410,offices
522213,16.2396,80.5855,offices
522233,16.1518,80.2461,offices
522234,16.2140,80.1891,offices
522235,16.0677,80.3345,offices
522236,16.4908,80.4396,offices
522237,16.5257,80.4813,offices
522238,16.5269,80.5112,offices
522239,16.2634,80.6832,offices
522240,16.4532,80.5265,offices
522241,16.4951,80.5003,offices
522256,16.1039,80.7845,offices
522257,16.1141,80.8115,offices
522258,16.0364,80.7616,offices
522259,16.5140,80.2890,offices
522261,16.1780,80.7395,offices
522262,15.9618,80.7493,offices
522264,15.9361,80.8827,offices
522265,16.0192,80.8308,offices
522268,17.4871,78.6028,offices
522301,16.0264,80.1629,offices
522302,16.4334,80.6188,offices
522303,16.4271,80.6421,offices
522304,16.2796,80.7401,offices
522305,16.3755,80.6667,offices
522306,16.2931,80.6424,offices
522307,16.3061,80.6099,offices
522308,16.3304,80.6577,offices
522309,16.0491,80.6781,offices
522310,15.9896,80.5091,offices
522311,16.0081,80.6132,offices
522312,16.1117,80.6389,offices
522313,16.1805,80.6646,offices
522314,15.9009,80.6669,offices
522315,16.0229,80.5424,offices
522316,16.1090,80.5046,offices
522317,15.8698,80.4050,offices
522318,16.1595,80.5841,offices
522324,16.1822,80.7981,offices
522325,16.1073,80.6882,offices
522329,15.9779,80.6265,offices
522330,16.3242,80.6291,offices
522341,16.0624,80.6257,offices
522401,16.4111,80.2952,offices
522402,16.4672,80.2157,offices
522403,16.3971,80.1489,offices
522408,16.3299,80.0912,offices
522409,16.6784,80.1230,offices
522410,16.5454,80.1432,offices
522411,16.5460,79.9941,offices
522412,16.4507,80.0609,offices
522413,16.4607,79.9095,offices
522414,16.6459,79.7370,offices
522415,16.5577,79.6434,offices
522421,16.5430,79.5057,offices
522426,16.5068,79.3966,offices
522435,16.6030,79.8632,offices
522436,16.5297,80.2832,offices
522437,16.5112,79.7992,offices
522438,16.3532,80.2982,offices
522439,16.3462,79.5035,offices
522501,16.4833,80.6017,offices
522502,16.4515,80.5641,offices
522503,16.4280,80.5673,offices
522508,16.3800,80.5175,offices
522509,16.3402,80.4910,offices
522510,16.3788,80.5312,offices
522529,16.2950,80.2295,offices
522549,16.2520,80.1326,offices
522601,16.2321,80.0471,offices
522603,16.2453,80.0050,offices
522611,16.1563,80.1063,offices
522612,16.4273,79.5383,offices
522613,16.3545,79.3278,offices
522614,16.4247,79.7158,offices
522615,16.3429,79.9266,offices
522616,16.0904,80.1666,offices
522617,16.1841,79.9021,offices
522619,16.1026,80.2278,offices
522626,16.0768,80.1143,offices
522646,16.0961,79.8348,offices
522647,16.0500,79.7381,offices
522649,16.0248,79.8217,offices
522657,16.1270,79.6283,offices
522658,16.2056,79.7836,offices
522659,15.9688,79.6266,offices
522660,15.9317,79.7410,offices
522661,16.2401,79.8333,offices
522663,16.2821,79.5877,offices
523001,15.5007,80.0504,offices
523002,15.5132,80.0341,offices
523003,15.5005,80.0486,offices
523101,15.2474,79.9809,offices
523104,15.2233,80.0737,offices
523105,15.2139,79.9027,offices
523108,15.1364,79.3858,offices
523109,15.2642,79.7993,offices
523110,15.1113,79.5193,offices
523111,15.3357,79.6440,offices
523112,15.1691,79.2596,offices
523113,15.1390,79.8397,offices
523114,15.0737,79.7007,offices
523115,15.0170,79.8141,offices
523116,15.1626,79.7079,offices
523117,15.2218,79.5524,offices
523135,15.6948,80.2437,offices
523155,15.8189,80.3500,offices
523157,15.8239,80.3708,offices
523165,15.8128,80.3341,offices
523166,15.8421,80.3921,offices
523167,15.8290,80.1844,offices
523168,15.8963,80.3357,offices
523169,15.9637,80.2859,offices
523170,15.8782,80.2519,offices
523171,16.0258,80.2516,offices
523180,15.5991,80.1613,offices
523181,15.7348,80.2409,offices
523182,15.5406,80.1294,offices
523183,15.6683,80.1009,offices
523184,15.7348,80.2807,offices
523185,15.8049,80.2441,offices
523186,15.7152,80.1721,offices
523187,15.7824,80.3061,offices
523190,15.9036,80.2048,offices
523201,15.8438,79.9520,offices
523211,15.6173,80.0170,offices
523212,15.7342,80.0276,offices
523213,15.8375,80.0185,offices
523214,15.8182,80.1213,offices
523223,15.2917,79.3648,offices
523224,15.3335,79.2661,offices
523225,15.5413,79.9392,offices
523226,15.5455,79.8505,offices
523227,15.4156,79.3634,offices
523228,15.4704,79.2980,offices
523230,15.4039,79.5074,offices
523240,15.6053,79.6181,offices
523241,15.6609,79.4771,offices
523245,15.5251,79.5325,offices
523246,15.5515,79.4103,offices
523247,15.7393,79.6632,offices
523252,15.7405,79.7848,offices
523253,15.5649,79.7242,offices
523254,15.3724,79.5296,offices
523260,15.9221,80.0356,offices
523261,15.8632,80.0621,offices
523262,15.5564,80.0577,offices
523263,15.6564,79.9418,offices
523264,15.7343,79.8590,offices
523265,15.8029,79.7964,offices
523270,15.4419,79.7795,offices
523271,15.3390,79.8194,offices
523272,15.4363,80.0075,offices
523273,15.4152,79.8999,offices
523274,15.3413,80.0142,offices
523279,15.3775,79.9438,offices
523280,15.3745,80.1136,offices
523281,15.0721,79.9124,offices
523286,15.4872,80.1433,offices
523291,15.0491,80.0078,offices
523292,15.1353,79.9961,offices
523301,15.9947,80.0954,offices
523302,16.1200,79.9753,offices
523303,16.0144,79.9570,offices
523304,15.8849,79.5761,offices
523305,15.8100,79.4700,offices
523315,15.7650,79.3655,offices
523316,15.7415,79.2711,offices
523320,15.8400,79.2600,offices
523326,16.0200,79.4900,offices
523327,16.0550,79.3220,offices
523328,16.1400,79.4800,offices
523329,15.7424,79.2000,offices
523330,15.9300,79.3600,offices
523331,15.9000,79.1250,offices
523332,15.6500,79.2100,offices
523333,15.6500,79.0800,offices
523334,15.5200,79.0950,offices
523335,15.6800,78.9300,offices
523336,15.6400,79.0300,offices
523346,15.4500,79.1200,offices
523356,15.3900,78.9900,offices
523357,15.3756,78.9276,offices
523367,15.3000,78.8900,offices
523368,15.4600,78.9800,offices
523369,15.3123,78.9766,offices
523370,15.5700,79.1558,offices
523371,15.6386,79.2750,offices
523372,15.5273,78.9650,offices
523373,15.2550,79.0002,offices
524001,14.4519,79.9838,offices
524002,14.4501,80.0523,offices
524003,14.4231,79.9808,offices
524004,14.4260,79.9219,offices
524005,14.4797,79.9911,offices
524101,14.1435,79.8424,offices
524121,13.6969,80.0349,offices
524123,13.7851,80.1114,offices
524124,14.1723,79.8648,offices
524126,14.1691,79.8517,offices
524127,13.9299,80.0442,offices
524129,14.9717,79.1997,offices
524131,14.0532,79.7721,offices
524132,13.9579,79.5812,offices
524134,14.1067,79.5512,offices
524137,14.5104,79.9885,offices
524142,14.7691,79.9836,offices
524152,14.7638,80.0367,offices
524201,14.9132,79.9930,offices
524203,14.9169,80.0269,offices
524221,14.9876,79.5119,offices
524222,14.8804,79.3898,offices
524223,14.9034,79.8937,offices
524224,14.8357,79.6839,offices
524225,14.8106,79.7904,offices
524226,14.9722,79.2497,offices
524227,15.0253,79.4233,offices
524228,14.8343,79.5836,offices
524230,14.7823,79.2765,offices
524234,14.7369,79.7339,offices
524236,14.9986,79.3096,offices
524239,14.9839,79.7095,offices
524240,14.6949,79.8766,offices
524300,14.5251,79.3297,offices
524302,14.5820,79.3462,offices
524303,14.5805,79.4869,offices
524304,14.6948,79.6502,offices
524305,14.5351,79.8833,offices
524306,14.5664,79.8214,offices
524307,14.6556,79.5218,offices
524308,14.6373,79.7295,offices
524309,14.4719,79.7324,offices
524310,15.0213,79.1559,offices
524311,14.3910,80.0835,offices
524312,14.7020,79.3348,offices
524313,14.5274,80.1505,offices
524314,14.4772,80.0703,offices
524315,14.6858,80.0545,offices
524316,14.5819,80.0161,offices
524317,14.5730,79.9695,offices
524318,14.5955,80.0688,offices
524319,14.5961,79.9787,offices
524320,14.3229,79.9235,offices
524321,14.2919,79.9696,offices
524322,14.6225,79.6086,offices
524323,14.3229,79.9235,offices
524324,14.3538,79.9228,offices
524341,14.5207,79.5674,offices
524342,14.3832,79.5094,offices
524343,14.4398,79.3920,offices
524344,14.2886,80.1248,offices
524345,14.3841,79.7324,offices
524346,14.3522,80.0447,offices
524347,14.3502,80.1188,offices
524366,14.5395,79.9892,offices
524401,13.5871,80.0349,offices
524402,14.1533,79.8680,offices
524403,13.9834,80.1158,offices
524404,13.7885,79.9218,offices
524405,14.2159,79.8747,offices
524406,14.1545,79.7791,offices
524407,14.1766,79.7424,offices
524408,14.1998,79.5336,offices
524409,14.1791,79.7443,offices
524410,14.0998,79.9130,offices
524411,14.0653,80.0442,offices
524412,14.1309,79.8647,offices
524413,14.0025,80.0709,offices
524414,14.2821,79.5301,offices
524415,14.0025,80.0709,offices
524421,14.6822,79.8191,offices
530001,17.6988,83.2942,offices
530002,17.7096,83.3051,offices
530003,17.7249,83.3241,offices
530004,17.7208,83.2912,offices
530005,17.6828,83.2780,offices
530007,17.7428,83.2639,offices
530008,17.7306,83.2726,offices
530009,17.7346,83.2377,offices
530011,17.6890,83.2423,offices
530012,17.7043,83.1995,offices
530013,17.7370,83.3129,offices
530014,17.6963,83.3262,offices
530015,17.6901,83.2254,offices
530016,17.7283,83.3061,offices
530017,17.7368,83.3386,offices
530018,17.7393,83.2516,offices
530020,17.7191,83.3025,offices
530022,17.7431,83.3238,offices
530024,17.7426,83.2939,offices
530026,17.6907,83.2038,offices
530027,17.7458,83.2212,offices
530028,17.7703,83.2483,offices
530029,17.7583,83.2168,offices
530031,17.5942,83.1558,offices
530032,17.6537,83.1437,offices
530040,17.7614,83.2881,offices
530041,17.8023,83.3516,offices
530043,17.7535,83.3484,offices
530044,17.6544,83.2026,offices
530045,17.7771,83.3616,offices
530046,17.6879,83.1706,offices
530047,17.7785,83.1997,offices
530048,17.8250,83.3481,offices
530049,17.7104,83.1509,offices
530051,17.7999,83.2099,offices
530052,17.8979,83.3552,offices
530053,17.6900,83.1350,offices
530056,17.7206,83.1961,offices
530057,17.7600,83.3100,offices
530058,17.7236,83.3265,offices
530059,17.8665,83.2947,offices
531001,17.6949,83.0017,offices
531002,17.6913,83.0281,offices
531011,17.5407,82.9886,offices
531019,17.6852,83.0650,offices
531020,17.5719,83.0825,offices
531021,17.6177,83.0808,offices
531022,17.9318,83.0559,offices
531023,17.7908,82.9671,offices
531024,18.0735,82.6651,offices
531025,17.7692,82.8038,offices
531026,17.8177,82.8691,offices
531027,17.8665,82.7717,offices
531028,17.8952,82.8606,offices
531029,18.0514,82.5042,offices
531030,18.0384,82.9403,offices
531031,17.6504,82.9180,offices
531032,17.7275,82.9877,offices
531033,17.6167,82.9809,offices
531034,17.8719,83.0223,offices
531035,17.8128,83.1245,offices
531036,17.8276,82.9070,offices
531040,18.3073,82.5015,offices
531055,17.5689,82.8645,offices
531060,17.4503,82.8191,offices
531061,17.5045,82.9094,offices
531075,17.9129,82.9668,offices
531077,18.1503,82.6997,offices
531081,17.3995,82.6887,offices
531082,17.4808,82.7414,offices
531083,17.4338,82.7444,offices
531084,17.6859,82.3727,offices
531085,17.5655,82.6680,offices
531087,17.6559,82.2345,offices
531105,18.0218,82.0901,offices
531111,17.8899,82.4092,offices
531113,17.6213,82.7163,offices
531114,17.7486,82.6928,offices
531115,17.5508,82.4668,offices
531116,17.5731,82.4914,offices
531117,17.5726,82.5910,offices
531118,17.7206,82.5843,offices
531126,17.4034,82.6188,offices
531127,17.3016,82.5721,offices
531133,17.8591,82.2453,offices
531149,18.3084,82.9123,offices
531151,18.2881,82.8252,offices
531162,17.9363,83.4177,offices
531163,17.8602,83.3884,offices
531173,17.8295,83.2027,offices
531219,17.9817,83.3081,offices
532001,18.2957,83.8956,offices
532005,18.2966,83.8881,offices
532122,18.5264,83.6318,offices
532123,18.4554,83.7518,offices
532127,18.4495,83.6494,offices
532148,18.5797,83.5541,offices
532167,18.3473,83.7552,offices
532168,18.3473,83.7552,offices
532184,18.4065,83.8994,offices
532185,18.4109,83.8991,offices
532186,18.2878,83.9003,offices
532187,18.2878,83.9003,offices
532190,18.4973,83.9428,offices
532195,18.5185,84.1521,offices
532201,18.6055,84.2373,offices
532203,18.6068,84.2366,offices
532204,18.6068,84.2366,offices
532207,18.6068,84.2366,offices
532211,18.2963,83.8937,offices
532212,18.5772,84.2845,offices
532213,18.7470,84.0880,offices
532214,18.5836,83.9035,offices
532215,18.7696,84.1689,offices
532216,18.7709,84.1854,offices
532218,18.6661,84.3686,offices
532219,18.7516,84.4871,offices
532220,18.7456,84.3846,offices
532221,18.7745,84.4101,offices
532222,18.2963,83.8937,offices
532242,18.8715,84.4615,offices
532243,18.8487,84.5039,offices
532263,18.8831,84.5829,offices
532264,18.9010,84.5533,offices
532284,18.9461,84.5854,offices
532290,18.9757,84.5805,offices
532291,19.0007,84.5674,offices
532292,18.9518,84.6317,offices
532312,19.1174,84.6862,offices
532322,19.0114,84.6903,offices
532401,18.2878,83.9125,offices
532402,18.3414,83.8172,offices
532403,18.2274,83.7916,offices
532404,18.2731,84.0048,offices
532405,18.3308,84.0567,offices
532406,18.3415,84.1184,offices
532407,18.2051,83.6897,offices
532408,18.2227,83.8702,offices
532409,18.1461,83.6215,offices
532410,18.2821,83.8247,offices
532421,18.4181,84.0461,offices
532425,18.4341,83.9851,offices
532426,18.5923,84.0526,offices
532427,18.5439,84.0133,offices
532428,18.6438,84.0018,offices
532429,18.3749,84.1047,offices
532430,18.2853,83.8959,offices
532432,18.5110,84.0391,offices
532440,18.6038,83.7563,offices
532443,18.7332,83.8071,offices
532445,18.5191,83.7993,offices
532455,18.7789,83.8815,offices
532456,18.9120,83.8165,offices
532457,18.7838,83.9393,offices
532458,18.2963,83.8937,offices
532459,18.6708,83.9503,offices
532460,18.7041,83.6102,offices
532461,18.6327,83.5972,offices
532462,18.6055,83.6674,offices
532474,18.4713,84.0723,offices
532484,18.3524,83.8586,offices
533001,16.9551,82.2300,offices
533002,16.9336,82.2330,offices
533003,16.9695,82.2409,offices
533004,16.9660,82.2250,offices
533005,16.9967,82.2224,offices
533006,16.9537,82.2062,offices
533007,16.9605,82.2487,offices
533016,16.9000,82.2200,offices
533101,16.9920,81.7780,offices
533102,17.0695,81.8130,offices
533103,17.0095,81.7928,offices
533104,17.0105,81.7724,offices
533105,17.0236,81.7775,offices
533106,17.0291,81.8098,offices
533107,16.9839,81.8341,offices
533108,17.0291,81.8098,offices
533124,16.9521,81.8252,offices
533125,16.9412,81.7943,offices
533126,16.8896,81.8229,offices
533201,16.5778,81.9979,offices
533210,16.4445,81.9730,offices
533211,15.9948,79.9843,offices
533212,16.5512,82.1657,offices
533213,16.5702,82.0482,offices
533214,16.5820,81.9550,offices
533215,16.5323,81.9748,offices
533216,13.6409,82.1009,offices
533217,16.5171,81.9885,offices
533218,16.5489,81.9785,offices
533219,16.6733,82.1645,offices
533220,16.6212,82.1806,offices
533221,16.5820,81.9621,offices
533222,17.6990,83.2853,offices
533223,16.7237,81.8929,offices
533228,16.6842,81.9417,offices
533229,16.7023,81.8905,offices
533232,16.8010,81.8996,offices
533233,16.8000,81.8600,offices
533234,16.8589,81.8728,offices
533235,16.8334,81.7869,offices
533236,16.7801,81.8019,offices
533237,16.7784,81.8247,offices
533238,15.8097,79.9703,offices
533239,16.6365,81.9493,offices
533240,16.5746,81.8846,offices
533241,16.6479,81.9651,offices
533242,16.4779,81.8396,offices
533244,16.4440,81.8503,offices
533247,16.7014,81.8893,offices
533248,16.4371,81.9056,offices
533249,16.5050,81.8789,offices
533250,16.3923,81.8041,offices
533251,16.4243,81.7185,offices
533252,16.4035,81.7791,offices
533253,16.4043,81.8060,offices
533254,16.4196,81.8408,offices
533255,16.8351,82.0311,offices
533256,16.8254,82.0448,offices
533260,16.8637,82.1100,offices
533261,16.8500,81.9900,offices
533262,16.7985,82.0877,offices
533263,16.7440,82.1217,offices
533264,17.2786,81.9668,offices
533274,16.7112,81.8097,offices
533284,17.3864,81.8912,offices
533285,17.2895,81.9698,offices
533286,17.2562,81.8501,offices
533287,17.1817,81.6928,offices
533288,17.4360,81.7691,offices
533289,17.1602,81.7983,offices
533290,17.2109,81.7833,offices
533291,16.9964,81.9969,offices
533292,17.1221,81.8286,offices
533293,17.0977,81.7438,offices
533294,17.0841,81.9213,offices
533295,17.6404,81.7180,offices
533296,17.0374,81.9214,offices
533297,17.1371,81.9316,offices
533305,16.7338,82.0093,offices
533306,16.7124,82.0419,offices
533307,16.7900,81.9300,offices
533308,16.8669,81.9405,offices
533309,16.7447,81.9658,offices
533339,17.3349,81.7004,offices
533340,16.9015,81.9246,offices
533341,16.9346,81.8924,offices
533342,16.9472,81.9700,offices
533343,16.9712,82.0100,offices
533344,16.9300,82.0759,offices
533345,16.9120,82.0237,offices
533346,16.9098,82.0009,offices
533347,17.7677,81.4633,offices
533348,17.9296,81.7992,offices
533349,17.5645,81.3850,offices
533350,17.5912,81.2640,offices
533351,18.7840,83.4961,offices
533352,17.6917,81.0051,offices
533353,17.0374,81.9315,offices
533354,17.2596,81.7514,offices
533355,16.7354,82.0345,offices
533401,17.3554,82.5200,offices
533406,17.2923,82.4000,offices
533407,17.4700,82.5200,offices
533408,17.2200,82.4651,offices
533428,17.4500,82.0215,offices
533429,17.3200,82.1129,offices
533430,17.2655,82.2223,offices
533431,17.1861,82.1515,offices
533432,17.2501,82.1523,offices
533433,17.1153,82.1600,offices
533434,17.0237,82.1400,offices
533435,17.2010,82.0534,offices
533436,17.5347,82.2000,offices
533437,17.0795,82.1226,offices
533440,17.0542,82.1717,offices
533444,17.2405,82.3095,offices
533445,17.1500,82.2500,offices
533446,17.3300,82.3444,offices
533447,17.1200,82.3300,offices
533448,17.1070,82.3450,offices
533449,17.1728,82.3246,offices
533450,17.1000,82.2400,offices
533451,17.1868,82.2716,offices
533460,16.9524,82.1306,offices
533461,16.8162,82.2259,offices
533462,16.9055,82.1300,offices
533463,16.7696,82.2731,offices
533464,16.7314,82.2100,offices
533468,16.8335,82.1575,offices
533483,17.5800,81.9750,offices
533577,16.6314,82.0253,offices
534001,16.7089,81.1124,offices
534002,16.7123,81.0932,offices
534003,16.7338,81.0622,offices
534004,16.6902,81.1489,offices
534005,16.7221,81.1052,offices
534006,16.7101,81.0952,offices
534007,16.6955,81.0163,offices
534008,16.7115,81.1025,offices
534101,16.8131,81.5260,offices
534102,16.8558,81.5088,offices
534111,16.9455,81.4634,offices
534112,16.9136,81.3906,offices
534122,16.6276,81.7468,offices
534123,16.6175,81.8100,offices
534124,16.6587,81.6556,offices
534126,16.6231,81.7032,offices
534134,16.6860,81.5893,offices
534145,16.8821,81.5814,offices
534146,16.8185,81.6119,offices
534156,16.7747,81.6042,offices
534165,16.7717,81.4734,offices
534166,16.7763,81.5086,offices
534176,16.9914,81.4160,offices
534186,16.6723,81.5311,offices
534195,16.7312,81.4049,offices
534196,16.7405,81.5202,offices
534197,16.7059,81.5328,offices
534198,16.7001,81.4589,offices
534199,16.5920,81.4640,offices
534201,16.5407,81.5193,offices
534202,16.5404,81.5193,offices
534204,16.5433,81.4924,offices
534206,16.5327,81.4678,offices
534207,16.4750,81.6065,offices
534208,16.5189,81.5100,offices
534209,16.6028,81.5775,offices
534210,16.5845,81.5689,offices
534211,16.7539,81.6854,offices
534215,16.6697,80.7787,offices
534216,16.7801,81.6821,offices
534217,16.6984,81.6993,offices
534218,16.7711,81.6637,offices
534222,16.7189,81.6761,offices
534225,16.7032,81.6343,offices
534227,16.8099,81.7083,offices
534230,16.6296,81.5932,offices
534235,16.5835,81.3702,offices
534236,16.4811,81.3822,offices
534237,16.5332,81.4025,offices
534238,16.6123,81.6299,offices
534239,16.4356,81.5092,offices
534240,16.5990,81.6610,offices
534243,16.5426,81.6039,offices
534244,16.5441,81.5676,offices
534245,16.5304,81.6391,offices
534247,16.5730,81.6378,offices
534250,16.5290,81.6908,offices
534260,16.5193,81.7274,offices
534265,16.5491,81.7197,offices
534266,16.5228,81.8403,offices
534267,16.5502,81.7821,offices
534268,16.4983,81.7828,offices
534269,16.6050,81.8374,offices
534275,16.4330,81.6943,offices
534280,16.4105,81.6480,offices
534281,16.4011,81.5742,offices
534301,16.9097,81.6680,offices
534302,16.8980,81.7051,offices
534305,16.9573,81.5792,offices
534311,17.1927,81.4099,offices
534312,17.0250,81.5576,offices
534313,17.0262,81.5535,offices
534315,17.2469,81.6166,offices
534316,17.0865,81.5224,offices
534318,17.1860,81.5315,offices
534320,16.6549,81.7446,offices
534324,16.6545,81.7803,offices
534326,16.6522,81.8108,offices
534327,16.5842,81.7680,offices
534328,16.7459,81.7366,offices
534329,16.8374,81.7254,offices
534330,16.7037,81.7760,offices
534331,16.7938,81.7290,offices
534338,16.5840,81.7110,offices
534340,17.0770,81.6683,offices
534341,17.1333,81.6390,offices
534342,16.9818,81.6799,offices
534350,17.0151,81.7296,offices
534401,16.8064,81.3172,offices
534406,16.8231,81.3886,offices
534411,16.8283,81.4549,offices
534416,16.8144,81.3755,offices
534425,16.8199,81.2618,offices
534426,16.9605,81.2570,offices
534427,16.7752,81.2387,offices
534432,16.7578,81.1651,offices
534435,16.8399,81.1175,offices
534437,16.6116,81.0695,offices
534442,16.7405,81.2009,offices
534444,17.5338,81.1738,offices
534447,17.1151,81.2972,offices
534448,17.1158,81.3054,offices
534449,16.9790,81.1739,offices
534450,16.7746,81.1449,offices
534451,17.0284,81.3509,offices
534452,16.9341,81.1658,offices
534455,17.1324,81.2832,offices
534456,17.1739,81.1155,offices
534460,17.0179,80.9830,offices
534461,17.0176,81.0519,offices
534462,16.9025,81.0044,offices
534467,17.0998,81.0994,offices
534475,16.8298,81.0434,offices
535001,18.1200,83.4035,offices
535002,18.1092,83.4126,offices
535003,18.1338,83.3754,offices
535004,18.0888,83.3617,offices
535005,18.0464,83.4047,offices
535006,18.0908,83.4573,offices
535101,18.2861,83.5392,offices
535102,18.3676,83.4607,offices
535124,18.4589,83.4769,offices
535125,18.2704,83.6349,offices
535126,18.4811,83.5030,offices
535128,18.3273,83.5726,offices
535145,18.1365,83.0895,offices
535148,18.1181,83.1908,offices
535160,18.1478,83.2185,offices
535161,18.0168,83.1550,offices
535183,17.9055,83.1802,offices
535204,18.0934,83.5683,offices
535213,18.0656,83.5427,offices
535214,18.0344,83.2908,offices
535215,18.1255,83.3001,offices
535216,18.0128,83.4904,offices
535217,18.1844,83.4617,offices
535218,18.1644,83.4917,offices
535220,18.2663,83.4550,offices
535221,18.1859,83.2660,offices
535240,17.9895,83.2155,offices
535250,18.0564,83.2517,offices
535260,18.2314,83.3181,offices
535270,18.2918,83.3350,offices
535273,18.3237,83.2275,offices
535280,18.2160,83.4030,offices
535281,18.0120,83.0804,offices
535463,18.3234,83.1607,offices
535501,18.7803,83.4250,offices
535502,18.7932,83.4357,offices
535521,18.9000,83.4000,offices
535522,18.7456,83.2673,offices
535523,18.9760,83.6617,offices
535524,18.8669,83.5510,offices
535525,18.4191,83.4224,offices
535526,18.7612,83.6546,offices
535527,18.7554,83.3767,offices
535534,18.9211,83.6938,offices
535546,18.6795,83.3896,offices
535547,18.6611,83.2673,offices
535557,18.9463,83.5295,offices
535558,18.5745,83.3570,offices
535559,18.5761,83.3537,offices
535568,18.5750,83.4156,offices
535569,18.5979,83.4804,offices
535573,18.5749,83.3599,offices
535578,18.4839,83.3295,offices
535579,18.4969,83.2787,offices
535580,18.3701,83.2961,offices
535581,18.3766,83.2587,offices
535582,18.3665,83.3766,offices
535591,18.4462,83.1510,offices
535592,18.4793,83.1124,offices
535593,18.6429,83.0856,offices
535594,18.7867,83.5948,offices
560001,12.9818,77.5931,offices
560002,12.9025,77.6253,offices
560003,13.0023,77.5738,offices
560004,12.9484,77.5728,offices
560005,13.0007,77.6161,offices
560006,13.0192,77.5880,offices
560007,12.5652,77.3678,offices
560008,12.5670,77.3747,offices
560009,12.9732,77.5818,offices
560010,12.9830,77.5545,offices
560011,12.9336,77.5846,offices
560012,13.0138,77.5665,offices
560013,13.0577,77.5497,offices
560015,13.0464,77.5227,offices
560016,13.0045,77.6827,offices
560017,12.5557,77.3440,offices
560018,12.9605,77.5606,offices
560020,12.9885,77.5746,offices
560021,13.0008,77.5594,offices
560022,13.0240,77.5486,offices
560023,12.9756,77.5603,offices
560024,13.0330,77.5907,offices
560025,12.9648,77.6063,offices
560026,12.9519,77.5403,offices
560027,12.9617,77.5977,offices
560029,12.9298,77.6047,offices
560030,12.9485,77.6017,offices
560032,13.0221,77.5930,offices
560033,13.0079,77.1098,offices
560034,12.9271,77.6266,offices
560035,12.9075,77.6957,offices
560036,13.0080,77.6910,offices
560037,12.9682,77.6913,offices
560038,12.9447,77.5740,offices
560040,12.9714,77.5368,offices
560041,12.9235,77.5917,offices
560042,12.9820,77.6124,offices
560043,13.0138,77.6348,offices
560045,13.0326,77.6208,offices
560047,12.9501,77.5949,offices
560048,12.9938,77.7075,offices
560049,13.0401,77.7171,offices
560050,12.9401,77.5570,offices
560051,12.1554,78.0118,offices
560053,12.9689,77.5731,offices
560054,13.0298,77.5580,offices
560055,13.0090,77.5629,offices
560056,12.9548,77.5007,offices
560057,13.0465,77.5128,offices
560058,13.0165,77.5233,offices
560059,12.9249,77.4992,offices
560060,12.9156,77.4816,offices
560061,12.9040,77.5467,offices
560062,12.9070,77.5748,offices
560063,13.1734,77.8084,offices
560064,13.0964,77.5676,offices
560065,13.0686,77.5688,offices
560066,12.9775,77.7408,offices
560067,12.5656,77.4625,offices
560068,12.8978,77.6392,offices
560070,12.9264,77.5685,offices
560071,12.1669,77.1100,offices
560072,12.9552,77.5156,offices
560073,13.0566,77.5081,offices
560074,12.8798,77.4466,offices
560075,12.5636,77.3853,offices
560076,12.8911,77.5990,offices
560077,13.0659,77.6489,offices
560078,12.9119,77.5869,offices
560079,12.9875,77.5331,offices
560080,13.0093,77.5767,offices
560081,12.8017,77.7043,offices
560082,12.8335,77.5117,offices
560083,12.8206,77.5881,offices
560084,13.0119,77.6272,offices
560085,12.9320,77.5426,offices
560086,13.0068,77.5464,offices
560087,12.9592,77.6573,offices
560088,13.1340,77.4788,offices
560089,13.1335,77.4911,offices
560090,13.0863,77.4973,offices
560091,12.9908,77.4901,offices
560092,13.0136,77.5699,offices
560093,12.9861,77.6522,offices
560094,12.5368,77.5729,offices
560095,12.9385,77.6191,offices
560096,13.0114,77.5359,offices
560097,13.0794,77.5595,offices
560098,12.9142,77.5173,offices
560099,12.8401,77.6975,offices
560100,12.8401,77.6635,offices
560102,12.9141,77.6372,offices
560103,12.9356,77.7057,offices
560104,12.9650,77.5381,offices
560105,12.7868,77.6379,offices
560107,13.0894,77.4859,offices
560108,12.8624,77.5644,offices
560109,12.8684,77.5381,offices
560110,12.9582,77.4756,offices
560111,12.8963,77.5592,offices
560112,13.2677,77.5524,offices
560113,13.0251,77.6597,offices
560114,12.8705,77.6269,offices
560115,13.0469,77.5454,offices
560116,12.7720,77.5081,offices
560117,12.9696,77.8224,offices
560119,13.1483,77.5675,offices
560300,13.1989,77.7040,offices
560500,12.8633,77.6583,offices
561101,13.1400,77.1600,offices
561201,12.8650,77.2600,offices
561202,14.1013,77.2808,offices
561203,13.3250,77.5100,offices
561204,13.2900,77.3900,offices
561205,13.3652,77.6100,offices
561206,13.6105,77.5903,offices
561207,13.8309,77.8440,offices
561208,13.6533,77.5119,offices
561209,13.6850,77.6984,offices
561210,13.5937,77.4386,offices
561211,13.5061,77.5993,offices
561212,13.7582,77.9991,offices
561213,13.5033,77.4981,offices
561228,13.7298,77.6346,offices
562101,13.4338,77.7317,offices
562102,13.3055,77.8422,offices
562103,13.4000,77.7276,offices
562104,13.6165,77.7862,offices
562105,13.4448,77.9049,offices
562106,12.7089,77.7200,offices
562107,12.7900,77.7500,offices
562108,12.7200,77.1402,offices
562109,12.7700,77.4200,offices
562110,13.2300,77.6600,offices
562111,13.2257,77.2429,offices
562112,12.6800,77.4673,offices
562114,13.0770,77.8400,offices
562117,12.5150,77.4000,offices
562119,12.4100,77.5200,offices
562120,12.9500,77.1800,offices
562121,12.6091,77.5387,offices
562122,13.1800,77.9100,offices
562123,13.1100,77.3600,offices
562125,12.8800,77.7800,offices
562126,12.4300,77.3300,offices
562127,13.0600,77.2650,offices
562128,12.8200,77.3350,offices
562129,13.2027,77.8150,offices
562130,12.9900,77.4300,offices
562131,13.0500,77.1300,offices
562132,13.2300,77.3057,offices
562135,13.2952,77.7800,offices
562138,12.5300,77.2000,offices
562149,13.0574,77.6370,offices
562157,13.1602,77.6500,offices
562159,12.7164,77.2788,offices
562160,12.6400,77.1700,offices
562161,12.6682,77.1740,offices
562162,13.0550,77.4500,offices
562163,13.2600,77.5500,offices
562164,13.3200,77.6900,offices
562165,13.1250,77.7600,offices
562166,12.7621,77.7134,offices
563101,13.1351,78.1299,offices
563103,13.1268,78.2112,offices
563113,12.9005,78.2908,offices
563114,13.0033,78.1646,offices
563115,12.9822,78.2422,offices
563116,13.0076,78.3947,offices
563117,12.9364,78.2614,offices
563118,12.9740,78.2589,offices
563119,12.9259,78.2660,offices
563120,12.9565,78.2286,offices
563121,12.9642,78.3383,offices
563122,12.9571,78.2767,offices
563123,13.5807,78.1251,offices
563124,13.8036,78.0633,offices
563125,13.4169,78.0577,offices
563126,13.2523,78.1667,offices
563127,13.1520,78.3069,offices
563128,13.3109,77.9841,offices
563129,12.8561,78.2069,offices
563130,13.0233,77.9665,offices
563131,13.2022,78.3867,offices
563132,13.1987,78.5006,offices
563133,13.1386,78.0056,offices
563134,13.5486,78.3200,offices
563135,13.4041,78.2363,offices
563136,13.0683,78.4254,offices
563137,12.9833,78.0700,offices
563138,13.3340,78.2929,offices
563139,12.8700,77.9935,offices
563146,13.4543,78.1366,offices
563147,12.9164,78.1553,offices
563157,13.2285,78.0303,offices
563159,13.5934,77.9781,offices
563160,13.0035,77.9425,offices
563161,13.5468,78.2443,offices
563162,13.0086,78.2096,offices
563163,13.0035,77.9425,offices
570001,12.3142,76.6566,offices
570002,12.3273,76.6284,offices
570003,12.3579,76.6446,offices
570004,12.3013,76.6450,offices
570005,12.3039,76.6385,offices
570006,12.3132,76.6132,offices
570007,12.3297,76.6653,offices
570008,12.8404,76.0063,offices
570009,12.3027,76.6311,offices
570010,12.3040,76.6677,offices
570011,12.3045,76.6804,offices
570012,12.3233,76.6197,offices
570014,12.3142,76.6566,offices
570015,12.3377,76.6521,offices
570016,12.3430,76.6232,offices
570017,12.3372,76.6117,offices
570018,12.3421,76.5803,offices
570019,12.3142,76.6566,offices
570020,12.3220,76.6375,offices
570022,12.3142,76.6566,offices
570023,12.3026,76.6407,offices
570025,12.2833,76.6587,offices
570026,12.3056,76.5986,offices
570027,12.3598,76.5955,offices
570028,12.2994,76.7011,offices
570029,12.3142,76.6566,offices
570030,12.3206,76.6037,offices
570031,12.2631,76.6391,offices
570032,12.3233,76.5875,offices
570033,12.2994,76.6311,offices
570034,12.2703,76.6261,offices
571101,12.3305,76.8616,offices
571102,12.4739,76.1005,offices
571103,12.3342,76.4551,offices
571104,12.4284,75.9971,offices
571105,12.3061,76.2914,offices
571106,12.2395,76.4170,offices
571107,12.3369,76.1001,offices
571108,12.4351,76.1912,offices
571109,11.9314,76.6702,offices
571110,12.2398,76.8924,offices
571111,11.8101,76.6911,offices
571114,12.0542,76.2590,offices
571115,12.0438,76.9800,offices
571116,11.9892,76.3503,offices
571117,11.9600,77.0194,offices
571118,12.0588,76.6985,offices
571119,12.0965,76.8090,offices
571120,12.2406,76.9099,offices
571121,12.0002,76.3964,offices
571122,12.1916,77.0307,offices
571123,11.8137,76.7871,offices
571124,12.2129,76.8977,offices
571125,12.1216,76.4802,offices
571126,11.7451,76.6490,offices
571127,11.8779,76.9548,offices
571128,11.9391,76.8065,offices
571129,12.1462,76.7663,offices
571130,12.3596,76.5409,offices
571134,12.3564,76.2915,offices
571187,12.5621,76.0232,offices
571189,12.2185,76.3460,offices
571190,12.4169,75.9525,offices
571201,12.4194,75.7305,offices
571202,12.3120,75.8666,district
571211,12.2284,75.8444,offices
571212,12.2270,75.7144,offices
571213,12.1749,75.9689,offices
571214,12.3120,75.6572,offices
571215,12.2474,75.9193,offices
571216,12.1270,75.9586,offices
571217,12.0126,75.9965,offices
571218,12.1971,75.8026,offices
571219,12.1297,76.0553,offices
571231,12.7972,75.9162,offices
571232,12.5081,75.9583,offices
571234,12.4486,75.9136,offices
571235,12.7048,75.9098,offices
571236,12.6053,75.8470,offices
571237,12.4495,75.8464,offices
571247,12.3820,75.5676,offices
571248,12.3918,75.8456,offices
571249,12.0489,75.9419,offices
571250,11.9737,76.0141,offices
571251,12.5295,75.8019,offices
571252,12.3160,75.7579,offices
571253,12.3102,75.8666,offices
571254,12.2249,76.0042,offices
571301,12.1195,76.6773,offices
571302,12.1678,76.6775,offices
571311,12.1930,76.6665,offices
571312,12.0330,76.7987,offices
571313,12.1614,77.1106,offices
571314,12.0968,76.5568,offices
571315,12.3142,76.6566,offices
571316,12.1614,77.1106,offices
571320,12.0994,77.0827,offices
571342,12.1614,77.1106,offices
571401,12.5200,76.8900,offices
571402,12.5350,76.9000,offices
571403,12.5263,76.9138,offices
571404,12.5476,76.9311,offices
571405,12.5380,76.7913,offices
571415,12.4126,76.8169,offices
571416,12.7070,76.8146,offices
571417,12.2586,77.1225,offices
571418,12.9800,76.7300,offices
571419,12.6364,76.9947,offices
571421,12.4267,77.2287,offices
571422,12.4822,77.0356,offices
571423,12.7600,76.4300,offices
571424,12.3700,76.9500,offices
571425,12.7301,76.9587,offices
571426,12.6600,76.4900,offices
571427,12.4600,76.6500,offices
571428,12.5900,77.0500,offices
571429,12.6000,77.0500,offices
571430,12.3850,77.0500,offices
571431,12.6600,76.6500,offices
571432,12.8200,76.7600,offices
571433,12.6200,77.0900,offices
571434,12.5000,76.6700,offices
571435,12.4600,76.7800,offices
571436,12.8100,76.5800,offices
571438,12.4200,76.6800,offices
571439,12.0898,77.3022,offices
571440,12.1615,77.1103,offices
571441,12.0470,77.0307,offices
571442,12.1249,77.0746,offices
571443,12.1332,77.2297,offices
571444,12.0041,77.3931,offices
571445,12.8200,76.8700,offices
571446,12.6400,76.9200,offices
571448,12.9600,76.7300,offices
571450,12.5956,76.9399,offices
571455,12.5400,76.6000,offices
571457,11.8776,77.2609,offices
571463,12.2700,77.0200,offices
571475,12.4000,77.1360,offices
571476,12.7000,77.0700,offices
571477,12.3795,76.6614,offices
571478,12.4700,76.8700,offices
571490,12.0459,77.7896,offices
571601,12.1216,76.4812,offices
571602,12.4402,76.3808,offices
571603,12.5374,76.3271,offices
571604,12.3142,76.6566,offices
571605,12.6200,76.3900,offices
571606,12.3900,76.7100,offices
571607,12.4100,76.5800,offices
571610,12.3962,76.3364,offices
571617,12.5040,76.2924,offices
571802,12.8800,76.6300,offices
571807,12.4300,76.7000,offices
571811,13.0200,76.7400,offices
571812,12.5600,76.5300,offices
572101,13.3286,77.1084,offices
572102,13.3371,77.0985,offices
572103,13.1130,75.5763,offices
572104,13.3234,77.1433,offices
572105,13.2585,76.4789,offices
572106,13.4047,77.1196,offices
572107,13.3420,77.0311,offices
572111,12.9215,76.9327,offices
572112,13.6247,77.1008,offices
572113,13.3169,77.1008,offices
572114,13.3069,76.6277,offices
572115,13.7210,77.2351,offices
572116,14.0538,77.1697,offices
572117,13.4425,76.9084,offices
572118,13.3061,77.0877,offices
572119,13.3454,76.5363,offices
572120,13.1550,77.0322,offices
572121,13.5290,77.3008,offices
572122,13.4500,77.2556,offices
572123,12.8277,77.0346,offices
572124,13.8185,77.3136,offices
572125,13.6376,76.9372,offices
572126,12.9543,77.1021,offices
572127,13.7210,77.3870,offices
572128,13.4385,77.0645,offices
572129,13.5193,77.2352,offices
572130,13.0266,77.0258,offices
572132,13.6585,77.2148,offices
572133,13.8313,77.1995,offices
572134,13.0287,76.9076,offices
572135,13.8881,76.9189,offices
572136,14.1889,77.3655,offices
572137,13.7406,76.9158,offices
572138,13.8086,76.7909,offices
572139,13.7493,76.8981,offices
572140,13.5471,77.0939,offices
572141,14.2797,77.1745,offices
572142,13.1667,76.6681,offices
572168,13.3169,77.1086,offices
572175,13.6501,77.3085,offices
572201,13.2622,76.4666,offices
572211,13.2753,76.7169,offices
572212,13.2648,76.6585,offices
572213,13.1740,76.9630,offices
572214,13.4153,76.6225,offices
572215,13.2558,76.7098,offices
572216,13.3153,76.9440,offices
572217,13.3334,76.3865,offices
572218,13.3303,76.3875,offices
572219,13.2395,76.8600,offices
572220,13.2395,76.8609,offices
572221,13.0786,76.7555,offices
572222,13.3784,76.8475,offices
572223,13.0556,76.9076,offices
572224,13.3553,76.8015,offices
572225,13.2072,76.6583,offices
572226,13.2492,76.7855,offices
572227,13.2493,76.7860,offices
572228,13.1755,76.8404,offices
573101,13.0430,75.7750,offices
573102,12.7550,76.1050,offices
573103,13.3200,76.2700,offices
573111,13.0500,76.3700,offices
573112,13.4246,76.1713,offices
573113,12.6400,76.1500,offices
573115,13.1750,75.8050,offices
573116,12.9062,76.3900,offices
573117,13.4800,76.3521,offices
573118,13.0750,76.2061,offices
573119,13.1850,76.3450,offices
573120,12.8400,76.1200,offices
573121,13.2100,76.0250,offices
573122,13.2600,76.1750,offices
573123,12.7900,75.7600,offices
573124,12.9500,76.5700,offices
573125,13.3058,76.0900,offices
573126,13.4236,76.3554,offices
573127,12.9863,75.7926,offices
573128,12.9100,76.0600,offices
573129,12.8500,75.8900,offices
573130,12.6189,76.0050,offices
573131,13.0350,76.4675,offices
573133,12.6153,76.0850,offices
573134,12.9100,75.7700,offices
573135,12.8574,76.4876,offices
573136,12.5900,76.1756,offices
573137,12.7400,75.8500,offices
573141,13.0500,76.5774,offices
573142,12.6861,76.0608,offices
573144,13.4800,76.3100,offices
573162,13.1300,76.2200,offices
573164,13.1200,76.3300,offices
573165,13.0100,75.6750,offices
573201,13.0053,76.1035,offices
573202,13.0227,76.1050,offices
573210,12.6550,76.2750,offices
573211,12.8100,76.2500,offices
573212,12.9300,76.1400,offices
573213,13.0027,75.9700,offices
573214,12.9446,75.8700,offices
573215,13.0798,75.8619,offices
573216,13.1282,75.9800,offices
573217,13.0150,76.0493,offices
573218,12.9300,75.9600,offices
573219,13.0829,76.1000,offices
573220,12.9300,76.2300,offices
573225,12.9800,76.2950,offices
573226,13.0200,76.1900,offices
574101,13.3098,75.0262,offices
574102,13.2734,74.8974,offices
574103,13.1079,74.7785,offices
574104,13.2128,74.9948,offices
574105,13.2778,74.7652,offices
574106,13.2274,74.7648,offices
574107,13.1595,75.0921,offices
574108,13.3558,74.9766,offices
574109,13.1073,75.1623,offices
574110,13.1739,74.9210,offices
574111,13.1481,74.7826,offices
574112,13.1401,74.8229,offices
574113,13.1787,74.8202,offices
574114,13.1606,75.0165,offices
574115,13.2522,74.7917,offices
574116,13.2205,74.8198,offices
574117,13.1924,74.7640,offices
574118,13.3105,74.7439,offices
574119,13.1726,74.7695,offices
574122,13.1982,75.0743,offices
574129,13.1411,74.9544,offices
574141,13.0889,74.8607,offices
574142,12.9723,74.8789,offices
574143,12.8743,74.9661,offices
574144,13.0020,74.9363,offices
574145,12.9275,74.9414,offices
574146,13.0456,74.8020,offices
574148,13.0450,74.8708,offices
574150,13.0647,74.8391,offices
574151,12.9604,74.9268,offices
574153,12.7988,74.9669,offices
574154,13.0925,74.8079,offices
574162,12.9739,74.9909,offices
574197,13.0542,75.0473,offices
574198,12.8919,75.4711,offices
574199,12.8231,74.9220,offices
574201,12.7617,75.2002,offices
574202,12.7441,75.2652,offices
574203,12.7773,75.1903,offices
574210,12.7010,75.2474,offices
574211,12.9156,75.0469,offices
574212,12.6658,75.3898,offices
574213,13.1271,75.0234,offices
574214,13.0365,75.3032,offices
574216,12.9482,75.4148,offices
574217,12.9919,75.2324,offices
574218,12.6119,75.5450,offices
574219,12.9112,74.9868,offices
574220,12.7958,75.1573,offices
574221,12.7419,75.4669,offices
574222,12.8201,75.0729,offices
574223,12.6484,75.2744,offices
574224,12.9578,75.2124,offices
574225,13.0341,74.9666,offices
574226,13.0975,74.9381,offices
574227,13.0615,74.9930,offices
574228,13.0245,75.4147,offices
574229,12.8305,75.4536,offices
574230,12.7508,75.5238,offices
574231,12.8601,75.0391,offices
574232,12.6726,75.4821,offices
574233,12.9344,75.1788,offices
574234,12.4996,75.5372,offices
574235,12.7299,75.0886,offices
574236,13.0870,75.1092,offices
574237,12.9978,75.0452,offices
574238,12.6601,75.5914,offices
574239,12.5561,75.3768,offices
574240,12.9934,75.3291,offices
574241,12.8358,75.3067,offices
574242,13.0276,75.1503,offices
574243,12.7386,75.1025,offices
574244,13.2509,74.9059,offices
574248,12.5974,75.4605,offices
574253,12.8364,75.1239,offices
574259,12.6663,75.1995,offices
574260,12.6951,75.1075,offices
574265,12.9258,75.1210,offices
574267,13.0045,74.9660,offices
574274,13.0695,74.9001,offices
574279,12.7443,75.0215,offices
574285,12.7679,75.3476,offices
574313,12.6137,75.2248,offices
574314,12.5207,75.4510,offices
574323,12.7893,75.0294,offices
574324,12.9612,75.0949,offices
574325,12.8269,75.2033,offices
574326,12.8832,75.2357,offices
574327,12.5542,75.3846,offices
574328,12.7094,75.3974,offices
574509,13.0128,74.8752,offices
575001,12.8609,74.8409,offices
575002,12.8714,74.8560,offices
575003,12.8794,74.8373,offices
575004,12.8866,74.8413,offices
575005,12.8835,74.8757,offices
575006,12.9027,74.8356,offices
575007,12.8686,74.9012,offices
575008,12.8972,74.8673,offices
575009,12.8534,74.8785,offices
575010,12.9467,74.8100,offices
575011,12.9626,74.8307,offices
575013,12.9243,74.8285,offices
575014,12.9910,74.8052,offices
575015,12.9324,74.8558,offices
575016,12.8966,74.8751,offices
575017,12.8197,74.8784,offices
575018,12.7867,74.9079,offices
575019,12.9651,74.8139,offices
575020,12.8204,74.8418,offices
575022,12.8035,74.8611,offices
575023,12.7800,74.8707,offices
575025,13.0088,74.7933,offices
575028,12.9175,74.8932,offices
575029,12.8991,74.9262,offices
575030,13.0128,74.8373,offices
576101,13.3328,74.7488,offices
576102,13.3522,74.7623,offices
576103,13.3363,74.7335,offices
576104,13.3557,74.7856,offices
576105,13.3882,74.7475,offices
576106,13.3668,74.7181,offices
576107,13.3432,74.8213,offices
576108,13.3531,74.7041,offices
576111,13.1777,74.8845,offices
576112,13.4610,74.9926,offices
576113,13.3202,74.8735,offices
576114,13.3947,74.7369,offices
576115,13.4007,74.7007,offices
576117,13.2492,74.9828,offices
576120,13.2868,74.8214,offices
576121,13.1308,74.8874,offices
576122,13.2535,74.7579,offices
576124,13.3844,74.8763,offices
576201,13.6318,74.6918,offices
576210,13.4982,74.7710,offices
576211,13.6331,74.7679,offices
576212,13.5253,74.9411,offices
576213,13.4302,74.7455,offices
576214,13.8538,74.6443,offices
576215,13.4247,74.8727,offices
576216,13.6541,74.6675,offices
576217,13.6130,74.7047,offices
576218,13.4415,74.6996,offices
576219,13.8044,74.6386,offices
576220,13.8627,74.8111,offices
576221,13.5320,74.7046,offices
576222,13.5806,74.8046,offices
576223,13.5052,74.8360,offices
576224,13.7435,74.6448,offices
576225,13.4991,74.7177,offices
576226,13.4730,74.7121,offices
576227,13.6061,74.9008,offices
576228,13.9569,74.5803,offices
576229,13.6870,74.8986,offices
576230,13.6767,74.7014,offices
576231,13.5519,74.7296,offices
576232,13.8436,74.6322,offices
576233,13.7468,74.7824,offices
576234,13.4612,74.8748,offices
576235,13.7006,74.6848,offices
576247,13.6831,74.6668,offices
576257,13.5686,74.7073,offices
576282,13.7120,74.9484,offices
576283,13.6722,74.7740,offices
577001,14.4694,76.4294,offices
577002,14.3964,75.9252,offices
577003,14.4579,75.9323,offices
577004,14.4559,75.9070,offices
577005,13.6973,76.8295,offices
577006,14.2102,75.7346,offices
577007,14.3060,76.1700,offices
577008,14.4560,75.9318,offices
577101,13.3153,75.7742,offices
577102,13.3249,75.8030,offices
577111,13.2353,75.6521,offices
577112,13.3658,75.4554,offices
577113,13.1331,75.5595,offices
577114,13.3134,75.3536,offices
577115,13.7550,75.6414,offices
577116,13.6270,75.9634,offices
577117,13.3796,75.4242,offices
577120,13.5119,75.2588,offices
577121,13.1983,75.4355,offices
577122,13.1649,75.4859,offices
577123,13.4078,75.3685,offices
577124,13.2148,75.3793,offices
577125,13.5804,75.2120,offices
577126,13.5185,75.3316,offices
577127,13.5588,75.4183,offices
577128,13.7030,75.6564,offices
577129,13.5799,75.7821,offices
577130,13.3671,75.6669,offices
577131,13.4253,75.7430,offices
577132,13.0857,75.6436,offices
577133,13.2624,75.7464,offices
577134,13.6013,75.4853,offices
577135,13.4339,75.9433,offices
577136,13.3644,75.5472,offices
577137,13.4985,75.8054,offices
577138,13.5261,76.1873,offices
577139,13.4177,75.2539,offices
577140,13.6080,76.1415,offices
577144,13.7162,75.7033,offices
577145,13.7994,75.9819,offices
577146,13.2838,75.9960,offices
577160,13.2558,75.4886,offices
577168,13.3875,75.9128,offices
577175,13.4232,76.0737,offices
577179,13.2669,75.4098,offices
577180,13.6700,76.2024,offices
577181,13.2748,75.3430,offices
577182,13.5796,76.2805,offices
577201,13.9484,75.5756,offices
577202,13.9203,75.5706,offices
577203,13.8950,75.5750,offices
577204,13.9307,75.5800,offices
577205,13.9301,75.0186,offices
577211,14.0377,75.4003,offices
577213,14.0050,75.9500,offices
577214,14.1900,75.3450,offices
577215,14.0300,76.0200,offices
577216,14.0244,75.6550,offices
577217,14.2600,75.6350,offices
577218,14.1496,75.9156,offices
577219,14.3000,75.8000,offices
577220,13.7700,75.4550,offices
577221,14.1000,75.8800,offices
577222,13.8835,75.6250,offices
577223,14.1800,75.5600,offices
577224,14.1700,75.7400,offices
577225,14.1000,75.5200,offices
577226,13.7500,75.3900,offices
577227,13.9883,75.7000,offices
577228,13.7234,75.8426,offices
577229,13.8800,75.6700,offices
577230,14.1300,75.6700,offices
577231,14.2100,75.8400,offices
577232,13.7200,75.3300,offices
577233,13.9500,75.7500,offices
577243,14.0512,75.7450,offices
577245,13.8250,75.7300,offices
577301,13.8542,75.7208,offices
577302,13.8000,75.7000,offices
577401,14.1750,75.0050,offices
577411,13.5600,75.1300,offices
577412,14.0700,75.1300,offices
577413,14.5650,75.1800,offices
577414,13.7600,75.1700,offices
577415,13.6300,75.2900,offices
577416,14.0450,75.5050,offices
577417,14.1000,75.0700,offices
577418,13.8950,75.0900,offices
577419,14.5500,75.0900,offices
577421,14.1550,74.8169,offices
577422,13.8250,75.2850,offices
577423,14.0700,75.3500,offices
577424,13.6100,75.1300,offices
577425,13.8105,75.0200,offices
577426,13.9909,75.2800,offices
577427,14.2800,75.4000,offices
577428,14.4000,75.2800,offices
577429,14.3917,75.0800,offices
577430,14.2169,74.9300,offices
577431,14.2300,75.1900,offices
577432,13.6800,75.2200,offices
577433,14.4700,75.2100,offices
577434,14.3050,75.0950,offices
577435,14.1704,74.6239,offices
577436,13.8850,75.2400,offices
577451,13.7359,75.6324,offices
577452,13.9200,74.8600,offices
577453,14.0250,74.9050,offices
577501,14.2216,76.3974,offices
577502,14.2695,76.3760,offices
577511,13.8854,76.7409,offices
577512,14.4782,76.0377,offices
577513,14.6634,76.1242,offices
577514,14.3127,75.9732,offices
577515,13.7614,76.1958,offices
577516,14.4625,75.7255,offices
577517,14.3282,76.4197,offices
577518,14.1335,76.1273,offices
577519,14.3858,76.2119,offices
577520,14.2165,76.2968,offices
577521,14.3866,76.3117,offices
577522,14.2984,76.6934,offices
577523,14.1269,76.1439,offices
577524,14.2207,76.4362,offices
577525,14.3454,75.8982,offices
577526,14.0428,76.1958,offices
577527,13.8446,76.3139,offices
577528,14.5353,76.3927,offices
577529,14.5849,76.7335,offices
577530,14.3842,75.7357,offices
577531,14.0701,76.1045,offices
577532,14.1522,76.5203,offices
577533,13.7539,76.4559,offices
577534,14.3352,76.0290,offices
577535,14.4638,76.7328,offices
577536,14.4810,76.5662,offices
577537,14.4418,76.8238,offices
577538,14.2286,76.8476,offices
577539,13.9203,76.1171,offices
577540,14.8949,76.8007,offices
577541,14.2797,76.2740,offices
577542,13.6314,76.3914,offices
577543,14.4727,76.7308,offices
577544,14.2200,75.9200,offices
577545,14.0382,76.6275,offices
577546,14.0236,76.7802,offices
577547,13.7215,75.9809,offices
577548,13.5159,76.0162,offices
577549,13.8352,76.0404,offices
577550,13.7088,76.0613,offices
577551,14.2000,75.8100,offices
577552,14.1850,75.9969,offices
577553,14.5003,76.2537,offices
577554,13.8347,76.2160,offices
577555,14.1851,76.3579,offices
577556,14.6736,76.5036,offices
577557,14.0721,76.3203,offices
577558,14.0214,76.5355,offices
577566,14.4664,75.9077,offices
577589,14.5190,75.8935,offices
577596,14.0936,76.9030,offices
577597,13.6782,76.2986,offices
577598,13.9460,76.6174,offices
577599,13.9483,76.5056,offices
577601,15.2716,75.7833,offices
580001,15.4523,75.0062,offices
580002,15.4346,75.0101,offices
580003,15.4380,74.9863,offices
580004,15.4394,75.0188,offices
580005,15.4964,74.9781,offices
580006,15.4704,75.0182,offices
580007,15.4495,74.9582,offices
580008,15.4618,75.0017,offices
580009,15.4101,75.0462,offices
580011,15.5396,74.9008,offices
580020,15.3458,75.1449,offices
580021,15.3592,75.1270,offices
580023,15.3681,75.2055,offices
580024,15.2704,75.1256,offices
580025,15.3944,75.0859,offices
580026,15.3584,75.0453,offices
580027,15.3510,75.0816,offices
580028,15.2657,75.1686,offices
580029,15.3503,75.1537,offices
580030,15.3566,75.1144,offices
580031,15.3729,75.1205,offices
580032,15.3683,75.1376,offices
580112,15.4860,75.1407,offices
580114,15.3158,75.0028,offices
580118,15.3941,74.9257,offices
581101,14.7979,75.2495,offices
581102,14.7294,75.1901,offices
581103,15.4319,74.7381,offices
581104,14.7111,75.1018,offices
581105,15.5899,74.9294,offices
581106,14.6439,75.4429,offices
581107,15.1095,75.3896,offices
581108,14.8509,75.6395,offices
581109,14.5490,75.3849,offices
581110,14.7801,75.3970,offices
581111,14.4585,75.4128,offices
581112,14.8756,75.4263,offices
581113,15.2317,75.2630,offices
581115,14.6640,75.6327,offices
581116,14.4280,75.5129,offices
581117,15.2051,75.3782,offices
581118,14.9539,75.3901,offices
581119,14.4350,75.6185,offices
581120,14.6172,75.2886,offices
581121,12.6155,74.8345,offices
581123,14.5259,75.7653,offices
581126,15.0749,75.3037,offices
581128,14.8222,75.4769,offices
581129,12.6155,74.8345,offices
581145,14.5677,75.7206,offices
581148,14.7446,75.2805,offices
581186,12.6155,74.8345,offices
581187,12.6155,74.8345,offices
581193,15.0026,75.1408,offices
581195,15.3235,75.3827,offices
581196,15.2146,75.0498,offices
581198,14.7352,75.4993,offices
581199,14.8230,75.1843,offices
581201,15.5818,75.0656,offices
581202,14.8941,75.2623,offices
581203,14.8869,75.1364,offices
581204,15.1647,74.9726,offices
581205,15.0272,75.2188,offices
581206,15.6001,74.9959,offices
581207,15.2086,75.1607,offices
581208,14.5321,75.5600,offices
581209,15.4217,75.3224,offices
581210,14.3429,75.5111,offices
581211,14.6737,75.7549,offices
581212,15.1287,75.1266,offices
581213,14.9072,75.5522,offices
581237,14.9935,75.5002,offices
581301,14.8119,74.1319,offices
581302,14.7983,74.1122,offices
581303,14.8370,74.1322,offices
581304,14.8314,74.1434,offices
581306,14.8138,74.1555,offices
581307,14.7878,74.1278,offices
581308,14.7701,74.1584,offices
581314,14.7089,74.4606,offices
581315,12.6155,74.8345,offices
581316,14.7260,74.2836,offices
581317,14.8968,74.2065,offices
581318,14.3700,74.5000,offices
581319,14.5742,74.3214,offices
581320,13.9848,74.5674,offices
581321,14.6997,74.2759,offices
581322,12.6155,74.8345,offices
581323,14.4084,74.5117,offices
581324,14.7677,74.2087,offices
581325,15.2518,74.6272,offices
581326,14.5465,74.3436,offices
581327,14.3566,74.4205,offices
581328,14.8852,74.2202,offices
581329,12.6155,74.8345,offices
581330,14.4655,74.4087,offices
581331,12.6155,74.8345,offices
581332,14.4069,74.4303,offices
581333,14.5103,74.4222,offices
581334,14.2867,74.4907,offices
581335,14.2693,74.4876,offices
581336,14.4200,74.4600,offices
581337,12.6155,74.8345,offices
581338,14.3754,74.4491,offices
581339,14.8573,74.2106,offices
581340,14.3100,74.5000,offices
581341,14.3170,74.4322,offices
581342,14.2479,74.4465,offices
581343,14.4188,74.4126,offices
581344,14.6005,74.3977,offices
581345,14.8817,74.1129,offices
581346,15.1150,76.3160,offices
581347,14.8569,74.8173,offices
581348,14.1877,74.4757,offices
581349,13.7687,74.9355,offices
581350,14.1266,74.4897,offices
581351,14.4803,74.3762,offices
581352,14.8631,74.1321,offices
581353,14.6230,74.3115,offices
581354,14.0332,74.5303,offices
581355,12.6155,74.8345,offices
581356,12.6155,74.8345,offices
581357,14.6150,74.3602,offices
581358,12.6155,74.8345,offices
581359,14.9630,74.7148,offices
581360,14.8834,74.4811,offices
581361,14.2933,74.5151,offices
581362,14.4496,74.4726,offices
581363,15.7100,74.3900,offices
581365,15.1000,74.2900,offices
581384,14.2403,74.6537,offices
581396,14.9166,74.3490,offices
581400,14.8978,74.3158,offices
581401,14.6202,74.8300,offices
581402,14.7398,74.8794,offices
581403,14.5877,74.8271,offices
581411,15.4200,75.6300,offices
581412,12.6155,74.8345,offices
581421,14.0710,74.5052,offices
581423,14.2306,74.5258,offices
581440,14.4898,74.4335,offices
581450,12.6155,74.8345,offices
581453,12.6155,74.8345,offices
582101,15.4305,75.6354,offices
582102,15.5166,75.6634,offices
582103,15.3549,75.6256,offices
582111,15.5751,75.7845,offices
582112,15.0708,75.6902,offices
582113,15.3166,75.8445,offices
582114,15.7333,75.9627,offices
582115,15.4098,75.7470,offices
582116,15.1331,75.4999,offices
582117,15.2640,75.4869,offices
582118,15.0938,75.8475,offices
582119,15.6248,75.8448,offices
582120,15.2321,75.5989,offices
582201,15.4464,75.4358,offices
582202,15.6998,75.5464,offices
582203,15.8054,75.6351,offices
582204,15.5157,75.5574,offices
582205,15.4145,75.5165,offices
582206,15.8542,75.4919,offices
582207,15.7237,75.4137,offices
582208,15.5980,75.3649,offices
582209,15.7234,75.7328,offices
582210,15.0551,75.5348,offices
582211,15.7714,75.8640,offices
583101,15.1435,76.9260,offices
583102,15.0937,76.9172,offices
583103,15.1662,76.9700,offices
583104,15.1595,76.8808,offices
583105,15.1555,76.8726,offices
583111,15.1738,77.0728,offices
583112,14.9715,76.6294,offices
583113,15.3886,76.7088,offices
583114,15.7256,77.0320,offices
583115,15.2541,76.7875,offices
583116,15.3447,76.8364,offices
583117,15.2723,77.0721,offices
583118,15.1484,76.9352,offices
583119,15.0885,76.5464,offices
583120,15.4167,76.8485,offices
583121,15.6326,76.9512,offices
583122,15.5356,76.8793,offices
583123,15.1865,76.6298,offices
583124,15.0039,76.4554,offices
583125,14.6130,76.0437,offices
583126,14.7194,76.5231,offices
583127,14.7689,76.1205,offices
583128,14.9244,76.5315,offices
583129,15.3070,76.6696,offices
583130,14.8252,76.5966,offices
583131,14.8190,75.9811,offices
583132,15.4036,76.5994,offices
583134,14.8328,76.2129,offices
583135,14.9161,76.3846,offices
583136,14.7231,76.2649,offices
583137,14.6606,75.9078,offices
583152,15.1119,76.7173,offices
583153,15.1394,76.9214,offices
583154,15.4285,76.9398,offices
583155,15.3173,76.9404,offices
583201,15.2727,76.3888,offices
583203,15.2626,76.3839,offices
583211,15.2809,76.3773,offices
583212,15.0397,76.2273,offices
583213,14.7302,75.8202,offices
583214,15.1081,76.0345,offices
583215,15.3101,76.4947,offices
583216,14.9258,75.8302,offices
583217,14.8207,75.7129,offices
583218,14.6255,76.4687,offices
583219,14.9998,75.9386,offices
583220,14.9508,76.1073,offices
583221,15.3101,76.4947,offices
583222,15.1299,76.3645,offices
583223,15.2367,76.5272,offices
583224,15.1511,76.1548,offices
583225,15.2669,76.3513,offices
583226,15.2158,75.9674,offices
583227,15.4252,76.5263,offices
583228,15.3691,76.2661,offices
583229,15.6077,76.6461,offices
583230,15.4341,76.1377,offices
583231,15.3494,76.1540,offices
583232,15.4826,75.9632,offices
583233,15.2757,76.3247,offices
583234,15.3371,76.3209,offices
583235,15.4501,76.4383,offices
583236,15.5919,76.0204,offices
583237,15.6003,76.1961,offices
583238,15.3688,76.1049,offices
583239,15.2988,76.4407,offices
583268,15.4740,76.5725,offices
583275,15.1732,76.6287,offices
583276,15.2858,76.4909,offices
583277,15.7539,76.1891,offices
583278,15.8685,76.2307,offices
583279,15.7657,76.3979,offices
583280,15.8596,75.8915,offices
583281,15.8906,76.0157,offices
583282,15.5182,76.6023,offices
583283,15.5704,76.4075,offices
583284,15.6852,75.9281,offices
583285,15.2771,76.0773,offices
583286,12.9694,77.7356,offices
583287,15.5152,76.2313,offices
583288,15.8235,76.0921,offices
584101,16.1965,77.3445,offices
584102,16.2451,77.4732,offices
584103,16.1533,77.3704,offices
584104,16.1690,77.3066,offices
584111,16.4442,76.9369,offices
584113,16.3900,77.1300,offices
584115,16.1972,76.6800,offices
584116,16.3100,76.8200,offices
584118,16.0600,77.1200,offices
584120,16.1000,76.7200,offices
584122,16.1200,76.5200,offices
584123,15.9844,77.0400,offices
584124,15.9100,76.5900,offices
584125,15.9800,76.3800,offices
584126,16.3650,77.0300,offices
584127,16.2106,76.3750,offices
584128,15.7663,76.7564,offices
584129,16.1744,76.9547,offices
584132,15.7692,76.5342,offices
584133,16.0996,77.3783,offices
584134,16.2517,77.3488,offices
584135,16.2716,77.4354,offices
584136,16.2000,77.1100,offices
584138,15.9350,76.8300,offices
584139,16.2600,76.6300,offices
584140,15.9700,77.4000,offices
584143,15.8900,76.9100,offices
584167,15.6700,76.8100,offices
584170,16.3431,77.3528,offices
584202,16.0000,77.2900,offices
584203,16.0300,77.2500,offices
585101,17.3413,76.8345,offices
585102,17.3261,76.8750,offices
585103,17.3300,76.8075,offices
585104,17.4000,76.8379,offices
585105,17.3243,76.8489,offices
585106,17.3131,76.8756,offices
585107,17.6781,83.1925,offices
585201,17.0808,76.6727,offices
585202,16.7900,77.1000,offices
585210,16.9500,77.3600,offices
585211,17.0400,77.1000,offices
585212,17.1700,76.5000,offices
585213,17.3500,76.5900,offices
585214,16.9000,77.3945,offices
585215,16.4300,76.5633,offices
585216,16.6400,76.5250,offices
585217,17.2800,76.1400,offices
585218,16.9200,76.9900,offices
585219,16.7616,77.1353,offices
585220,16.6658,76.9277,offices
585221,16.5700,77.2600,offices
585222,17.0800,77.2600,offices
585223,16.7000,76.9100,offices
585224,16.5322,76.6716,offices
585225,17.0300,77.0050,offices
585226,17.8651,77.4569,offices
585227,17.9116,77.5194,offices
585228,17.1450,76.9450,offices
585229,17.3413,76.8345,offices
585236,17.4400,76.4350,offices
585237,16.3400,76.3500,offices
585265,17.1950,76.5950,offices
585287,16.7800,76.8200,offices
585290,16.4600,76.6636,offices
585291,16.3150,76.4950,offices
585292,17.3413,76.8345,offices
585301,17.2450,76.4000,offices
585302,17.5646,76.5500,offices
585303,16.9100,76.8200,offices
585304,16.5400,76.8500,offices
585305,17.4000,77.4500,offices
585306,17.5350,77.3350,offices
585307,17.4993,77.4140,offices
585308,17.1700,76.7800,offices
585309,16.7200,76.6700,offices
585310,17.0000,76.7000,offices
585311,17.4500,76.7200,offices
585312,17.3000,77.1250,offices
585313,17.6050,77.0550,offices
585314,17.7000,76.6200,offices
585315,16.6500,77.4000,offices
585316,17.5900,76.8600,offices
585317,17.2200,77.1100,offices
585318,17.0200,77.3800,offices
585319,16.6900,77.0100,offices
585320,17.2700,77.3600,offices
585321,16.7800,77.3100,offices
585322,17.4650,77.0750,offices
585323,16.6400,76.8500,offices
585324,17.3850,77.2550,offices
585325,16.8400,76.5000,offices
585326,18.2529,77.4157,offices
585327,17.8692,76.8667,offices
585328,18.0462,77.2134,offices
585329,17.7621,77.1792,offices
585330,17.7699,77.1296,offices
585331,17.9116,77.5194,offices
585353,17.7837,77.1114,offices
585355,16.5000,77.1450,offices
585367,17.3413,76.8345,offices
585401,17.9147,77.5183,offices
585402,17.9074,77.5271,offices
585403,17.9086,77.5154,offices
585404,17.7797,78.0371,offices
585411,17.9116,77.5194,offices
585412,17.6981,77.2137,offices
585413,17.5900,77.1900,offices
585414,17.8909,77.3123,offices
585416,17.9116,77.5194,offices
585417,24.1100,91.4900,offices
585418,17.9116,77.5194,offices
585419,15.2859,76.6441,offices
585421,17.9116,77.5194,offices
585436,17.9116,77.5194,offices
585437,17.9116,77.5194,offices
585443,17.9116,77.5194,offices
585444,13.3219,76.8605,offices
585445,17.8122,76.8534,offices
585446,18.0451,77.2284,offices
585447,17.8155,76.7971,offices
585448,18.3724,77.2922,offices
586101,16.8316,75.7164,offices
586103,16.8497,75.7103,offices
586104,16.8828,75.6612,offices
586108,16.7250,75.7333,offices
586109,16.8077,75.7262,offices
586111,17.3002,76.0575,offices
586112,16.9508,75.9189,offices
586113,16.6507,75.5341,offices
586114,16.9217,75.4774,offices
586115,16.8398,76.1165,offices
586116,16.4502,76.1284,offices
586117,17.1152,75.7754,offices
586118,16.6630,76.3214,offices
586119,16.9886,75.7223,offices
586120,16.7388,76.2316,offices
586121,16.5377,75.7837,offices
586122,16.6534,75.8221,offices
586123,16.9587,76.3753,offices
586124,16.2697,76.2708,offices
586125,16.5602,75.5429,offices
586127,16.8226,75.9562,offices
586128,16.8583,76.2885,offices
586129,16.2365,76.1455,offices
586130,16.8072,75.5512,offices
586162,17.0801,75.9282,offices
586170,16.5870,75.6034,offices
586201,16.3869,75.8842,offices
586202,17.0762,76.2221,offices
586203,16.6614,76.0218,offices
586204,17.2569,75.7662,offices
586205,17.3680,75.6732,offices
586206,17.0834,76.3321,offices
586207,17.3238,75.8730,offices
586208,16.5630,76.1552,offices
586209,17.2235,75.9128,offices
586210,16.4712,75.7308,offices
586211,17.2509,75.9404,offices
586212,16.3614,76.1939,offices
586213,16.3981,75.9695,offices
586214,16.5301,76.3020,offices
586215,16.9757,76.0248,offices
586216,16.4857,75.8650,offices
586217,17.1387,76.1345,offices
587101,16.1823,75.6996,offices
587102,16.1852,75.6201,offices
587103,16.1831,75.6962,offices
587104,16.1812,75.6962,offices
587111,16.1850,75.6962,offices
587112,16.0961,75.9287,offices
587113,16.3370,75.2567,offices
587114,16.1207,76.0063,offices
587115,16.1850,75.6962,offices
587116,16.3408,75.6282,offices
587117,16.3436,75.6251,offices
587118,16.0556,76.0804,offices
587119,16.5043,75.2917,offices
587120,16.0612,76.0546,offices
587121,16.4512,75.3620,offices
587122,16.3333,75.2867,offices
587124,16.0612,76.0547,offices
587125,15.9592,76.1313,offices
587154,16.0612,76.0547,offices
587155,15.9150,75.6768,offices
587156,16.1850,75.6962,offices
587157,16.2050,76.0593,offices
587201,15.9149,75.6768,offices
587202,15.9134,75.9317,offices
587203,16.0357,75.7663,offices
587204,16.1850,75.6962,offices
587205,16.0577,75.6480,offices
587206,16.0389,75.5362,offices
587207,16.1850,75.6962,offices
587301,16.5043,75.2917,offices
587311,16.5043,75.2917,offices
587312,16.3868,75.2867,offices
587313,16.3333,75.2867,offices
587314,16.4904,75.2019,offices
587315,16.5043,75.2917,offices
587316,16.3333,75.2867,offices
587330,16.5043,75.2917,offices
587331,16.5200,75.1658,offices
590001,15.8571,74.5115,offices
590003,15.8395,74.5176,offices
590005,15.7900,74.5202,offices
590006,15.8200,74.5000,offices
590008,15.8148,74.4915,offices
590009,15.8534,74.4290,offices
590010,15.9039,74.5200,offices
590011,15.8386,74.5121,offices
590014,15.7900,74.5108,offices
590015,15.9000,74.5900,offices
590016,15.8615,74.5222,offices
590017,15.8661,74.5196,offices
590018,15.7700,74.4300,offices
590019,15.8753,74.5045,offices
590020,15.8250,74.5700,offices
590100,15.8523,74.5107,offices
591101,16.0379,74.6975,offices
591102,15.8174,74.8400,offices
591103,15.8800,74.6500,offices
591104,15.6950,74.9250,offices
591106,15.5050,74.7050,offices
591107,16.1425,74.6666,offices
591108,15.8462,74.4250,offices
591109,15.7600,74.6500,offices
591110,15.7400,75.2300,offices
591111,15.8500,75.0050,offices
591112,15.6550,74.6900,offices
591113,15.8524,74.5108,offices
591114,16.0300,75.1300,offices
591115,15.6200,74.8000,offices
591117,15.8900,75.1300,offices
591118,15.7400,74.6700,offices
591119,15.9200,74.9200,offices
591120,15.5700,74.5900,offices
591121,15.9300,74.7900,offices
591122,16.0798,74.6867,offices
591123,15.9650,75.3300,offices
591124,15.8680,74.5800,offices
591125,15.8150,74.7100,offices
591126,15.7700,75.1155,offices
591127,15.8900,75.4100,offices
591128,15.8750,74.4400,offices
591129,16.0200,75.0100,offices
591130,16.1100,75.2300,offices
591131,15.6900,74.6200,offices
591136,16.2593,75.1561,offices
591143,15.9650,74.4750,offices
591147,15.8800,74.7200,offices
591153,15.7000,74.7550,offices
591156,15.9500,74.5200,offices
591173,15.8012,74.8404,offices
591201,16.4261,74.5871,offices
591211,16.4666,74.4181,offices
591212,16.8970,75.0638,offices
591213,16.5476,74.6765,offices
591214,16.5434,74.4927,offices
591215,16.5164,74.4078,offices
591216,16.6185,74.4929,offices
591217,16.5627,74.8503,offices
591218,16.2018,74.8297,offices
591219,16.4899,74.4707,offices
591220,16.5595,74.9960,offices
591221,16.1821,74.5519,offices
591222,16.3642,74.7699,offices
591223,16.6950,74.7186,offices
591224,16.2526,74.8951,offices
591225,16.3198,74.4271,offices
591226,16.3542,74.5760,offices
591227,16.1910,75.0362,offices
591228,16.4414,74.4809,offices
591229,16.5315,74.3165,offices
591230,16.6902,75.2158,offices
591231,16.1956,74.7419,offices
591232,16.8234,74.9689,offices
591233,16.1479,74.9535,offices
591234,16.7398,74.8699,offices
591235,16.4117,75.0119,offices
591236,16.3049,74.5311,offices
591237,16.4032,74.3695,offices
591238,16.3895,74.4644,offices
591239,16.5266,74.5328,offices
591240,16.5749,75.0986,offices
591241,16.4687,74.3500,offices
591242,16.6218,74.7028,offices
591243,16.0776,74.5220,offices
591244,16.5319,74.5986,offices
591246,16.1303,74.5260,offices
591247,16.4704,74.6188,offices
591248,16.7854,75.2106,offices
591254,16.0689,74.4300,offices
591263,16.5622,74.4457,offices
591265,16.8255,75.3216,offices
591287,16.4244,74.5054,offices
591301,15.4350,74.6350,offices
591302,15.6600,74.5100,offices
591303,16.6845,74.9287,offices
591304,16.6700,75.0468,offices
591305,16.3020,74.6675,offices
591306,16.2456,74.7604,offices
591307,16.1673,74.8219,offices
591308,16.1886,74.7802,offices
591309,16.2140,74.6250,offices
591310,16.2992,75.0541,offices
591311,16.6067,74.9163,offices
591312,16.3062,74.9704,offices
591313,16.2829,74.4462,offices
591314,16.2513,74.5000,offices
591315,16.7060,74.7584,offices
591316,16.6476,74.7948,offices
591317,16.4933,74.7933,offices
591340,16.2548,74.5492,offices
591344,16.0550,74.8364,offices
591345,15.7000,74.3000,offices
591346,15.9450,74.6100,offices
600001,13.0948,80.2832,offices
600002,13.0711,80.2699,offices
600003,13.0815,80.2786,offices
600004,13.0325,80.2694,offices
600005,13.0634,80.2803,offices
600006,13.0803,80.3284,offices
600007,13.0898,80.2594,offices
600008,13.0665,80.2566,offices
600009,13.0794,80.2856,offices
600010,13.0786,80.2400,offices
600011,13.1122,80.2237,offices
600012,13.0977,80.2518,offices
600013,13.1123,80.2923,offices
600014,12.9953,80.5968,offices
600015,13.0239,80.2350,offices
600016,13.0017,80.1980,offices
600017,13.0429,80.2385,offices
600018,13.1396,80.2066,offices
600019,13.1528,80.2818,offices
600020,13.0232,80.2475,offices
600021,13.1189,80.2852,offices
600022,13.0454,80.2376,offices
600023,13.1018,80.2296,offices
600024,13.0518,80.2300,offices
600025,13.0454,80.2376,offices
600026,13.5056,80.2146,offices
600028,13.0500,80.4491,offices
600030,13.0767,80.2260,offices
600031,13.0716,80.2474,offices
600032,13.0515,80.2116,offices
600033,13.0368,80.2236,offices
600034,13.1070,80.4102,offices
600035,13.0318,80.2407,offices
600036,12.9936,80.2339,offices
600037,13.1154,80.2332,offices
600038,13.1004,80.2143,offices
600039,13.1231,80.2611,offices
600040,13.0846,80.2079,offices
600041,12.9931,80.2566,offices
600042,12.9826,80.2216,offices
600043,12.9339,80.0173,offices
600044,12.9370,80.1235,offices
600045,12.9279,80.1176,offices
600046,12.0188,80.2013,offices
600047,12.9336,80.1209,offices
600048,12.8760,80.0470,offices
600049,13.1077,80.1905,offices
600050,13.0831,80.1479,offices
600051,13.2660,80.4101,offices
600052,13.1950,80.1270,offices
600053,13.1174,80.1545,offices
600054,13.1090,80.0951,offices
600055,13.1450,80.0360,offices
600056,13.0466,80.0945,offices
600057,13.2070,80.4503,offices
600058,13.0925,80.1580,offices
600059,12.9138,80.1093,offices
600060,13.1904,80.2959,offices
600061,13.3157,80.2585,offices
600062,13.1375,80.1299,offices
600063,12.9010,80.0550,offices
600064,12.5015,80.1919,offices
600066,13.1629,80.2031,offices
600067,13.2385,80.1557,offices
600068,13.1271,79.9109,offices
600069,12.9730,80.0535,offices
600070,12.9850,80.1219,offices
600071,13.1026,80.0914,offices
600072,13.0945,80.0465,offices
600073,12.9200,80.1474,offices
600074,12.9849,80.1393,offices
600075,12.9811,80.1443,offices
600076,13.1143,80.1852,offices
600077,13.0678,80.1055,offices
600078,13.0434,80.2064,offices
600081,13.1381,80.2947,offices
600082,13.1159,80.2227,offices
600083,13.0368,80.2271,offices
600084,13.0785,80.2519,offices
600085,13.0210,80.2432,offices
600086,13.0454,80.2376,offices
600087,13.0475,80.1810,offices
600088,12.1470,80.3288,offices
600089,13.0240,80.1844,offices
600090,12.9973,80.2134,offices
600091,12.1048,80.1442,offices
600092,13.0503,80.1944,offices
600093,13.0426,80.2064,offices
600094,13.1104,80.3691,offices
600095,13.0660,80.1260,offices
600096,12.9677,80.2449,offices
600097,12.9354,80.2396,offices
600099,13.1202,75.1974,offices
600100,12.9330,80.2015,offices
600101,13.0876,80.1927,offices
600102,13.0840,80.2197,offices
600103,13.2072,80.2415,offices
600104,13.0872,80.2877,offices
600106,13.0711,80.2152,offices
600107,13.0696,80.1836,offices
600110,13.2277,80.3967,offices
600113,12.9887,80.2487,offices
600115,12.9860,80.2222,offices
600116,13.0396,80.1483,offices
600117,12.9588,80.1748,offices
600118,13.1310,80.2310,offices
600119,12.8926,80.2279,offices
600120,13.2565,80.2600,offices
600122,13.0175,80.1048,offices
600123,13.0195,80.0415,offices
600124,13.0523,80.0135,offices
600125,12.9636,80.1723,offices
600126,12.9031,80.1543,offices
600127,12.8420,80.1300,offices
600128,12.9990,80.0850,offices
600129,12.9251,80.1987,offices
600130,12.5920,80.0260,offices
600131,12.8710,80.1560,offices
600132,17.9192,77.5105,offices
600133,12.9529,80.0420,offices
600200,13.0595,80.2547,offices
600201,13.0015,80.1973,offices
600202,12.9887,80.2579,offices
601101,13.3235,80.0595,offices
601102,13.3499,80.0756,offices
601103,13.1426,79.9090,offices
601201,13.4310,80.1060,offices
601202,13.4250,79.9750,offices
601203,13.2980,80.2395,offices
601204,13.3360,80.1855,offices
601205,13.4164,80.2200,offices
601206,13.3490,80.1095,offices
601301,12.9040,79.9810,offices
602001,13.1444,79.9095,offices
602002,13.1046,79.9110,offices
602003,13.1267,79.9188,offices
602021,13.1885,79.9396,offices
602023,13.2105,79.8390,offices
602024,13.1426,79.9090,offices
602025,13.1126,79.9507,offices
602026,13.3221,79.9213,offices
602105,12.9675,79.9418,offices
602106,13.0176,80.0869,offices
602108,12.9675,79.9418,offices
602117,12.9707,79.9707,offices
602118,12.6483,80.0387,offices
603001,12.6840,79.9833,offices
603002,12.7065,79.9566,offices
603003,12.7022,80.0018,offices
603004,12.7065,79.9566,offices
603101,12.7181,79.9577,offices
603102,12.5088,80.1264,offices
603103,12.1184,80.3719,offices
603104,12.6392,80.1927,offices
603105,12.7263,79.9619,offices
603106,12.7263,79.9360,offices
603107,12.6760,79.8973,offices
603108,12.6856,80.0574,offices
603109,12.5972,80.0556,offices
603110,12.7137,80.1814,offices
603111,12.6628,79.9752,offices
603112,12.8366,80.2053,offices
603127,12.9251,80.1987,offices
603201,12.5102,79.8849,offices
603202,12.6840,79.9833,offices
603203,12.6840,79.9833,offices
603204,12.7286,79.9833,offices
603209,12.9051,80.0217,offices
603210,12.8775,80.0841,offices
603211,12.9251,80.1987,offices
603301,12.5102,79.8849,offices
603302,12.3487,80.0031,offices
603303,12.5102,79.8849,offices
603304,12.3487,80.0031,offices
603305,12.5102,79.8849,offices
603306,12.5102,79.8849,offices
603307,12.3989,79.7127,offices
603308,12.6036,79.9490,offices
603309,12.4102,79.8875,offices
603310,12.3498,79.7939,offices
603311,12.4430,79.9393,offices
603312,12.4454,80.0003,offices
603313,12.3487,80.0031,offices
603314,12.6136,79.7575,offices
603319,12.6044,79.9694,offices
603401,12.3117,79.9615,offices
603402,12.6136,79.7575,offices
603403,12.6194,79.7196,offices
603405,12.6840,79.9833,offices
603406,12.6136,79.7575,offices
604001,12.2319,79.6499,offices
604101,12.2472,79.7512,offices
604102,12.1550,79.6950,offices
604151,12.1900,79.3400,offices
604152,12.1890,79.2600,offices
604153,12.2400,79.3000,offices
604154,12.1350,79.7816,offices
604201,12.3800,79.2600,offices
604202,12.2800,79.4300,offices
604203,11.9486,79.2307,offices
604204,12.3499,79.3280,offices
604205,12.2000,79.4500,offices
604206,12.2550,79.5300,offices
604207,12.3150,79.5875,offices
604208,12.3950,79.3800,offices
604210,12.3400,79.4200,offices
604301,12.2000,79.8300,offices
604302,12.1850,79.6300,offices
604303,12.1800,79.9100,offices
604304,12.1000,79.6500,offices
604305,12.2936,79.7214,offices
604306,12.2012,79.5500,offices
604307,12.2600,79.6900,offices
604401,12.2703,78.7618,offices
604402,12.4495,79.5540,offices
604403,12.9506,80.0033,offices
604404,12.4495,79.5540,offices
604405,13.1710,80.0115,offices
604406,12.4916,79.8369,offices
604407,12.6936,79.5237,offices
604408,12.0294,79.6047,offices
604409,12.4495,79.5540,offices
604410,12.4495,79.5540,offices
604411,12.4686,79.5433,offices
604501,12.8757,79.8374,offices
604502,12.7839,79.8240,offices
604503,12.5456,79.4234,offices
604504,12.7839,79.8240,offices
604505,12.7469,80.1847,offices
604601,13.3725,80.3334,offices
605001,11.9345,79.8351,offices
605002,11.9459,79.8346,offices
605003,11.9568,79.8352,offices
605004,11.9158,79.8125,offices
605005,11.9293,79.8117,offices
605006,11.9497,79.7996,offices
605007,11.8673,79.7900,offices
605008,11.9542,79.8210,offices
605009,11.9400,79.7950,offices
605010,11.9356,79.7830,offices
605011,11.9403,79.8252,offices
605012,11.9346,79.8333,offices
605013,11.9389,79.8145,offices
605014,12.0400,79.8624,offices
605101,11.9921,79.8007,offices
605102,11.9176,79.6887,offices
605103,11.9150,79.5250,offices
605104,11.9748,79.8428,offices
605105,11.8593,79.5796,offices
605106,11.8650,79.6615,offices
605107,11.9250,79.6300,offices
605108,11.9200,79.5791,offices
605109,12.0550,79.7250,offices
605110,11.9100,79.7600,offices
605111,12.0052,79.7680,offices
605201,12.1100,79.3800,offices
605202,12.0672,79.3958,offices
605203,12.0700,79.4700,offices
605301,11.9400,79.4300,offices
605302,11.9300,79.3718,offices
605401,11.8917,79.4742,offices
605402,12.0100,79.4200,offices
605403,12.0672,79.3958,offices
605501,11.9850,79.6400,offices
605502,11.9746,79.7150,offices
605601,12.0050,79.5350,offices
605602,11.9404,79.4952,offices
605651,12.1421,79.4890,offices
605652,12.0550,79.5418,offices
605701,12.0200,79.3100,offices
605702,12.0150,78.9550,offices
605751,11.8800,79.1600,offices
605752,11.9812,79.2314,offices
605754,12.0000,79.0905,offices
605755,11.9650,79.3161,offices
605756,11.9782,79.1762,offices
605757,11.9649,79.2040,offices
605758,12.0500,79.2200,offices
605759,11.9774,79.2055,offices
605766,11.9600,79.1700,offices
605801,11.9400,78.9800,offices
605802,11.9800,79.0300,offices
605803,11.9100,79.2900,offices
606001,11.5156,79.3226,offices
606003,11.5200,79.3350,offices
606102,11.8100,79.2900,offices
606103,11.4700,79.4500,offices
606104,11.6050,79.2702,offices
606105,11.4150,79.2700,offices
606106,11.4200,79.1186,offices
606107,11.6941,79.2953,offices
606108,11.5100,79.0400,offices
606109,11.5500,78.9800,offices
606110,11.4600,79.3150,offices
606111,11.4000,79.2000,offices
606115,11.7100,79.3400,offices
606201,11.6400,78.8794,offices
606202,11.7382,78.9601,offices
606203,11.6600,79.0650,offices
606204,11.6200,78.9900,offices
606205,11.8250,79.1034,offices
606206,11.7400,79.0700,offices
606207,11.8000,78.8550,offices
606208,11.8400,78.9378,offices
606209,11.7750,78.7100,offices
606213,11.7300,78.9800,offices
606301,11.5550,78.8950,offices
606302,11.5400,79.1800,offices
606303,11.4400,78.9939,offices
606304,11.5100,79.1200,offices
606305,11.6300,79.1750,offices
606401,11.8950,78.8150,offices
606402,11.9500,78.9100,offices
606601,12.2266,79.0746,offices
606603,12.2266,79.0746,offices
606604,12.2266,79.0746,offices
606611,12.2266,79.0746,offices
606701,12.3089,78.7914,offices
606702,12.0092,78.4334,offices
606703,11.3516,77.1667,offices
606704,12.2681,78.9413,offices
606705,12.0092,78.4334,offices
606706,12.0092,78.4334,offices
606707,12.0092,78.4334,offices
606708,12.1082,78.8342,offices
606709,12.0092,78.4334,offices
606710,11.7517,79.3040,offices
606751,12.4346,79.0981,offices
606752,11.6053,79.1736,offices
606753,12.5295,80.1660,offices
606754,12.1075,79.2449,offices
606755,11.1541,78.9759,offices
606801,12.4935,79.4438,offices
606802,12.4935,79.4438,offices
606803,13.2677,80.0503,offices
606804,12.1211,79.1509,offices
606805,12.4935,79.4438,offices
606806,12.0917,79.1303,offices
606807,12.4935,79.4438,offices
606808,12.4935,79.4438,offices
606811,12.2352,79.0766,offices
606901,12.1874,79.4080,offices
606902,12.8444,79.7995,offices
606903,12.9874,79.6562,offices
606904,12.1874,79.4080,offices
606905,10.3757,78.8097,offices
606906,12.4636,79.0206,offices
606907,11.7463,79.7644,offices
606908,12.4042,78.9650,offices
607001,11.7600,79.7650,offices
607002,11.7500,79.7500,offices
607003,11.7000,79.7500,offices
607004,11.7300,79.7500,offices
607005,11.6700,79.7450,offices
607006,11.7700,79.7800,offices
607101,11.8000,79.4800,offices
607102,11.7300,79.6250,offices
607103,11.6700,79.5600,offices
607104,11.8000,79.6200,offices
607105,11.7750,79.6600,offices
607106,11.7650,79.5500,offices
607107,11.8500,79.4100,offices
607108,11.8200,79.5000,offices
607109,11.7800,79.7000,offices
607112,11.7950,79.5900,offices
607201,11.7900,79.2100,offices
607202,11.7200,79.1800,offices
607203,11.8800,79.3800,offices
607204,11.7900,79.4000,offices
607205,11.8300,79.5450,offices
607209,11.8450,79.3200,offices
607301,11.6350,79.6650,offices
607302,11.5700,79.6000,offices
607303,11.5500,79.5600,offices
607308,11.6200,79.5500,offices
607401,11.7500,79.6950,offices
607402,11.8096,79.7355,offices
607403,11.9345,79.7862,offices
607801,11.6100,79.5100,offices
607802,11.5400,79.5750,offices
607803,11.6100,79.5000,offices
607804,11.5400,79.4000,offices
607805,11.6700,79.4900,offices
607807,11.5900,79.4600,offices
608001,11.4000,79.6900,offices
608002,11.4000,79.7300,offices
608102,11.4800,79.7500,offices
608201,11.4200,79.6000,offices
608301,11.2800,79.5500,offices
608302,11.3900,79.6300,offices
608303,11.3700,79.8900,offices
608304,11.1950,79.5250,offices
608305,11.3500,79.5900,offices
608306,11.2200,79.5600,offices
608401,11.3500,79.6900,offices
608501,11.4700,79.7000,offices
608502,11.5050,79.7600,offices
608601,11.4600,79.6100,offices
608602,11.4300,79.6700,offices
608701,11.3600,79.5000,offices
608702,11.4200,79.5200,offices
608703,11.4100,79.4000,offices
608704,11.4800,79.5900,offices
608801,11.5800,79.7200,offices
608901,11.3800,79.3300,offices
609001,11.0989,79.6500,offices
609003,11.0971,79.6261,offices
609101,11.3350,79.7900,offices
609102,11.3150,79.7250,offices
609103,11.1507,79.6613,offices
609104,11.2800,79.7700,offices
609105,11.1500,79.8400,offices
609106,11.2100,79.8000,offices
609107,11.1400,79.8100,offices
609108,11.2850,79.7050,offices
609109,11.2000,79.7600,offices
609110,11.2379,79.7347,offices
609111,11.2400,79.7300,offices
609112,11.1900,79.6700,offices
609113,11.2150,79.6650,offices
609114,11.1600,79.8100,offices
609115,11.2500,79.8000,offices
609116,11.2550,79.7000,offices
609117,11.1850,79.7200,offices
609118,11.1400,79.6800,offices
609201,10.9852,79.7533,offices
609202,11.1976,79.5977,offices
609203,11.1378,79.6350,offices
609204,11.1600,79.5400,offices
609205,11.2400,79.6250,offices
609301,11.1100,79.8100,offices
609302,11.0650,79.7150,offices
609303,10.8852,79.8333,offices
609304,11.1200,79.7442,offices
609305,11.1027,79.6899,offices
609306,11.0300,79.7350,offices
609307,11.0200,79.8317,offices
609308,11.0201,79.7641,offices
609309,11.1100,79.7400,offices
609310,11.0400,79.7850,offices
609311,10.9202,79.8333,offices
609312,11.0050,79.7900,offices
609313,10.9152,79.8483,offices
609314,10.9152,79.7633,offices
609401,10.9052,79.7433,offices
609402,10.8952,79.7733,offices
609403,10.9900,79.6900,offices
609404,11.0300,79.6521,offices
609405,10.9400,79.6500,offices
609501,10.9300,79.5250,offices
609502,10.9000,79.6350,offices
609503,10.9300,79.6436,offices
609504,10.8800,79.6300,offices
609601,10.9600,79.7400,offices
609602,10.9239,79.8300,offices
609603,10.9750,79.7700,offices
609604,10.8900,79.8200,offices
609605,10.9400,79.8450,offices
609606,10.6950,79.6600,offices
609607,10.9300,79.7700,offices
609608,10.9600,79.7100,offices
609609,10.9800,79.8300,offices
609701,10.8600,79.6800,offices
609702,10.8850,79.7500,offices
609703,10.8550,79.8050,offices
609704,10.8600,79.7000,offices
609801,11.0763,79.5600,offices
609802,11.0402,79.5024,offices
609803,11.0400,79.5200,offices
609804,11.0419,79.4900,offices
609805,11.0150,79.6050,offices
609806,11.0855,79.6036,offices
609807,11.1400,79.5145,offices
609808,11.0300,79.4700,offices
609810,11.0467,79.5272,offices
609811,11.0700,79.5900,offices
610001,10.7800,79.6300,offices
610003,10.7750,79.6550,offices
610004,10.7800,79.6100,offices
610005,10.8100,79.6200,offices
610101,10.8200,79.6900,offices
610102,10.7400,79.5500,offices
610103,10.7183,79.6198,offices
610104,10.7950,79.5950,offices
610105,10.8850,79.6000,offices
610106,10.7300,79.6700,offices
610107,10.8700,79.5650,offices
610109,10.7550,79.6200,offices
610201,10.6350,79.6600,offices
610202,10.6850,79.6436,offices
610203,10.6000,79.6500,offices
610204,10.6200,79.7250,offices
610205,10.6500,79.6200,offices
610206,10.6899,79.5850,offices
610207,10.6600,79.6900,offices
611001,10.7800,79.8465,offices
611002,10.8200,79.8250,offices
611003,10.7902,79.8383,offices
611101,10.7550,79.6900,offices
611102,10.7450,79.8250,offices
611103,10.6200,79.7650,offices
611104,10.7750,79.7450,offices
611105,10.7650,79.7100,offices
611106,10.7450,79.8400,offices
611108,10.7603,79.8000,offices
611109,10.7200,79.7400,offices
611110,10.6200,79.8101,offices
611111,10.6800,79.8400,offices
611112,10.5700,79.8433,offices
612001,10.9666,79.3803,offices
612002,10.9682,79.3726,offices
612101,11.0100,79.4850,offices
612102,11.0400,79.4550,offices
612103,10.9900,79.4200,offices
612104,10.9948,79.4525,offices
612105,11.0400,79.4300,offices
612106,11.0835,79.5243,offices
612201,10.9700,79.5350,offices
612202,10.9500,79.4600,offices
612203,10.9900,79.5800,offices
612204,10.9750,79.4307,offices
612301,10.9750,79.3050,offices
612302,10.9600,79.3300,offices
612303,10.9850,79.3500,offices
612401,10.9500,79.3985,offices
612402,10.9150,79.4000,offices
612501,11.0200,79.3700,offices
612502,11.1400,79.4650,offices
612503,11.0400,79.4100,offices
612504,11.0932,79.4560,offices
612601,10.8450,79.4850,offices
612602,10.9100,79.4700,offices
612603,10.8300,79.5400,offices
612604,10.8800,79.5100,offices
612605,10.8800,79.4550,offices
612610,10.8400,79.4950,offices
612701,10.8992,79.3325,offices
612702,10.9502,79.3523,offices
612703,10.9300,79.3450,offices
612801,10.8500,79.4400,offices
612802,10.8500,79.3400,offices
612803,10.7300,79.4250,offices
612804,10.8839,79.3881,offices
612901,11.1900,79.4500,offices
612902,11.1500,79.3900,offices
612903,11.2600,79.4600,offices
612904,11.0970,79.3500,offices
612905,11.1900,79.4300,offices
612906,11.2400,79.4600,offices
613001,10.7866,79.1400,offices
613002,10.8045,79.1100,offices
613003,10.8200,79.1700,offices
613004,10.7700,79.1039,offices
613005,10.7400,79.1134,offices
613006,10.7300,79.1416,offices
613007,10.7690,79.1259,offices
613008,10.7789,79.1401,offices
613009,10.7874,79.1307,offices
613010,10.7789,79.1401,offices
613101,10.8400,79.0200,offices
613102,10.8250,78.9000,offices
613103,10.8600,79.0900,offices
613104,10.8496,78.9557,offices
613105,10.8500,78.9500,offices
613201,10.8750,79.1400,offices
613202,10.9264,79.1251,offices
613203,10.8800,79.0600,offices
613204,10.9000,79.1300,offices
613205,10.8300,79.0900,offices
613301,10.5700,79.0250,offices
613303,10.6662,79.0787,offices
613401,10.7300,79.0200,offices
613402,10.7300,78.9300,offices
613403,10.7182,79.0722,offices
613501,10.7783,79.2050,offices
613502,10.7789,79.2300,offices
613503,10.7059,79.2452,offices
613504,10.7809,79.2723,offices
613601,10.7800,79.0531,offices
613602,10.7900,78.9739,offices
613701,10.7800,79.5500,offices
613702,10.7600,79.5100,offices
613703,10.7700,79.4900,offices
613704,10.7450,79.5900,offices
613705,10.8250,79.4600,offices
614001,10.6673,79.4500,offices
614013,10.6998,79.3603,offices
614014,10.6800,79.4300,offices
614015,10.5400,79.4300,offices
614016,10.6400,79.4800,offices
614017,10.5000,79.4600,offices
614018,10.6100,79.4000,offices
614019,10.7100,79.2900,offices
614020,10.5650,79.4800,offices
614101,10.6900,79.5300,offices
614102,10.7000,79.5100,offices
614103,10.7400,79.5100,offices
614201,10.8917,79.1877,offices
614202,10.9200,79.1800,offices
614203,10.9400,79.2500,offices
614204,10.9169,79.2391,offices
614205,10.9227,79.2671,offices
614206,10.8750,79.1750,offices
614207,10.9173,79.2447,offices
614208,10.9292,79.3008,offices
614210,10.8445,79.1800,offices
614211,10.8395,79.1750,offices
614301,10.8300,79.2200,offices
614302,10.8700,79.2700,offices
614303,10.8700,79.2200,offices
614401,10.8100,79.3350,offices
614402,10.7674,79.3162,offices
614403,10.7650,79.3700,offices
614404,10.7701,79.4300,offices
614601,10.4266,79.3187,offices
614602,10.4100,79.3200,offices
614612,10.2000,79.2100,offices
614613,10.4100,79.4100,offices
614614,10.5022,79.1950,offices
614615,10.4700,79.2800,offices
614616,10.1350,79.0200,offices
614617,10.2600,79.1500,offices
614618,10.0500,79.0950,offices
614619,9.9800,79.1900,offices
614620,10.3150,78.9900,offices
614621,9.9229,79.1400,offices
614622,10.2400,78.9900,offices
614623,10.3050,79.1375,offices
614624,10.2650,79.0750,offices
614625,10.6298,79.2750,offices
614626,10.5250,79.2888,offices
614628,10.4100,79.1997,offices
614629,9.8900,79.0800,offices
614630,10.1000,79.1900,offices
614701,10.3400,79.3600,offices
614702,10.4900,79.5500,offices
614703,10.4500,79.6100,offices
614704,10.3974,79.4800,offices
614705,10.4992,79.5200,offices
614706,10.4600,79.5500,offices
614707,10.3900,79.7600,offices
614708,10.6250,79.5600,offices
614710,10.5300,79.5900,offices
614711,10.5407,79.7050,offices
614712,10.5665,79.7550,offices
614713,10.5360,79.6388,offices
614714,10.4150,79.7000,offices
614715,10.5600,79.6100,offices
614716,10.4600,79.6800,offices
614717,10.6150,79.5300,offices
614723,10.3000,79.3000,offices
614738,10.3863,79.5010,offices
614801,10.1900,79.0900,offices
614802,10.2795,79.2600,offices
614803,10.3469,79.2700,offices
614804,10.2800,79.2019,offices
614805,10.1750,79.1600,offices
614806,10.4610,79.7400,offices
614807,10.5252,79.8383,offices
614808,10.4400,79.8000,offices
614809,10.4400,79.8488,offices
614810,10.3797,79.8482,offices
614901,10.5000,79.3432,offices
614902,10.6100,79.1870,offices
614903,10.4750,79.4300,offices
614904,10.6900,79.2000,offices
614905,10.5750,79.3400,offices
614906,10.4500,79.3600,offices
620001,10.8011,78.6862,offices
620002,10.8263,78.6959,offices
620003,10.8284,78.6755,offices
620004,10.7944,78.7264,offices
620005,10.8500,78.7100,offices
620006,10.8600,78.6900,offices
620007,10.7376,78.7133,offices
620008,10.8173,78.6955,offices
620009,10.7582,78.6038,offices
620010,10.8119,78.7251,offices
620011,10.7785,78.7422,offices
620012,10.7236,78.6303,offices
620013,10.8005,78.7901,offices
620014,10.7763,78.7939,offices
620015,10.7660,78.8281,offices
620016,10.7369,78.7779,offices
620017,10.8169,78.6805,offices
620018,10.8227,78.6824,offices
620019,10.8046,78.7397,offices
620020,10.7877,78.6922,offices
620021,10.8045,78.6839,offices
620022,10.7685,78.7685,offices
620023,10.7775,78.6864,offices
620024,10.6759,78.7431,offices
620025,10.7104,78.7963,offices
620026,10.7283,78.7638,offices
620027,10.7470,78.6001,offices
620101,10.8618,78.6518,offices
620102,10.8155,78.6359,offices
621001,11.1800,78.5200,offices
621002,11.2000,78.6400,offices
621003,11.2400,78.4750,offices
621004,11.1000,78.6500,offices
621005,10.9350,78.7100,offices
621006,11.0200,78.6400,offices
621007,11.0700,78.6900,offices
621008,11.1900,78.5800,offices
621009,10.9600,78.6800,offices
621010,11.1500,78.6000,offices
621011,11.2900,78.5900,offices
621012,11.2500,78.4850,offices
621014,11.0800,78.6000,offices
621101,11.2300,78.7400,offices
621102,11.3300,78.7800,offices
621103,11.3700,78.7300,offices
621104,11.1350,78.7800,offices
621105,11.0100,78.8000,offices
621106,11.1300,78.9500,offices
621107,11.2400,78.8100,offices
621108,11.3900,79.0550,offices
621109,11.1100,78.8400,offices
621110,11.4050,78.7200,offices
621111,10.9300,78.7900,offices
621112,10.9150,78.7350,offices
621113,11.1750,78.8950,offices
621114,11.1100,78.7200,offices
621115,11.3050,78.9550,offices
621116,11.3800,78.8300,offices
621117,11.4250,78.8600,offices
621118,11.1500,78.7200,offices
621119,11.4800,78.8600,offices
621133,11.2783,78.9259,offices
621202,10.9300,78.5200,offices
621203,10.9800,78.3200,offices
621204,10.9050,78.5750,offices
621205,11.0500,78.4850,offices
621206,11.0850,78.5450,offices
621207,11.0400,78.2200,offices
621208,11.0500,78.3900,offices
621209,10.9700,78.3900,offices
621210,11.1800,78.4400,offices
621211,10.9900,78.4400,offices
621212,11.2400,78.8700,offices
621213,10.9000,78.6150,offices
621214,11.1200,78.4200,offices
621215,11.0300,78.3100,offices
621216,10.8800,78.7100,offices
621217,11.0100,78.5500,offices
621218,10.8700,78.7700,offices
621219,11.3000,78.8600,offices
621220,11.2300,78.8700,offices
621301,10.7500,78.2100,offices
621302,10.5800,78.3100,offices
621305,10.4700,78.4300,offices
621306,10.6200,78.4200,offices
621307,10.6250,78.3600,offices
621308,10.4250,78.5100,offices
621310,10.4600,78.3550,offices
621311,10.6450,78.2050,offices
621312,10.6000,78.4600,offices
621313,10.7300,78.4750,offices
621314,10.3600,78.3900,offices
621315,10.5300,78.2550,offices
621316,10.6000,78.5800,offices
621601,10.8753,78.8152,offices
621651,10.9950,78.9200,offices
621652,11.0350,78.9600,offices
621653,11.0300,79.0100,offices
621701,11.0800,79.1600,offices
621702,10.9000,78.9200,offices
621703,10.8900,78.7900,offices
621704,11.1200,79.0900,offices
621705,11.1700,79.1400,offices
621706,10.8929,78.8800,offices
621707,11.0300,79.0682,offices
621708,11.2300,79.0000,offices
621709,11.3300,79.1900,offices
621710,11.2600,79.2591,offices
621711,10.9401,78.9255,offices
621712,10.9200,78.8258,offices
621713,11.1500,79.0600,offices
621714,11.2400,79.1800,offices
621715,10.9600,79.1100,offices
621716,11.2900,79.1100,offices
621717,11.3250,79.0450,offices
621718,11.2200,79.1500,offices
621719,11.3200,79.2591,offices
621722,10.9100,79.0000,offices
621729,11.1393,79.0961,offices
621730,11.3650,79.1950,offices
621731,11.1145,79.1659,offices
621801,11.0450,79.0600,offices
621802,11.2100,79.3625,offices
621803,11.2800,79.4000,offices
621804,11.1400,79.2600,offices
621805,11.3250,79.4150,offices
621806,11.2300,79.3000,offices
621851,10.9400,79.0350,offices
622001,10.3750,78.8300,offices
622002,10.3800,78.6100,offices
622003,10.3300,78.8200,offices
622004,10.4096,78.8533,offices
622005,10.3800,78.8200,offices
622101,10.4550,78.7200,offices
622102,10.5000,78.5950,offices
622103,10.4651,78.6731,offices
622104,10.4000,78.6900,offices
622201,10.2250,78.9000,offices
622202,10.1800,78.9100,offices
622203,10.5250,78.9350,offices
622204,10.0150,79.0050,offices
622209,10.1400,78.8700,offices
622301,10.3700,78.9800,offices
622302,10.4800,79.1200,offices
622303,10.3500,78.8900,offices
622304,10.3600,79.0800,offices
622401,10.3000,78.5800,offices
622402,10.3000,78.6500,offices
622403,10.2400,78.5200,offices
622404,10.3214,78.7215,offices
622407,10.2746,78.5525,offices
622409,10.2400,78.6650,offices
622411,10.2900,78.5300,offices
622412,10.3000,78.7000,offices
622422,10.3400,78.7900,offices
622501,10.4750,78.8000,offices
622502,10.5850,78.8250,offices
622503,10.1700,78.7400,offices
622504,10.5400,78.8200,offices
622505,10.2650,78.7750,offices
622506,10.2900,78.8100,offices
622507,10.2400,78.7700,offices
622515,10.6450,78.7271,offices
623115,9.2368,78.3500,offices
623120,9.2000,78.4200,offices
623135,9.1300,78.3768,offices
623308,9.8800,78.9593,offices
623315,9.8333,79.0334,offices
623401,9.7303,78.7826,offices
623402,9.8000,78.8550,offices
623403,9.6890,78.9834,offices
623404,9.8139,78.9798,offices
623406,9.8417,79.0700,offices
623407,9.7600,78.9500,offices
623409,9.7850,79.0338,offices
623501,9.3601,78.8616,offices
623502,9.3700,78.8000,offices
623503,9.3237,79.0907,offices
623504,9.3745,78.8450,offices
623512,9.3583,78.9676,offices
623513,9.4244,78.8752,offices
623514,9.4810,78.8917,offices
623515,9.2600,78.7400,offices
623516,9.3000,79.0200,offices
623517,9.2550,78.7773,offices
623518,9.2909,79.1603,offices
623519,9.2700,79.1000,offices
623520,9.2756,79.1307,offices
623521,9.2861,79.2168,offices
623522,9.3694,78.9504,offices
623523,9.2900,78.9053,offices
623524,9.2886,78.9773,offices
623525,9.6100,78.8500,offices
623526,9.4735,79.0778,offices
623527,9.4200,78.6900,offices
623528,9.2050,78.6100,offices
623529,9.3098,78.9517,offices
623530,9.4700,78.7900,offices
623531,9.5450,78.8900,offices
623532,9.2800,78.8600,offices
623533,9.3300,78.7000,offices
623534,9.3055,78.9900,offices
623536,9.3400,78.9050,offices
623537,9.5287,78.8423,offices
623538,9.7000,78.8681,offices
623566,9.2104,78.7111,offices
623601,9.4600,78.4366,offices
623603,9.4100,78.3200,offices
623604,9.4100,78.4000,offices
623605,9.4610,78.3550,offices
623608,9.5750,78.4750,offices
623701,9.5650,78.6050,offices
623703,9.2150,78.5100,offices
623704,9.3200,78.5300,offices
623705,9.5471,78.7200,offices
623706,9.4767,78.5600,offices
623707,9.5472,78.5918,offices
623708,9.3529,78.4351,offices
623711,9.3150,78.6200,offices
623712,9.4139,78.6123,offices
623806,9.2302,78.7803,offices
624001,10.3685,77.9751,offices
624002,10.3600,77.9350,offices
624003,10.3100,78.0000,offices
624004,10.3950,77.9650,offices
624005,10.4000,78.0300,offices
624101,10.2700,77.5400,offices
624103,10.2300,77.3400,offices
624201,10.1400,77.9100,offices
624202,10.1665,77.7477,offices
624204,10.2400,77.7500,offices
624206,10.1900,77.9100,offices
624208,10.1649,77.8534,offices
624210,10.4393,77.5901,offices
624211,10.2091,77.7700,offices
624212,10.3500,77.7100,offices
624215,10.1800,77.8700,offices
624216,10.3000,77.6700,offices
624219,10.1050,77.8500,offices
624220,10.0850,77.7600,offices
624301,10.2866,77.9195,offices
624302,10.2700,77.9250,offices
624303,10.3100,77.9200,offices
624304,10.3000,78.0700,offices
624306,10.3600,78.1300,offices
624307,10.3150,77.9650,offices
624308,10.2550,78.1400,offices
624401,10.2400,78.2500,offices
624402,10.2226,78.2947,offices
624403,10.3862,78.2526,offices
624601,10.4500,77.5175,offices
624610,10.4943,77.5251,offices
624612,10.5800,77.7200,offices
624613,10.4600,77.5800,offices
624614,10.5100,77.6400,offices
624615,10.4450,77.4750,offices
624616,10.6250,77.6400,offices
624617,10.6000,77.5010,offices
624618,10.5400,77.4550,offices
624619,10.4900,77.7700,offices
624620,10.7600,78.0750,offices
624621,10.4700,77.4300,offices
624622,10.4200,77.8800,offices
624701,10.6085,77.5702,offices
624702,10.5226,78.0400,offices
624703,10.6800,78.1000,offices
624704,10.5600,77.8300,offices
624705,10.3700,77.8500,offices
624706,10.6100,78.0550,offices
624707,10.3150,77.8650,offices
624708,10.2500,77.8200,offices
624709,10.4600,77.9700,offices
624710,10.5400,77.9700,offices
624711,10.5900,77.9400,offices
624712,10.6200,77.7800,offices
624801,10.4800,78.1300,offices
624802,10.4300,78.1050,offices
625001,9.9167,78.1196,offices
625002,9.9379,78.1298,offices
625003,9.9087,78.0963,offices
625004,9.8938,78.0800,offices
625005,9.8775,78.0623,offices
625006,9.8832,78.0585,offices
625007,9.9434,78.1475,offices
625008,9.8496,78.0254,offices
625009,11.4803,78.1472,offices
625011,9.9375,77.9485,offices
625012,9.8919,78.1174,offices
625014,9.9940,78.1429,offices
625015,9.8834,78.0799,offices
625016,9.9321,78.0954,offices
625017,9.8598,78.3343,offices
625018,9.9562,78.0934,offices
625019,9.9358,78.0547,offices
625020,9.9136,78.2036,offices
625021,9.9272,78.0092,offices
625022,9.8496,78.1198,offices
625023,9.9533,78.1863,offices
625101,10.1456,78.3523,offices
625102,10.0704,78.4232,offices
625103,10.2231,78.3738,offices
625104,9.9704,78.1928,offices
625105,10.1119,78.3135,offices
625106,10.0333,78.3366,offices
625107,9.9466,78.1879,offices
625108,10.0986,78.3974,offices
625109,9.9978,78.4128,offices
625110,9.9251,78.2993,offices
625122,9.9968,78.2541,offices
625201,9.8842,78.1978,offices
625203,10.1779,77.7031,offices
625205,10.0566,77.9260,offices
625207,10.0307,77.9239,offices
625214,10.0201,77.9571,offices
625218,10.0910,77.9670,offices
625221,10.0414,78.0255,offices
625234,9.9752,78.0008,offices
625301,10.0381,78.2200,offices
625402,9.9889,78.0436,offices
625501,10.0527,78.0881,offices
625503,10.1166,78.1172,offices
625512,9.9770,77.6003,offices
625513,10.0069,77.3523,offices
625514,9.9435,77.9339,offices
625515,9.7900,77.3900,offices
625516,9.7212,77.2852,offices
625517,9.9209,77.5194,offices
625518,9.8000,77.3200,offices
625520,9.8659,77.4541,offices
625521,9.7296,77.3063,offices
625522,9.8517,77.2939,offices
625523,10.0782,77.5237,offices
625524,9.8626,77.3287,offices
625525,13.0584,80.2157,offices
625526,9.7735,77.3364,offices
625527,9.8400,77.7945,offices
625528,9.9705,77.3492,offices
625529,9.8975,77.8714,offices
625530,9.9000,77.3000,offices
625531,10.0090,77.4809,offices
625532,9.9638,77.7878,offices
625533,9.8058,77.3292,offices
625534,9.9458,77.4723,offices
625535,9.8678,77.7311,offices
625536,10.0000,77.6400,offices
625537,10.0146,77.8330,offices
625540,9.8328,77.4300,offices
625552,9.8774,77.3755,offices
625556,9.4829,77.5804,offices
625562,10.0536,77.5897,offices
625579,9.7401,77.5104,offices
625582,10.0086,77.3257,offices
625601,10.0752,77.3302,offices
625602,10.1300,77.6300,offices
625603,10.1058,77.5721,offices
625604,10.1298,77.6001,offices
625605,10.1070,77.5459,offices
625701,9.6927,77.9749,offices
625702,9.6824,77.8525,offices
625703,9.7263,77.7998,offices
625704,9.7919,77.9010,offices
625705,9.7745,77.7335,offices
625706,9.8194,77.9797,offices
625707,9.6582,77.9063,offices
625708,9.7509,77.8890,offices
626001,9.5884,77.9573,offices
626002,9.6300,77.9550,offices
626003,9.5398,77.9430,offices
626004,9.5300,77.9950,offices
626005,9.5700,77.8500,offices
626101,9.5100,78.0995,offices
626102,9.3941,77.5800,offices
626103,9.6100,77.8392,offices
626104,9.6150,78.1000,offices
626105,9.5100,78.1500,offices
626106,9.6600,78.1550,offices
626107,9.5600,78.1283,offices
626108,9.4300,77.5700,offices
626109,9.6200,78.0000,offices
626110,9.4886,77.5799,offices
626111,9.3550,77.4950,offices
626112,9.4700,78.0600,offices
626113,9.4313,78.0724,offices
626114,9.3427,78.2746,offices
626115,9.7225,78.1073,offices
626116,9.6080,77.6483,offices
626117,9.4476,77.5559,offices
626118,9.4200,78.2048,offices
626119,9.5086,77.8800,offices
626121,9.3800,77.4600,offices
626122,9.3883,77.4951,offices
626123,9.4533,77.7941,offices
626124,9.4400,77.7450,offices
626125,9.5073,77.6329,offices
626126,9.6000,77.6800,offices
626127,9.3350,77.6700,offices
626128,9.3731,77.8200,offices
626129,9.5100,78.2250,offices
626130,9.4900,77.8100,offices
626131,9.3600,77.7200,offices
626132,9.6419,77.6339,offices
626133,9.6300,77.6000,offices
626134,9.4300,78.0600,offices
626135,9.4900,77.6494,offices
626136,9.3700,77.6300,offices
626137,9.4400,77.6575,offices
626138,9.5600,77.7200,offices
626139,9.3650,77.5743,offices
626140,9.2800,77.7300,offices
626141,9.4850,77.6847,offices
626142,9.4100,77.5096,offices
626149,9.6450,77.7200,offices
626161,9.4943,78.1268,offices
626188,9.3942,77.4963,offices
626189,9.4300,77.8350,offices
626201,9.2850,77.8200,offices
626202,9.3400,78.0000,offices
626203,9.3572,77.9100,offices
626204,9.4409,77.9401,offices
626205,9.2524,77.9500,offices
626607,9.6300,78.2850,offices
626612,9.6200,78.3626,offices
627001,8.7290,77.7012,offices
627002,8.7217,77.7434,offices
627003,8.7314,77.7182,offices
627004,8.7235,77.6617,offices
627005,8.7045,77.7045,offices
627006,8.7250,77.6810,offices
627007,8.6855,77.7371,offices
627008,8.7403,77.6653,offices
627009,8.7256,77.7134,offices
627010,8.7145,77.6056,offices
627011,8.7051,77.7759,offices
627012,8.7727,77.6271,offices
627101,8.4300,77.6438,offices
627102,8.4625,77.5848,offices
627103,8.4441,77.6082,offices
627104,8.2163,77.7443,offices
627105,8.2759,77.5786,offices
627106,8.1929,77.6611,offices
627107,8.4857,77.5593,offices
627108,8.4916,77.6867,offices
627109,8.3254,77.5909,offices
627110,8.4279,77.7330,offices
627111,8.2562,77.7196,offices
627112,8.3222,77.7089,offices
627113,8.3503,77.6665,offices
627114,8.1843,77.5772,offices
627115,8.4364,77.5674,offices
627116,8.2353,77.6356,offices
627117,8.3832,77.6189,offices
627118,8.4100,77.7908,offices
627119,8.4035,77.7501,offices
627120,8.1661,77.6199,offices
627127,8.1508,77.5952,offices
627133,8.2822,77.5786,offices
627151,8.6000,77.7170,offices
627152,8.5866,77.6572,offices
627201,8.8869,77.6500,offices
627202,8.9104,77.6014,offices
627351,8.7587,77.8010,offices
627352,8.8879,77.7801,offices
627353,8.7617,77.7658,offices
627354,8.5587,77.7556,offices
627355,8.5004,77.7982,offices
627356,8.6836,77.6867,offices
627357,8.8036,77.7154,offices
627358,8.7544,77.7030,offices
627359,8.7988,77.7692,offices
627401,8.7042,77.4554,offices
627412,8.7840,77.3897,offices
627413,8.7385,77.4578,offices
627414,8.6508,77.5664,offices
627415,8.8486,77.3925,offices
627416,8.6812,77.4644,offices
627417,8.6265,77.6527,offices
627418,8.7693,77.4040,offices
627420,8.5694,77.4075,offices
627421,8.6653,77.4283,offices
627422,8.7126,77.3836,offices
627423,8.8006,77.4188,offices
627424,8.8081,77.3612,offices
627425,8.7122,77.3881,offices
627426,8.7095,77.4997,offices
627427,8.5530,77.3596,offices
627428,8.5727,77.7536,offices
627451,8.6743,77.6391,offices
627452,8.6714,77.6158,offices
627453,8.6787,77.5896,offices
627501,8.5188,77.5587,offices
627502,8.5572,77.5698,offices
627601,8.7452,77.5268,offices
627602,8.7557,77.5059,offices
627603,8.7194,77.5455,offices
627604,8.6497,77.5829,offices
627651,8.3008,77.8948,offices
627652,8.4010,77.8452,offices
627654,8.3123,77.8131,offices
627657,8.3343,77.8389,offices
627713,9.2161,77.7219,offices
627719,9.1888,77.5725,offices
627751,9.0735,77.3350,offices
627753,9.2553,77.5281,offices
627754,9.1608,77.5951,offices
627755,9.1692,77.4342,offices
627756,9.1667,77.5062,offices
627757,9.3217,77.4376,offices
627758,9.2235,77.4092,offices
627759,9.0786,77.3196,offices
627760,9.2485,77.3964,offices
627761,9.2467,77.4639,offices
627764,9.2863,77.4378,offices
627802,8.9221,77.2455,offices
627803,8.9960,77.2639,offices
627804,9.0128,77.3036,offices
627805,8.9549,77.2519,offices
627806,8.9255,77.3810,offices
627807,9.0159,77.2415,offices
627808,8.8698,77.3549,offices
627809,8.9693,77.2334,offices
627811,8.9425,77.2796,offices
627812,9.0321,77.2493,offices
627813,8.9767,77.1960,offices
627814,8.9296,77.3124,offices
627818,8.9428,77.2839,offices
627851,8.8218,77.4772,offices
627852,9.0014,77.3240,offices
627853,8.8728,77.5011,offices
627854,8.9067,77.5008,offices
627855,9.1442,77.3805,offices
627856,9.0066,77.3719,offices
627857,9.0590,77.4220,offices
627858,8.9619,77.3615,offices
627859,8.9682,77.4129,offices
627860,8.9907,77.4948,offices
627861,8.9201,77.4218,offices
627862,9.1019,77.4359,offices
627951,8.9642,77.6387,offices
627953,9.0828,77.5841,offices
628001,8.8039,78.1561,offices
628002,8.8362,78.1351,offices
628003,8.7257,78.2026,offices
628004,8.7569,78.1730,offices
628005,8.7389,78.1248,offices
628006,8.5701,78.2435,offices
628007,8.7353,78.1225,offices
628008,8.7963,78.1211,offices
628101,8.7764,78.0954,offices
628102,8.7148,77.9523,offices
628103,8.7466,78.0597,offices
628104,8.7890,77.9496,offices
628105,8.9157,78.1626,offices
628151,8.6213,78.0652,offices
628152,8.6905,78.0909,offices
628155,8.6336,78.1172,offices
628201,8.5518,78.0688,offices
628202,8.5671,78.0930,offices
628203,8.4241,78.0156,offices
628204,8.5655,78.1232,offices
628205,8.5096,78.0460,offices
628206,8.3974,78.0377,offices
628207,8.5906,78.0508,offices
628208,8.4594,78.0422,offices
628209,8.3779,78.0567,offices
628210,8.4712,77.9833,offices
628211,8.4564,77.9486,offices
628212,8.5778,78.0445,offices
628213,8.4926,78.0393,offices
628215,8.4944,78.1232,offices
628216,8.5079,78.1190,offices
628217,8.7257,78.2026,offices
628218,8.5299,78.0578,offices
628219,8.4726,78.0521,offices
628229,8.5919,78.0875,offices
628251,8.6627,78.0252,offices
628252,8.7172,77.8314,offices
628301,8.9059,78.0217,offices
628302,8.8951,77.8969,offices
628303,8.8294,77.8462,offices
628304,8.8145,78.0252,offices
628401,8.9636,78.0107,offices
628402,8.8716,78.0217,offices
628501,9.1662,77.7004,offices
628502,9.1715,77.8517,offices
628503,9.1493,77.8007,offices
628552,9.0859,77.6735,offices
628601,8.6312,77.9111,offices
628612,8.6052,77.9439,offices
628613,8.5291,77.8625,offices
628614,8.5986,77.9734,offices
628615,8.6445,77.8553,offices
628616,8.5719,77.9827,offices
628617,8.5527,77.9591,offices
628618,8.5749,78.0131,offices
628619,8.6564,77.8646,offices
628620,8.6514,77.9552,offices
628621,8.6216,77.8960,offices
628622,8.5772,77.8423,offices
628623,8.4956,78.1192,offices
628653,8.3739,77.9345,offices
628656,8.3375,77.9075,offices
628701,8.5131,77.9073,offices
628702,8.4113,77.9480,offices
628703,8.3673,77.9822,offices
628704,8.4397,77.8882,offices
628712,9.0352,78.0815,offices
628714,8.9766,77.8315,offices
628716,9.0571,77.7888,offices
628718,8.9931,77.9343,offices
628720,9.0773,77.8763,offices
628721,9.0943,77.6992,offices
628722,8.9582,78.0747,offices
628751,8.6562,77.9977,offices
628752,8.7257,78.2026,offices
628753,8.6379,77.9736,offices
628801,8.6285,78.0395,offices
628802,8.6331,78.0206,offices
628809,8.6621,77.8295,offices
628851,8.7431,77.9207,offices
628901,9.0929,78.2635,offices
628902,9.1398,78.0058,offices
628903,8.9942,78.2259,offices
628904,9.2155,78.1025,offices
628905,9.3013,78.1077,offices
628906,9.0274,78.2848,offices
628907,9.0881,78.1356,offices
628908,9.0308,77.9792,offices
628952,8.9367,77.7250,offices
629001,8.1902,77.4314,offices
629002,8.1600,77.4400,offices
629003,8.1900,77.4000,offices
629004,8.1565,77.4013,offices
629101,8.4550,77.2400,offices
629102,8.5161,77.3161,offices
629151,8.3736,77.2360,offices
629152,8.3800,77.2000,offices
629153,8.3350,77.1653,offices
629154,8.2620,77.1881,offices
629155,8.2948,77.2472,offices
629156,8.2376,77.2571,offices
629157,8.2341,77.2150,offices
629158,8.2857,77.2673,offices
629159,8.1997,77.2500,offices
629160,8.2800,77.1400,offices
629161,8.3676,77.3000,offices
629162,8.2900,77.2033,offices
629163,8.3200,77.2060,offices
629164,8.2946,77.3038,offices
629165,8.3063,77.2223,offices
629166,8.2950,77.2994,offices
629167,8.2600,77.2881,offices
629168,8.3500,77.2200,offices
629169,8.2666,77.2546,offices
629170,8.3744,77.1581,offices
629171,8.2800,77.1900,offices
629172,8.3015,77.1648,offices
629173,8.2400,77.1743,offices
629174,8.2448,77.3055,offices
629175,8.2432,77.3193,offices
629176,8.2602,77.1466,offices
629177,8.3250,77.2747,offices
629178,8.2584,77.2283,offices
629179,8.3079,77.2404,offices
629180,8.2200,77.3505,offices
629193,8.2260,77.1800,offices
629201,8.1600,77.3800,offices
629202,8.1264,77.3285,offices
629203,8.1608,77.3434,offices
629204,8.1569,77.3201,offices
629251,8.1802,77.2658,offices
629252,8.1382,77.3650,offices
629301,8.2450,77.5300,offices
629302,8.2200,77.4800,offices
629401,8.1473,77.5600,offices
629402,8.1716,77.5019,offices
629403,8.1519,77.4984,offices
629501,8.1207,77.4100,offices
629502,8.1308,77.3636,offices
629601,8.1100,77.4400,offices
629602,8.1077,77.4650,offices
629701,8.1142,77.4998,offices
629702,8.1000,77.5400,offices
629703,8.1200,77.5100,offices
629704,8.1635,77.4750,offices
629801,8.1946,77.3600,offices
629802,8.1900,77.3056,offices
629803,8.1933,77.2800,offices
629804,8.2100,77.2900,offices
629809,8.2007,77.3477,offices
629810,8.2061,77.3264,offices
629851,8.3200,77.4200,offices
629852,8.2600,77.4427,offices
629901,8.2200,77.4500,offices
630001,10.0709,78.7656,offices
630002,10.0715,78.7716,offices
630003,10.0780,78.7832,offices
630005,10.0381,78.7840,offices
630101,10.1543,78.7327,offices
630102,10.1612,78.7764,offices
630103,10.5565,78.8485,offices
630104,10.1045,78.8264,offices
630105,10.1908,78.8057,offices
630106,10.1114,78.8054,offices
630107,10.1468,78.8019,offices
630108,10.0844,78.8822,offices
630201,10.1846,78.5394,offices
630202,10.0431,78.8084,offices
630203,10.1850,78.5884,offices
630204,10.0500,78.6199,offices
630205,10.1994,78.6505,offices
630206,10.1034,78.6944,offices
630207,10.0963,78.6598,offices
630208,10.1126,78.7412,offices
630210,10.0800,78.5597,offices
630211,10.1131,78.5700,offices
630212,10.1595,78.6532,offices
630301,10.0219,78.7709,offices
630302,9.9464,78.8215,offices
630303,9.9471,78.8700,offices
630305,9.9978,78.6850,offices
630306,9.9163,78.6135,offices
630307,10.0667,78.7231,offices
630309,10.3468,78.4425,offices
630311,9.9177,78.7743,offices
630312,9.8412,78.8765,offices
630313,10.0100,78.6100,offices
630314,9.9856,78.8222,offices
630321,9.8624,78.6782,offices
630405,10.2424,78.5802,offices
630408,9.8161,78.7720,offices
630410,10.3066,78.4756,offices
630411,9.8511,78.7300,offices
630501,10.1462,78.4651,offices
630502,10.2188,78.4229,offices
630551,9.8250,78.6550,offices
630552,9.9500,78.4600,offices
630553,10.0000,78.4900,offices
630554,9.7646,78.6600,offices
630555,9.9200,78.6400,offices
630556,9.8400,78.5900,offices
630557,9.9150,78.5100,offices
630558,9.9068,78.5237,offices
630559,9.7943,78.4025,offices
630561,9.8500,78.4901,offices
630562,9.8450,78.4350,offices
630566,10.0434,78.5103,offices
630602,9.7546,78.3893,offices
630606,9.6898,78.4556,offices
630609,9.6900,78.4300,offices
630610,9.7500,78.3300,offices
630611,9.8000,78.2400,offices
630612,9.8500,78.1900,offices
630702,9.6300,78.6258,offices
630709,9.6650,78.6383,offices
630710,9.6300,78.7400,offices
630713,9.6966,78.7349,offices
631001,13.0856,79.6764,offices
631002,13.0827,79.6282,offices
631003,13.1318,79.6708,offices
631004,13.1108,79.6929,offices
631005,12.9999,79.6185,offices
631006,13.1413,79.7168,offices
631051,12.9681,79.5863,offices
631052,12.9173,79.5830,offices
631101,13.1051,79.6171,offices
631102,13.0827,79.6708,offices
631151,13.0827,79.6708,offices
631152,12.9810,77.6830,offices
631201,12.8270,79.6873,offices
631202,13.1733,79.6168,offices
631203,13.0946,79.8717,offices
631204,13.1435,79.8932,offices
631205,13.1733,79.6168,offices
631206,13.2010,79.5774,offices
631207,13.3389,79.4428,offices
631208,13.1381,79.8231,offices
631209,13.1733,79.6168,offices
631210,13.1668,79.7484,offices
631211,13.1733,79.6168,offices
631212,13.2432,79.6397,offices
631213,13.1733,79.6168,offices
631301,13.1733,79.5176,offices
631302,13.1161,79.8716,offices
631303,12.9999,79.6185,offices
631304,13.1709,79.5451,offices
631402,13.0249,79.8263,offices
631501,12.8333,79.7068,offices
631502,12.8522,79.7116,offices
631551,12.8342,79.7036,offices
631552,12.8342,79.7036,offices
631553,12.9675,79.9418,offices
631561,12.8342,79.7036,offices
631601,12.8342,79.7036,offices
631603,12.8342,79.7036,offices
631604,12.9675,79.9418,offices
631605,12.7956,79.7575,offices
631606,12.7801,79.8737,offices
631701,12.9623,80.1986,offices
631702,12.7752,79.6805,offices
632001,12.9085,79.1336,offices
632002,12.8924,79.1256,offices
632004,12.9246,79.1344,offices
632006,12.9497,79.1260,offices
632007,12.9912,79.1444,offices
632008,12.9297,79.7628,offices
632009,12.9326,79.1871,offices
632010,12.9222,79.0940,offices
632011,12.8172,79.1313,offices
632012,12.9156,79.1320,offices
632013,12.9383,79.4364,offices
632014,12.9682,79.1636,offices
632055,12.8919,79.1101,offices
632057,13.3771,79.2963,offices
632058,12.5468,79.1599,offices
632059,12.9872,79.1272,offices
632101,12.8664,78.9800,offices
632102,12.6722,79.0015,offices
632103,12.7475,78.9224,offices
632104,12.9159,79.0247,offices
632105,12.8765,79.0528,offices
632106,13.0066,79.1934,offices
632107,12.7794,78.8480,offices
632113,12.7784,79.0839,offices
632114,12.9156,79.0500,offices
632115,12.9156,79.1320,offices
632201,12.9642,78.9813,offices
632202,12.9854,79.0584,offices
632203,13.0019,78.9907,offices
632204,12.9641,79.0142,offices
632209,12.9624,78.9656,offices
632301,12.6696,79.2854,offices
632311,13.1090,79.6262,offices
632312,12.7290,79.6059,offices
632313,12.7290,79.6059,offices
632314,12.7290,79.6059,offices
632315,12.7209,79.1815,offices
632316,12.7290,79.6059,offices
632317,12.5667,79.7072,offices
632318,12.9045,79.3191,offices
632319,12.7732,79.1842,offices
632326,12.7231,79.5738,offices
632401,12.9283,79.3325,offices
632403,12.9460,79.3470,offices
632404,12.9269,79.3289,offices
632405,12.9250,79.3668,offices
632406,12.9156,79.1320,offices
632501,12.9250,79.3668,offices
632502,13.0827,79.6708,offices
632503,12.9045,79.3191,offices
632504,12.9045,79.3191,offices
632505,13.0090,79.4925,offices
632506,12.7509,79.4204,offices
632507,12.9044,79.3191,offices
632508,12.9250,79.3668,offices
632509,12.9182,79.3197,offices
632510,13.0827,79.6708,offices
632511,12.8516,79.4246,offices
632512,12.8178,79.3191,offices
632513,12.9322,79.3664,offices
632514,13.1381,79.2524,offices
632515,13.0059,79.2079,offices
632516,12.9776,79.2565,offices
632517,12.9250,79.3668,offices
632518,12.8089,79.3567,offices
632519,12.9165,79.2112,offices
632520,13.0454,79.2593,offices
632521,12.8984,79.3072,offices
632531,12.9304,79.5152,offices
632601,12.9955,78.8654,offices
632602,12.9454,78.8624,offices
632603,13.0616,78.9536,offices
632604,12.9748,78.8174,offices
635001,12.5296,78.2064,offices
635002,12.5186,78.2137,offices
635101,12.5186,78.2137,offices
635102,12.2847,77.6842,offices
635103,12.7330,77.8302,offices
635104,12.5310,78.2035,offices
635105,12.7769,77.8665,offices
635106,12.5186,78.2137,offices
635107,12.5498,77.8328,offices
635108,12.5186,78.2162,offices
635109,12.7370,77.8505,offices
635110,12.6556,77.8006,offices
635111,12.3106,78.1880,offices
635112,12.5186,78.2137,offices
635113,12.5907,77.8295,offices
635114,12.7330,77.7901,offices
635115,13.0338,80.1807,offices
635116,12.5121,78.0265,offices
635117,12.7330,77.8301,offices
635118,12.5498,77.6606,offices
635119,12.6065,77.9425,offices
635120,12.5186,78.2137,offices
635121,12.5186,78.2137,offices
635122,12.5186,78.2137,offices
635123,12.5309,78.2035,offices
635124,12.5275,78.2162,offices
635126,12.7609,77.7969,offices
635130,12.7330,77.8302,offices
635201,12.1200,78.1500,offices
635202,12.1846,78.3494,offices
635203,12.5310,78.2035,offices
635204,12.5292,78.2098,offices
635205,12.2134,78.1815,offices
635206,12.5310,78.2198,offices
635207,12.2602,78.5098,offices
635301,11.9136,78.3600,offices
635302,12.0300,78.2977,offices
635303,12.1091,78.2945,offices
635304,12.2193,78.4689,offices
635305,12.0514,78.4800,offices
635306,12.3126,78.4884,offices
635307,12.2508,78.6331,offices
635601,12.4921,78.5624,offices
635602,12.4892,78.5553,offices
635651,12.5248,78.5081,offices
635652,12.4004,78.6007,offices
635653,12.4816,78.6170,offices
635654,12.4271,78.4802,offices
635655,12.4044,78.6871,offices
635701,12.5963,78.7960,offices
635702,12.5262,78.6534,offices
635703,12.5554,78.8893,offices
635710,12.5671,78.7141,offices
635751,12.6791,78.6097,offices
635752,12.6476,78.6711,offices
635754,12.7028,78.6158,offices
635801,12.6760,78.5572,offices
635802,12.7856,78.7214,offices
635803,12.9378,78.9189,offices
635804,12.8564,78.8812,offices
635805,12.8663,78.7796,offices
635806,12.9187,78.8658,offices
635807,12.7358,78.6849,offices
635808,12.8419,78.7133,offices
635809,12.9036,78.9283,offices
635810,12.9450,78.7254,offices
635811,12.7882,78.6819,offices
635812,12.8444,78.7824,offices
635813,12.8888,78.8284,offices
635814,12.7548,78.7102,offices
635815,12.6198,78.5643,offices
635851,12.5741,78.5824,offices
635852,12.5914,78.5210,offices
635853,12.5617,78.6324,offices
635854,12.5777,78.4687,offices
635901,12.4862,78.4601,offices
636001,11.6561,78.1596,offices
636002,11.6530,78.1415,offices
636003,11.6630,78.1807,offices
636004,11.6740,78.1395,offices
636005,11.6709,78.1119,offices
636006,11.6416,78.1513,offices
636007,11.6674,78.1584,offices
636008,11.6909,78.1763,offices
636009,11.6604,78.1411,offices
636010,11.6209,78.1173,offices
636011,11.7199,78.0773,offices
636012,11.7417,78.1117,offices
636013,11.6699,78.0299,offices
636014,11.6647,78.1990,offices
636015,11.6445,78.1690,offices
636016,11.6772,78.1455,offices
636017,11.6706,78.2132,offices
636030,11.6718,78.0543,offices
636101,11.5466,78.7969,offices
636102,11.5983,78.5985,offices
636103,11.6752,78.2424,offices
636104,11.7495,78.4103,offices
636105,11.4835,78.6294,offices
636106,11.6740,78.2796,offices
636107,11.5675,78.4949,offices
636108,11.6090,78.5548,offices
636109,11.6286,78.5154,offices
636110,11.4523,78.5353,offices
636111,11.6530,78.3312,offices
636112,11.6076,78.7554,offices
636113,11.4428,78.4727,offices
636114,11.7802,78.5185,offices
636115,11.6433,78.4096,offices
636116,11.4811,78.7557,offices
636117,11.7111,78.4605,offices
636118,11.5809,78.2609,offices
636119,11.6400,78.4771,offices
636121,11.5697,78.6857,offices
636122,11.7115,78.2498,offices
636138,11.7509,78.6248,offices
636139,11.7237,78.3338,offices
636140,11.6621,78.2138,offices
636141,11.5775,78.6213,offices
636142,11.4417,78.3874,offices
636201,11.6060,78.1461,offices
636202,11.5639,78.3791,offices
636203,11.5599,78.1324,offices
636204,11.5696,78.2015,offices
636301,11.5004,78.1628,offices
636302,11.6798,78.1001,offices
636303,11.8564,77.7241,offices
636304,11.7025,78.0543,offices
636305,11.8290,78.0749,offices
636306,11.6470,77.9431,offices
636307,11.6493,78.0846,offices
636308,11.5778,78.0719,offices
636309,11.7877,78.0523,offices
636351,11.8821,78.0912,offices
636352,11.9353,78.4898,offices
636354,11.9274,78.1849,offices
636401,11.7892,77.8010,offices
636402,11.8052,77.8226,offices
636403,11.8129,77.8381,offices
636404,11.8198,77.8575,offices
636406,11.7726,77.8101,offices
636451,11.8290,77.9658,offices
636452,11.7692,77.7859,offices
636453,11.8238,77.9222,offices
636454,11.7734,77.8917,offices
636455,11.7459,78.0314,offices
636456,11.7952,77.8152,offices
636457,11.7513,77.8696,offices
636458,11.8726,77.9018,offices
636501,11.6965,77.8782,offices
636502,11.7019,77.9579,offices
636503,11.7474,77.9686,offices
636601,11.8062,78.2521,offices
636602,11.8458,78.2243,offices
636701,12.1462,78.1600,offices
636704,12.1274,78.1580,offices
636705,12.1200,78.1750,offices
636803,12.1330,77.9571,offices
636804,12.1200,78.1580,offices
636805,12.3054,78.0704,offices
636806,12.3884,77.9934,offices
636807,12.0745,78.1236,offices
636808,12.3054,78.0704,offices
636809,12.1326,77.8956,offices
636810,12.1326,77.8956,offices
636811,11.9809,77.9200,offices
636812,12.3054,78.0704,offices
636813,12.1311,77.9737,offices
636902,11.8700,78.3800,offices
636903,12.0374,78.4803,offices
636904,11.9182,78.3646,offices
636905,11.9136,78.3657,offices
636906,12.0514,78.4803,offices
636907,11.9881,78.5806,offices
637001,11.2209,78.1693,offices
637002,11.1910,78.1749,offices
637003,11.2545,78.1265,offices
637013,11.1422,78.2737,offices
637014,11.3506,78.1703,offices
637015,11.0801,78.1435,offices
637017,11.1309,78.0984,offices
637018,11.3809,78.1245,offices
637019,11.3232,78.1465,offices
637020,11.1035,78.2152,offices
637021,11.1538,78.3654,offices
637101,11.6122,77.8233,offices
637102,11.5712,77.9068,offices
637103,11.5414,77.9582,offices
637104,11.5418,77.7321,offices
637105,11.6010,77.8630,offices
637107,11.6017,77.7649,offices
637201,11.3024,77.9468,offices
637202,11.3843,78.0059,offices
637203,11.2444,77.9475,offices
637204,11.1501,77.9392,offices
637205,11.3965,77.9457,offices
637206,11.2141,78.0047,offices
637207,11.1990,78.0783,offices
637208,11.1056,77.9305,offices
637209,11.3898,77.8877,offices
637210,11.2726,77.8356,offices
637211,11.3744,77.8873,offices
637212,11.2987,78.0471,offices
637213,11.1504,77.8919,offices
637214,11.3424,77.8682,offices
637215,11.3646,77.8356,offices
637216,11.3708,78.0744,offices
637301,11.4788,77.8689,offices
637302,11.4508,77.9066,offices
637303,11.4609,77.8110,offices
637304,11.4101,77.8424,offices
637401,11.4450,78.1564,offices
637402,11.3951,78.2562,offices
637403,11.4289,78.1219,offices
637404,11.3300,78.2497,offices
637405,11.2332,78.2152,offices
637406,11.4448,78.2653,offices
637407,11.4901,78.2398,offices
637408,11.4664,78.1907,offices
637409,11.2873,78.2342,offices
637410,11.4124,78.0619,offices
637411,11.3154,78.3747,offices
637412,11.4143,78.2134,offices
637415,11.3573,78.0834,district
637501,11.5318,78.0515,offices
637502,11.6084,78.0053,offices
637503,11.4650,78.0248,offices
637504,11.5652,78.0188,offices
637505,11.4948,78.0885,offices
638001,11.3447,77.7312,offices
638002,11.3142,77.7450,offices
638003,11.3562,77.7236,offices
638004,11.3521,77.7111,offices
638005,11.3854,77.6982,offices
638006,11.3674,77.7456,offices
638007,11.3358,77.7754,offices
638008,11.3831,77.7559,offices
638009,11.3186,77.7092,offices
638010,11.3640,77.7848,offices
638011,11.3379,77.7071,offices
638012,11.3203,77.6779,offices
638051,11.1434,77.5893,offices
638052,11.2698,77.5753,offices
638053,11.2849,77.5580,offices
638054,11.3662,77.4525,offices
638055,11.3193,77.4880,offices
638056,11.2300,77.4871,offices
638057,11.3040,77.5419,offices
638060,11.1681,77.5658,offices
638101,11.1583,77.7044,offices
638102,11.3791,77.6550,offices
638103,11.2643,77.4034,offices
638104,11.2316,77.7710,offices
638105,11.0184,77.7445,offices
638106,10.7603,77.7331,offices
638107,11.3399,77.6412,offices
638108,11.0881,77.6651,offices
638109,11.1127,77.7871,offices
638110,11.3597,77.4144,offices
638111,10.9168,77.7072,offices
638112,11.2594,77.6717,offices
638115,11.2369,77.7288,offices
638116,11.3711,77.5869,offices
638151,11.0620,77.8511,offices
638152,11.1077,77.8678,offices
638153,11.2403,77.8271,offices
638154,11.1974,77.8477,offices
638181,11.1211,77.9898,offices
638182,11.1132,78.0256,offices
638183,11.4434,77.7252,offices
638301,11.4532,77.6847,offices
638311,11.6156,77.7303,offices
638312,11.4675,77.6256,offices
638313,11.4839,77.4998,offices
638314,11.5777,77.6486,offices
638315,11.4793,77.5665,offices
638316,11.4368,77.6739,offices
638401,11.5453,77.2182,offices
638402,11.4613,77.2263,offices
638451,11.4812,77.1439,offices
638452,11.4569,77.4281,offices
638453,11.4959,77.4054,offices
638454,11.4487,77.2935,offices
638455,11.4337,77.5512,offices
638456,11.3760,77.4109,offices
638457,11.4188,77.3457,offices
638458,11.3575,77.3263,offices
638459,11.3529,77.1496,offices
638460,11.3005,77.2852,offices
638461,11.7202,76.9652,offices
638462,11.3459,77.2521,offices
638476,11.4536,77.4434,offices
638501,11.6125,77.5850,offices
638502,11.5414,77.5147,offices
638503,11.5322,77.2984,offices
638504,11.6566,77.6837,offices
638505,11.5247,77.4505,offices
638506,11.5073,77.3729,offices
638656,10.7328,77.5262,offices
638657,10.7272,77.4484,offices
638660,10.9431,77.4656,offices
638661,10.7637,77.6218,offices
638672,10.6796,77.4773,offices
638673,10.6996,77.5618,offices
638701,11.0078,77.5580,offices
638702,10.8472,77.4082,offices
638703,10.8895,77.5205,offices
638706,10.8378,77.5762,offices
638751,11.1652,77.4908,offices
638752,11.1576,77.4350,offices
638812,11.2060,77.4221,offices
639001,10.9602,78.0800,offices
639002,10.9400,77.9900,offices
639003,10.9301,78.0550,offices
639004,10.9704,78.1050,offices
639005,10.8800,78.0855,offices
639006,10.9850,78.0739,offices
639007,10.9100,78.1100,offices
639008,10.9900,78.0400,offices
639101,10.8724,78.6025,offices
639102,10.9100,78.2650,offices
639103,10.8411,78.5870,offices
639104,10.9401,78.4193,offices
639105,10.9499,78.3292,offices
639107,10.8900,78.4500,offices
639108,10.9400,78.2200,offices
639109,10.8250,77.9858,offices
639110,10.8300,78.5100,offices
639111,10.9602,77.9100,offices
639112,10.8948,78.4864,offices
639113,11.0700,78.0400,offices
639114,10.9500,78.1526,offices
639115,10.8862,78.5566,offices
639116,11.0050,78.1050,offices
639117,11.0600,77.9600,offices
639118,10.8463,78.1400,offices
639119,10.8500,78.3200,offices
639120,10.8000,78.3900,offices
639136,11.0000,78.0000,offices
639201,10.7726,77.8942,offices
639202,10.8405,77.8906,offices
639203,10.6800,78.0039,offices
639205,10.6700,77.8600,offices
639206,10.9300,77.8100,offices
639207,10.7250,77.8900,offices
641001,10.9942,76.9601,offices
641002,11.0095,76.9530,offices
641003,11.0110,76.9352,offices
641004,11.0278,76.7990,offices
641005,10.9999,77.0308,offices
641006,11.0476,76.9669,offices
641007,11.0082,76.9130,offices
641008,10.9414,76.9520,offices
641009,11.0110,76.9661,offices
641010,10.9628,76.8742,offices
641011,11.0262,76.9474,offices
641012,11.0197,76.9621,offices
641013,11.0207,76.9363,offices
641014,11.0258,77.0246,offices
641015,11.0071,77.0229,offices
641016,11.0059,77.0471,offices
641017,11.0859,76.9303,offices
641018,11.0020,76.9751,offices
641019,11.1787,76.9604,offices
641020,11.1513,76.9394,offices
641021,10.9321,76.9775,offices
641022,11.1019,76.9538,offices
641023,10.9646,76.9882,offices
641024,10.9579,76.9882,offices
641025,11.0377,76.9287,offices
641026,10.9887,76.9401,offices
641027,11.0268,76.9679,offices
641028,11.0025,76.9964,offices
641029,11.0669,76.9504,offices
641030,11.0446,76.9394,offices
641031,11.1101,76.9404,offices
641032,10.8457,76.9656,offices
641033,11.0111,77.0362,offices
641034,11.0811,76.9440,offices
641035,11.0753,76.9972,offices
641036,10.9755,76.9947,offices
641037,11.0179,76.9844,offices
641038,11.0182,76.9580,offices
641039,11.1812,77.0798,offices
641040,11.0420,76.9498,offices
641041,11.0224,76.9107,offices
641042,10.9577,76.9231,offices
641043,11.0198,76.9516,offices
641044,11.0174,76.9844,offices
641045,11.0041,77.0170,offices
641046,11.1469,76.8211,offices
641047,11.1637,76.9459,offices
641048,11.0864,77.0510,offices
641049,11.0611,76.9852,offices
641050,11.0429,77.1139,offices
641051,11.0554,77.0161,offices
641062,11.0588,77.0680,offices
641063,11.0000,76.9632,offices
641101,10.9484,76.8057,offices
641103,11.0127,77.0744,offices
641104,11.2479,76.9221,offices
641105,10.8810,76.9389,offices
641107,11.1483,77.0570,offices
641108,11.0811,76.8486,offices
641109,10.9921,76.8136,offices
641110,11.1415,77.0100,offices
641111,10.9907,76.9987,offices
641112,10.8951,76.9039,offices
641113,11.2254,76.8786,offices
641114,10.9504,76.7416,offices
641201,10.9072,77.0705,offices
641202,10.8362,77.0841,offices
641301,11.2926,76.9402,offices
641302,11.3261,77.0207,offices
641305,11.3089,76.9255,offices
641401,11.0252,77.1643,offices
641402,11.0092,77.1291,offices
641407,11.0844,77.1169,offices
641601,11.1079,77.3409,offices
641602,11.1125,77.3408,offices
641603,11.1197,77.3282,offices
641604,11.0964,77.3507,offices
641605,11.0382,77.3534,offices
641606,11.0939,77.4230,offices
641607,11.1219,78.2874,offices
641652,11.1438,77.3152,offices
641653,11.2387,77.1021,offices
641654,11.1906,77.2919,offices
641655,11.2659,77.2028,offices
641658,10.9547,77.1514,offices
641659,11.1454,77.1440,offices
641662,11.0092,77.2240,offices
641663,11.0840,77.2310,offices
641664,10.9772,77.2822,offices
641665,11.0260,77.4338,offices
641666,11.2058,77.3593,offices
641667,10.9419,77.3754,offices
641668,11.0899,77.1918,offices
641669,10.7448,77.4262,offices
641670,11.2126,77.1952,offices
641671,10.8458,77.2571,offices
641687,11.0925,77.3123,offices
641697,11.2432,77.0330,offices
642001,10.6595,77.0046,offices
642002,10.6692,77.0157,offices
642003,10.6561,77.0340,offices
642004,10.6463,76.9795,offices
642005,10.6773,76.9694,offices
642006,10.6467,77.0073,offices
642007,10.5052,76.9873,offices
642101,10.4863,76.9669,offices
642102,10.5412,77.1242,offices
642103,10.6337,76.9407,offices
642104,10.5814,76.9334,offices
642105,10.4135,76.9964,offices
642106,10.8061,76.9551,offices
642107,10.6219,77.1485,offices
642108,10.5097,76.9954,offices
642109,10.8044,77.0257,offices
642110,10.7464,77.0193,offices
642111,10.5973,77.3180,offices
642112,10.7932,77.3726,offices
642113,10.5550,77.3639,offices
642114,10.5407,76.9833,offices
642117,10.2775,76.9267,offices
642120,10.7339,77.1088,offices
642122,10.6028,77.2024,offices
642123,10.5960,77.0144,offices
642125,10.3016,76.8774,offices
642126,10.5896,77.2449,offices
642127,10.3294,76.9567,offices
642128,10.5773,77.2753,offices
642129,10.5657,76.9205,offices
642130,10.4968,77.0024,offices
642132,10.8043,77.1578,offices
642133,10.5800,76.9224,offices
642134,10.5701,76.9878,offices
642154,10.5853,77.2577,offices
642201,10.6896,77.2805,offices
642202,10.7854,77.1430,offices
642203,10.6024,77.3770,offices
642204,10.4881,77.3513,offices
642205,10.6791,77.2175,offices
642206,10.7216,77.2941,offices
642207,10.5544,77.1191,offices
643001,11.4105,76.7031,offices
643002,11.4333,76.7550,offices
643003,11.3469,76.7153,offices
643004,11.3749,76.6566,offices
643005,11.4840,76.6600,offices
643006,11.3494,76.8029,offices
643007,11.4600,76.7100,offices
643101,11.3494,76.8029,offices
643102,11.3450,76.7910,offices
643103,11.3800,76.8100,offices
643105,11.3492,76.7801,offices
643201,11.4076,76.8736,offices
643202,11.3672,76.7681,offices
643203,11.3204,76.6923,offices
643204,11.2958,76.6797,offices
643205,11.4440,76.5324,offices
643206,11.4589,76.7411,offices
643207,11.4547,76.6164,offices
643209,11.3183,76.6237,offices
643211,11.5312,76.5000,offices
643212,11.4937,76.4400,offices
643213,11.3212,76.7386,offices
643214,11.4295,76.8033,offices
643215,11.3661,76.7289,offices
643216,11.4417,76.9521,offices
643217,11.4403,76.8605,offices
643218,11.2873,76.7370,offices
643219,11.2524,76.6441,offices
643220,11.4380,76.7959,offices
643221,11.2921,76.7027,offices
643223,11.5381,76.6851,offices
643224,11.4050,76.6805,offices
643225,11.5374,76.3997,offices
643226,11.4403,76.4512,offices
643231,11.3651,76.7863,offices
643233,11.4000,76.1000,offices
643236,11.4395,76.9400,offices
643237,11.4625,76.6200,offices
643238,11.3086,76.7852,offices
643239,11.4640,76.5688,offices
643240,11.5803,76.3435,offices
643241,11.5153,76.3823,offices
643242,11.3747,76.9090,offices
643243,11.3783,76.7426,offices
643253,11.3494,76.8029,offices
643270,11.4920,76.3820,offices
670001,11.8733,75.3654,offices
670002,11.8745,75.3702,offices
670003,11.8625,75.3841,offices
670004,11.8745,75.3702,offices
670005,11.8907,75.3757,offices
670006,11.8745,75.4283,offices
670007,11.8507,75.3945,offices
670008,11.8745,75.3702,offices
670009,11.8776,75.3702,offices
670010,11.8745,75.3702,offices
670011,11.9157,75.3607,offices
670012,11.7639,75.4661,offices
670013,11.8745,75.3702,offices
670014,11.8745,75.3702,offices
670017,11.8745,75.3702,offices
670018,11.8745,75.3702,offices
670051,11.8745,75.3702,offices
670101,11.7534,75.4900,offices
670102,11.7300,75.5100,offices
670103,11.7567,75.5055,offices
670104,11.7534,75.4909,offices
670105,11.7667,75.5055,offices
670106,11.7534,75.4909,offices
670107,11.7617,75.5105,offices
670141,12.0418,75.3569,offices
670142,12.0418,75.4000,offices
670143,12.0348,75.3384,offices
670301,11.9688,75.3147,offices
670302,11.8745,75.3702,offices
670303,11.9640,75.3284,offices
670304,11.8745,75.3702,offices
670305,11.9645,75.2942,offices
670306,12.1525,75.3223,offices
670307,12.1273,75.2191,offices
670308,12.0495,75.2108,offices
670309,12.0715,75.2487,offices
670310,12.0418,75.3569,offices
670325,11.8745,75.3702,offices
670327,12.0418,75.3569,offices
670331,11.8745,75.3702,offices
670334,12.0470,75.3363,offices
670353,12.2270,75.3174,offices
670358,11.8745,75.3702,offices
670501,11.8745,75.3702,offices
670502,12.0418,75.3569,offices
670503,12.0707,75.2935,offices
670504,12.0837,75.2802,offices
670511,12.2876,75.4085,offices
670521,12.1716,75.2264,offices
670561,11.9428,75.3671,offices
670562,12.0225,75.3607,offices
670563,12.0312,75.3660,offices
670567,11.9836,75.3629,offices
670571,12.2040,75.4694,offices
670581,12.1524,75.4082,offices
670582,12.1222,75.5058,offices
670591,11.9036,75.4040,offices
670592,11.9356,75.4589,offices
670593,12.0050,75.5831,offices
670594,11.8837,75.3891,offices
670595,11.9286,75.5120,offices
670601,11.9566,75.3876,offices
670602,11.9940,75.4368,offices
670604,11.9071,75.3931,offices
670611,11.8894,75.4272,offices
670612,11.8804,75.5291,offices
670613,11.8726,75.4258,offices
670621,11.8698,75.4398,offices
670622,11.8587,75.4745,offices
670631,12.0456,75.5001,offices
670632,12.0847,75.5621,offices
670633,12.1022,75.6147,offices
670641,11.7617,75.5155,offices
670642,11.7700,75.5200,offices
670643,11.8229,75.5700,offices
670644,11.8200,75.9300,offices
670645,11.7700,75.9900,offices
670646,11.8850,76.0400,offices
670649,11.7517,75.5055,offices
670650,11.8413,75.7000,offices
670651,11.8800,75.8700,offices
670661,11.7817,75.4805,offices
670662,11.7534,75.4909,offices
670663,11.8100,75.4600,offices
670671,11.7400,75.5300,offices
670672,11.7300,75.5800,offices
670673,11.9100,75.7200,offices
670674,11.9200,75.8200,offices
670675,11.7200,75.5800,offices
670676,11.7534,75.4909,offices
670691,11.8050,75.5700,offices
670692,11.7600,75.5900,offices
670693,11.7585,75.6400,offices
670694,11.7667,75.5355,offices
670701,11.8600,75.5750,offices
670702,11.9400,75.6100,offices
670703,11.9900,75.6700,offices
670704,11.9800,75.7500,offices
670705,12.0600,75.6600,offices
670706,12.0500,75.7400,offices
670708,11.9142,75.5486,offices
670721,11.7400,76.0700,offices
670731,11.7400,75.9000,offices
670741,11.8400,75.4900,offices
671121,12.5106,74.9857,offices
671122,12.5279,74.9845,offices
671123,12.5339,75.0314,offices
671124,12.5526,74.9939,offices
671310,12.1781,75.1641,offices
671311,12.1198,75.1764,offices
671312,12.1717,75.1433,offices
671313,12.2181,75.1723,offices
671314,12.2807,75.1534,offices
671315,12.3174,75.0899,offices
671316,12.3799,75.0591,offices
671317,12.4831,75.0085,offices
671318,12.4271,75.0468,offices
671319,12.4443,75.0337,offices
671320,12.4097,75.0933,offices
671321,12.6113,74.9852,offices
671322,12.6962,74.9852,offices
671323,12.7374,74.9333,offices
671324,12.6527,74.9873,offices
671325,12.3936,75.0900,offices
671326,12.3150,75.3449,offices
671348,12.6891,75.0074,offices
671351,12.2181,75.1261,offices
671531,12.3324,75.1274,offices
671532,12.4468,75.3097,offices
671533,12.3719,75.2539,offices
671534,12.3647,75.3339,offices
671541,12.4897,75.1421,offices
671542,12.5081,75.1283,offices
671543,12.5580,75.1962,offices
671551,12.6029,75.0775,offices
671552,12.6445,75.1282,offices
673001,11.2489,75.7783,offices
673002,11.2456,75.7888,offices
673003,11.2196,75.7957,offices
673004,11.2535,75.7904,offices
673005,11.2847,75.7749,offices
673006,11.2787,75.7811,offices
673007,11.2365,75.8400,offices
673008,11.2600,75.8800,offices
673009,11.3596,75.8658,offices
673010,11.2872,75.8000,offices
673011,11.2673,75.7747,offices
673012,11.3018,75.8382,offices
673014,11.2387,75.9014,offices
673015,11.1774,75.8181,offices
673016,11.2500,75.8300,offices
673017,11.2600,75.8300,offices
673018,11.2141,75.7993,offices
673019,11.2306,75.8714,offices
673020,11.2846,75.7910,offices
673021,11.3072,75.7589,offices
673027,11.2193,75.8187,offices
673028,11.2044,75.8006,offices
673029,11.2141,75.8114,offices
673032,11.2533,75.7738,offices
673051,11.2488,75.7798,offices
673101,11.5948,75.5908,offices
673102,11.6457,75.5690,offices
673103,11.5891,75.5822,offices
673104,11.6050,75.6050,offices
673105,11.5700,75.6300,offices
673106,11.6300,75.5850,offices
673121,11.6073,76.0831,offices
673122,11.6400,76.0800,offices
673123,11.5714,76.0835,offices
673124,11.6737,76.0650,offices
673301,11.1510,75.8143,offices
673302,11.1373,75.8261,offices
673303,11.3316,75.7601,offices
673304,11.3872,75.7350,offices
673305,11.4432,75.6947,offices
673306,11.4201,75.7123,offices
673307,11.4600,75.6700,offices
673308,11.6675,75.5800,offices
673309,11.6888,75.5533,offices
673310,11.7194,75.5400,offices
673311,11.7534,75.4909,offices
673312,11.7534,75.4909,offices
673313,11.7534,75.4909,offices
673314,11.0927,75.8447,offices
673315,11.3950,75.7650,offices
673316,11.7534,75.4909,offices
673317,11.3623,75.7644,offices
673323,11.4500,75.7700,offices
673328,11.1555,75.8309,offices
673501,11.6669,75.6013,offices
673502,11.6900,75.6100,offices
673503,11.6679,75.6345,offices
673504,11.6900,75.6500,offices
673505,11.7100,75.6150,offices
673506,11.7100,75.6900,offices
673507,11.6747,75.7100,offices
673508,11.6400,75.7500,offices
673509,11.7336,75.6500,offices
673513,11.6765,75.8000,offices
673517,11.7359,75.6800,offices
673521,11.5482,75.6111,offices
673522,11.5200,75.6262,offices
673523,11.5350,75.6533,offices
673524,11.5500,75.7100,offices
673525,11.5600,75.7606,offices
673526,11.5700,75.8102,offices
673527,11.5300,75.8315,offices
673528,11.6121,75.8149,offices
673529,11.4900,75.6400,offices
673541,11.5870,75.6750,offices
673542,11.6225,75.6348,offices
673570,11.2963,75.8729,offices
673571,11.3060,75.8793,offices
673572,11.3800,75.9200,offices
673573,11.4750,75.9300,offices
673574,11.4400,75.8900,offices
673575,11.6400,75.9800,offices
673576,11.5400,76.0400,offices
673577,11.5499,76.1438,offices
673579,11.8000,76.1800,offices
673580,11.4288,76.0100,offices
673581,11.5400,76.2230,offices
673582,11.3642,75.9700,offices
673585,11.3500,75.8700,offices
673586,11.4700,75.9800,offices
673591,11.6604,76.1800,offices
673592,11.6635,76.2600,offices
673593,11.6092,76.2211,offices
673595,11.6150,76.3157,offices
673596,11.7000,76.1750,offices
673601,11.3049,75.9401,offices
673602,11.2900,76.0100,offices
673603,11.3800,76.0700,offices
673604,11.3448,76.0800,offices
673611,11.3200,75.8100,offices
673612,11.4500,75.8347,offices
673613,11.3900,75.8315,offices
673614,11.5000,75.7900,offices
673616,11.3450,75.8250,offices
673620,11.4600,75.7100,offices
673631,11.1785,75.8445,offices
673632,11.1994,75.8568,offices
673633,11.1800,75.9100,offices
673634,11.1516,75.8701,offices
673635,11.1327,75.8947,offices
673636,11.1339,75.8940,offices
673637,11.1820,75.9166,offices
673638,11.1366,75.9643,offices
673639,11.2450,76.0603,offices
673640,11.0714,76.0331,offices
673641,11.1743,76.0326,offices
673642,11.1340,76.0381,offices
673645,11.1984,75.9206,offices
673647,11.2453,75.9508,offices
673655,11.1934,75.8233,offices
673661,11.2658,75.9569,offices
676101,10.9138,75.9215,offices
676102,10.8586,75.9347,offices
676103,10.9296,75.9459,offices
676104,10.9088,75.9233,offices
676105,10.8967,75.9129,offices
676106,10.9432,75.9445,offices
676107,10.9257,75.9119,offices
676108,10.8572,75.9405,offices
676109,10.9266,75.9035,offices
676121,11.1207,76.1159,offices
676122,11.1063,76.1191,offices
676123,11.1527,76.1224,offices
676301,10.8971,75.9986,offices
676302,10.9773,75.8853,offices
676303,11.0503,75.8614,offices
676304,11.0484,75.9791,offices
676305,11.0735,75.9549,offices
676306,11.0418,75.9206,offices
676307,10.9610,75.9003,offices
676309,11.0157,75.9097,offices
676311,11.0603,75.9197,offices
676312,11.0833,75.8490,offices
676317,11.0971,75.9013,offices
676319,11.0709,75.8536,offices
676320,10.9783,75.9155,offices
676501,10.9947,75.9712,offices
676502,10.9047,75.8912,offices
676503,10.9991,76.0110,offices
676504,11.0123,76.0787,offices
676505,11.0458,76.0741,offices
676506,11.0443,76.1052,offices
676507,11.0171,76.1205,offices
676508,11.0114,75.9412,offices
676509,11.0783,76.1095,offices
676510,10.9619,76.0076,offices
676517,11.0848,76.0686,offices
676519,11.0552,76.0797,offices
676521,11.0926,76.2099,offices
676522,11.1010,76.2566,offices
676523,11.1208,76.3342,offices
676525,11.1738,76.3325,offices
676528,11.0291,76.0305,offices
676541,11.2296,76.1172,offices
676542,11.2421,76.1829,offices
676551,10.9243,75.9813,offices
676552,10.9103,76.0779,offices
676553,10.9517,76.0363,offices
676561,10.8461,75.9215,offices
676562,10.8297,75.9044,offices
678001,10.7870,76.6520,offices
678002,10.7996,76.6423,offices
678003,13.1965,76.6493,offices
678004,15.5934,76.6563,offices
678005,10.7870,76.6493,offices
678006,10.7870,76.6493,offices
678007,10.7744,76.6423,offices
678008,10.7870,76.6493,offices
678009,10.7870,76.6493,offices
678010,10.7996,76.6423,offices
678011,10.7996,76.6423,offices
678012,10.7870,76.6493,offices
678013,10.7996,76.6423,offices
678014,10.7996,76.6423,offices
678051,8.5573,76.8810,offices
678101,10.6812,76.7052,offices
678102,10.6812,76.7052,offices
678103,13.1965,76.6738,offices
678104,10.7996,76.6423,offices
678501,10.6994,76.6673,offices
678502,10.6994,76.6673,offices
678503,10.7399,76.6630,offices
678504,10.6422,76.5448,offices
678505,10.6422,76.5448,offices
678506,10.6167,76.7000,offices
678507,10.6223,76.7807,offices
678508,15.5934,76.6482,offices
678510,10.5962,76.5610,offices
678512,10.7996,76.6423,offices
678531,10.7996,76.6423,offices
678532,10.7393,76.6781,offices
678533,10.7996,76.6423,offices
678534,10.7293,76.6925,offices
678541,10.6422,76.5448,offices
678542,10.7395,76.5157,offices
678543,13.2152,76.4866,offices
678544,10.7395,76.5157,offices
678545,13.1178,76.5157,offices
678546,10.6422,76.5448,offices
678551,13.1965,76.8344,offices
678552,13.1965,76.7384,offices
678553,13.1965,76.7384,offices
678554,10.7683,76.7384,offices
678555,15.5934,76.8344,offices
678556,10.7370,76.8344,offices
678557,15.5934,76.8344,offices
678571,15.5934,76.4722,offices
678572,10.6753,76.5085,offices
678573,10.6753,76.5085,offices
678574,10.6753,76.5085,offices
678581,11.3865,75.9491,offices
678582,15.5934,75.5598,offices
678583,11.2898,76.0788,offices
678591,10.8368,76.5761,offices
678592,15.5934,76.5761,offices
678593,15.5934,76.5761,offices
678594,13.1965,76.6092,offices
678595,15.5934,76.5761,offices
678596,10.8655,76.5575,offices
678597,13.2560,76.5501,offices
678598,13.2972,76.5426,offices
678601,11.0091,76.3475,offices
678611,10.7912,76.6092,offices
678612,10.7913,76.5910,offices
678613,10.7831,76.5032,offices
678621,10.7390,76.5721,offices
678622,13.1965,76.5019,offices
678623,13.1965,76.5721,offices
678624,10.7390,76.5721,offices
678631,10.8530,76.5217,offices
678632,10.8978,76.4807,offices
678633,10.1019,76.2910,offices
678641,13.2115,76.4980,offices
678642,10.8296,76.4980,offices
678651,10.7390,76.5721,offices
678661,13.1965,76.7090,offices
678671,13.1965,76.5721,offices
678681,10.6603,76.5234,offices
678682,10.6603,76.5234,offices
678683,10.6785,76.5019,offices
678684,10.6785,76.5019,offices
678685,10.6422,76.5448,offices
678686,13.1178,76.5234,offices
678687,10.6603,76.5234,offices
678688,10.7146,76.2957,offices
678701,10.7996,76.6423,offices
678702,13.7305,75.3576,offices
678703,10.7225,76.3877,offices
678704,10.6422,76.5448,offices
678705,10.6422,76.5448,offices
678706,10.8028,76.2305,offices
678721,10.7225,76.3877,offices
678722,13.1178,76.3877,offices
678731,13.1965,76.4364,offices
678732,10.7996,76.6423,offices
678762,10.8930,76.3410,offices
679101,10.7708,76.3794,offices
679102,15.5934,76.3784,offices
679103,13.1801,76.3932,offices
679104,10.7731,76.3636,offices
679105,10.7539,76.3800,offices
679106,10.7270,76.3973,offices
679121,15.5934,76.3784,offices
679122,10.7709,76.3784,offices
679123,10.7652,76.3203,offices
679301,10.7559,76.4361,offices
679302,10.9449,76.0831,offices
679303,10.8001,76.1841,offices
679304,10.9050,76.0210,offices
679305,10.9449,76.0831,offices
679306,13.2010,76.1414,offices
679307,10.9449,76.0831,offices
679308,11.2905,75.7923,offices
679309,13.2426,76.1361,offices
679313,10.9383,76.1770,offices
679321,10.9801,76.1715,offices
679322,10.9690,76.2392,offices
679323,10.9190,76.1929,offices
679324,11.0412,76.1392,offices
679325,11.0294,76.2609,offices
679326,11.0684,76.3000,offices
679327,11.1242,76.2814,offices
679328,11.1993,76.2227,offices
679329,11.2781,76.2293,offices
679330,11.2861,76.2709,offices
679331,11.3623,76.3126,offices
679332,11.2444,76.3168,offices
679333,11.3903,76.3386,offices
679334,11.3608,76.2702,offices
679335,10.4000,76.3000,offices
679336,11.0881,76.0435,offices
679337,13.4127,76.0723,offices
679338,10.9675,76.1494,offices
679339,11.2202,76.2594,offices
679340,10.9021,76.2436,offices
679341,10.9722,76.3072,offices
679357,10.9261,76.2755,offices
679501,11.9808,75.6602,offices
679502,13.2224,76.1692,offices
679503,11.2807,75.9955,offices
679504,11.0896,76.1706,offices
679505,13.2176,76.3052,offices
679506,13.2449,76.3121,offices
679511,13.1965,76.4138,offices
679512,10.8757,76.4175,offices
679513,10.9180,76.4236,offices
679514,10.9180,76.4236,offices
679515,10.8504,76.4107,offices
679516,10.8339,76.4439,offices
679521,10.8346,76.1694,offices
679522,13.2428,75.9995,offices
679523,10.8922,75.9995,offices
679531,10.7433,76.2804,offices
679532,10.7551,76.2305,offices
679533,15.5934,76.1166,offices
679534,15.5934,76.1974,offices
679535,10.9972,75.9760,offices
679536,13.1646,76.0324,offices
679551,10.8099,76.0500,offices
679552,10.7870,76.0465,offices
679553,10.8303,76.0525,offices
679554,10.8089,76.0671,offices
679561,10.6724,75.9955,offices
679562,10.6643,76.0032,offices
679563,10.6440,76.0261,offices
679564,10.6783,75.9694,offices
679571,10.8721,76.0440,offices
679572,10.8647,76.0979,offices
679573,10.8347,76.0011,offices
679574,10.7916,76.1420,offices
679575,10.7263,76.0268,offices
679576,10.7855,76.0011,offices
679577,10.7677,75.9259,offices
679578,10.7949,76.0288,offices
679579,10.7236,75.9538,offices
679580,10.7028,75.9748,offices
679581,10.7318,75.9756,offices
679582,10.8263,75.9930,offices
679583,10.7765,75.9218,offices
679584,11.1635,75.8220,offices
679585,10.7531,76.0357,offices
679586,10.7609,75.9343,offices
679587,10.7152,75.9784,offices
679591,10.7690,76.0687,offices
680001,10.5166,76.2159,offices
680002,10.5334,76.2066,offices
680003,10.5240,76.1898,offices
680004,10.5208,76.2015,offices
680005,10.5212,76.2273,offices
680006,10.5034,76.2266,offices
680007,10.4991,76.2130,offices
680008,10.5464,76.2262,offices
680009,10.5540,76.2263,offices
680010,10.5486,76.2124,offices
680011,10.5291,76.1962,offices
680012,10.5161,76.1779,offices
680013,10.5679,76.1935,offices
680014,10.4908,76.2701,offices
680020,10.5294,76.2170,offices
680021,10.5147,76.2109,offices
680022,10.5356,76.2113,offices
680026,10.4974,76.2233,offices
680027,10.4841,76.2148,offices
680028,10.5733,76.2589,offices
680051,10.3044,76.1256,offices
680101,10.5941,76.0419,offices
680102,10.6783,75.9694,offices
680103,10.6073,76.0387,offices
680104,10.6002,76.0597,offices
680121,10.3470,76.2076,offices
680122,10.3339,76.1835,offices
680123,10.2700,76.2022,offices
680125,10.3615,76.2023,offices
680301,10.4198,76.2731,offices
680302,10.4300,76.3000,offices
680303,10.4243,76.2797,offices
680304,10.4333,76.4310,offices
680305,10.3776,76.2618,offices
680306,10.4752,76.2399,offices
680307,10.3077,76.3364,offices
680308,10.2588,76.3366,offices
680309,10.2714,76.3250,offices
680310,10.3952,76.2280,offices
680311,10.2850,76.3650,offices
680312,10.3900,76.3100,offices
680317,10.4760,76.2663,offices
680501,10.6188,76.1214,offices
680502,10.6276,76.0952,offices
680503,10.6447,76.0659,offices
680504,10.6183,76.0925,offices
680505,10.6169,76.0363,offices
680506,10.5807,76.0249,offices
680507,10.5663,76.0609,offices
680508,10.5528,76.0762,offices
680509,10.5325,76.0853,offices
680510,10.5243,76.0904,offices
680511,10.5728,76.0724,offices
680512,10.5597,76.0356,offices
680513,10.5153,76.0809,offices
680514,10.5382,76.0292,offices
680515,10.6185,75.9982,offices
680516,10.5928,76.0102,offices
680517,10.6391,76.0780,offices
680518,10.6547,75.9790,offices
680519,10.6950,76.0802,offices
680520,10.6402,76.0345,offices
680521,10.6342,76.0627,offices
680522,10.5761,76.0564,offices
680523,10.6502,76.0545,offices
680524,10.5256,76.0704,offices
680541,10.5923,76.1544,offices
680542,10.6881,76.0571,offices
680543,10.7141,76.0643,offices
680544,10.6874,76.0405,offices
680545,10.5751,76.1620,offices
680546,10.6086,76.1391,offices
680551,10.5528,76.1612,offices
680552,10.5642,76.1251,offices
680553,10.5533,76.1739,offices
680555,10.5628,76.1681,offices
680561,10.3700,76.1300,offices
680562,10.4187,76.2300,offices
680563,10.4589,76.1914,offices
680564,10.4179,76.1400,offices
680565,10.8762,75.7173,offices
680566,10.4146,76.1077,offices
680567,10.3900,76.1300,offices
680568,10.0606,76.2423,offices
680569,10.4410,76.0952,offices
680570,10.4259,76.1166,offices
680571,10.4313,76.1342,offices
680581,10.5961,76.2093,offices
680582,10.6579,76.2465,offices
680583,10.7099,76.2608,offices
680584,10.6810,76.1662,offices
680585,10.7198,76.2166,offices
680586,10.7041,76.3206,offices
680587,10.6855,76.4187,offices
680588,10.7307,76.4281,offices
680589,10.6586,76.2556,offices
680590,10.6709,76.2471,offices
680591,10.7203,76.3157,offices
680594,10.7336,76.4197,offices
680596,10.6133,76.1954,offices
680601,10.6404,76.1566,offices
680602,10.5980,76.0913,offices
680604,10.6656,76.1060,offices
680611,10.5092,76.1794,offices
680612,10.4774,76.1152,offices
680613,10.4713,76.0972,offices
680614,10.4723,76.0789,offices
680615,10.5023,76.0611,offices
680616,10.5144,76.0551,offices
680617,10.4980,76.1002,offices
680618,10.5149,76.1970,offices
680619,10.4841,76.0724,offices
680620,10.4981,76.1468,offices
680623,10.6515,76.2409,offices
680631,10.5600,76.2351,offices
680641,10.4569,76.1552,offices
680642,10.4447,76.1258,offices
680651,10.5359,76.2618,offices
680652,10.5564,76.3285,offices
680653,10.5244,76.3550,offices
680654,10.3313,76.1715,offices
680655,10.5225,76.2476,offices
680656,10.5486,76.2875,offices
680661,10.3282,76.2188,offices
680662,10.3013,76.2353,offices
680663,10.2473,76.2123,offices
680664,10.2247,76.1964,offices
680665,10.5021,76.2025,offices
680666,10.2000,76.1715,offices
680667,10.1900,76.2113,offices
680668,10.2800,76.1900,offices
680669,10.2016,76.1983,offices
680670,10.2733,76.2121,offices
680671,10.2426,76.1658,offices
680681,10.3350,76.1476,offices
680682,10.2700,76.2446,offices
680683,10.3300,76.2600,offices
680684,10.3700,76.3100,offices
680685,10.2962,76.1670,offices
680686,10.3027,76.1355,offices
680687,10.3333,76.1554,offices
680688,10.3100,76.1974,offices
680689,10.3930,76.2912,offices
680691,10.2937,76.1479,offices
680697,10.3050,76.2900,offices
680699,10.3700,76.4000,offices
680701,10.3687,76.1909,offices
680702,10.3850,76.1400,offices
680703,10.3793,76.1392,offices
680711,10.4042,76.2100,offices
680712,10.3773,76.2186,offices
680721,10.3400,76.3850,offices
680722,10.2900,76.3200,offices
680724,10.3350,76.4050,offices
680731,10.2700,76.2800,offices
680732,10.2300,76.2640,offices
680733,10.2536,76.2608,offices
680734,10.2084,76.2800,offices
680741,10.3450,76.2850,offices
680751,10.5095,76.2597,offices
682001,9.9656,76.2414,offices
682002,9.9593,76.2584,offices
682003,9.9496,76.2775,offices
682004,9.9345,76.7509,offices
682005,9.9354,76.2584,offices
682006,9.9162,76.2755,offices
682007,9.8830,76.2866,offices
682008,9.8753,76.2644,offices
682009,9.9686,76.2585,offices
682010,9.9021,76.2998,offices
682011,9.9719,76.2823,offices
682012,10.0016,76.2821,offices
682013,9.9386,76.2963,offices
682015,9.9495,76.2924,offices
682016,9.9858,76.2862,offices
682017,9.9957,76.2921,offices
682018,9.9914,76.2814,offices
682019,9.9666,76.3179,offices
682020,9.9662,76.2992,offices
682021,10.0237,76.3335,offices
682022,9.7509,76.3675,offices
682023,10.0231,76.2732,offices
682024,10.0306,76.3012,offices
682025,10.0022,76.3044,offices
682026,10.0189,76.0234,offices
682027,10.0525,76.2663,offices
682028,9.9966,76.3190,offices
682029,9.9390,76.2685,offices
682030,10.0211,76.3438,offices
682031,9.9828,76.2794,offices
682032,9.9842,76.3123,offices
682033,10.0406,76.3181,offices
682034,10.0500,76.2901,offices
682035,9.9824,76.2693,offices
682036,9.9629,76.2972,offices
682037,10.0082,76.3443,offices
682038,9.9507,76.3335,offices
682039,10.1102,76.3596,offices
682040,9.9280,76.3222,offices
682041,10.0338,76.2920,offices
682042,9.9719,76.2823,offices
682050,9.9816,76.2999,offices
682051,9.9704,76.2991,offices
682052,10.0212,76.3438,offices
682053,10.0191,76.3045,offices
682301,9.9462,76.3483,offices
682302,9.9763,76.3852,offices
682303,9.9890,76.3924,offices
682304,9.9378,76.3234,offices
682305,9.9395,76.3756,offices
682306,9.9732,76.3353,offices
682307,9.8587,76.3832,offices
682308,9.9503,76.4391,offices
682309,10.1102,76.3596,offices
682310,9.9935,76.4292,offices
682311,9.9777,76.4846,offices
682312,10.3047,76.3193,offices
682313,9.8680,76.4372,offices
682314,9.8974,76.4158,offices
682315,9.8607,76.4113,offices
682316,9.9804,76.5351,offices
682317,9.8576,76.4170,offices
682501,10.1125,76.2019,offices
682502,10.0943,76.2068,offices
682503,10.0193,76.2274,offices
682504,10.0076,76.2538,offices
682505,10.0473,76.2176,offices
682506,10.0087,76.3327,offices
682507,9.9235,76.2569,offices
682508,9.9995,76.2326,offices
682509,10.0663,76.2170,offices
682511,10.1102,76.3596,offices
682551,10.8153,73.6815,offices
682552,11.1248,72.7250,offices
682553,10.8641,72.1982,offices
682554,11.6452,72.4490,offices
682555,10.9945,72.8925,district
682556,11.2279,72.7786,offices
682557,10.0673,73.6442,offices
682558,11.4866,73.0065,offices
682559,8.2748,73.0490,offices
683051,10.0924,76.3235,offices
683101,10.1073,76.3569,offices
683102,10.1263,76.3416,offices
683104,10.8505,76.2711,offices
683105,10.1128,76.4163,offices
683106,10.0849,76.3476,offices
683108,10.1079,76.3458,offices
683110,10.0983,76.3185,offices
683111,10.1557,76.3896,offices
683112,10.0852,76.3897,offices
683501,10.0741,76.2999,offices
683502,10.0893,76.3026,offices
683503,10.0431,76.3286,offices
683511,10.1293,76.3003,offices
683512,10.1727,76.2359,offices
683513,10.1363,76.2306,offices
683514,10.1389,76.1938,offices
683515,10.1728,76.1767,offices
683516,10.1880,76.2030,offices
683517,10.0705,76.2759,offices
683518,10.1036,76.2708,offices
683519,10.1180,76.2443,offices
683520,10.1461,76.2654,offices
683521,10.1786,76.2250,offices
683522,10.1629,76.2022,offices
683541,10.0474,76.5274,offices
683542,10.1154,76.4765,offices
683543,10.1320,76.4638,offices
683544,10.1654,76.4935,offices
683545,10.1168,76.5426,offices
683546,10.1656,76.5375,offices
683547,10.1049,76.4414,offices
683548,10.1160,76.4958,offices
683549,10.0935,76.5452,offices
683550,10.0922,76.2652,offices
683556,10.0700,76.4669,offices
683561,10.0660,76.4036,offices
683562,10.0305,76.4289,offices
683563,10.0677,76.3639,offices
683565,10.0131,76.4092,offices
683571,10.1270,76.3876,offices
683572,12.8942,76.3583,offices
683573,10.1772,76.3774,offices
683574,10.1810,76.4415,offices
683575,10.1459,76.4266,offices
683576,10.2429,76.3936,offices
683577,10.2257,76.4128,offices
683578,10.1553,76.3243,offices
683579,10.1856,76.3272,offices
683580,10.1280,76.4124,offices
683581,10.2424,76.4626,offices
683585,10.1517,76.3540,offices
683587,10.1847,76.5040,offices
683589,10.1623,76.3692,offices
683594,10.1752,76.2666,offices
685501,9.6594,76.9688,offices
685503,9.7133,76.9050,offices
685505,9.7009,77.0016,offices
685507,9.7118,77.0503,offices
685508,9.7562,77.1118,offices
685509,9.6158,77.1648,offices
685511,9.7406,77.0755,offices
685512,9.6668,77.1726,offices
685514,9.8134,77.0986,offices
685515,9.7743,77.0920,offices
685531,9.5827,76.9975,offices
685532,9.5447,76.9445,offices
685533,9.5852,77.0802,offices
685535,9.6489,77.1085,offices
685551,9.7174,77.1810,offices
685552,9.8019,77.2039,offices
685553,9.8428,77.1325,offices
685554,9.9026,77.1764,offices
685561,10.0186,76.9515,offices
685562,9.9662,76.9937,offices
685563,9.9748,77.0275,offices
685565,10.0240,77.0414,offices
685566,9.9546,77.1084,offices
685571,9.9280,77.0672,offices
685581,9.9118,76.8015,offices
685582,9.9430,76.7560,offices
685583,9.8719,76.6501,offices
685584,9.8969,76.7108,offices
685585,9.8796,76.7337,offices
685586,9.8605,76.6988,offices
685587,9.8442,76.7282,offices
685588,9.8624,76.8013,offices
685589,9.7794,76.8542,offices
685590,9.8189,76.7974,offices
685591,9.8050,76.8341,offices
685595,9.8887,76.8491,offices
685601,9.8031,76.8697,offices
685602,9.8752,76.9788,offices
685603,9.8552,76.9476,offices
685604,9.9046,77.0164,offices
685605,9.9214,76.7294,offices
685606,9.9540,76.9309,offices
685607,9.9935,76.8068,offices
685608,9.9084,76.6935,offices
685609,9.8569,77.0438,offices
685612,10.0746,77.0612,offices
685613,10.0456,77.1969,offices
685614,10.1792,77.1152,offices
685615,10.1669,77.2330,offices
685616,10.1078,77.1271,offices
685618,10.0388,77.1964,offices
685619,9.9664,77.1757,offices
685620,10.2473,77.1679,offices
686001,9.5912,76.5213,offices
686002,9.5931,76.5353,offices
686003,12.5884,76.5157,offices
686004,9.5869,76.5213,offices
686005,9.5979,76.5023,offices
686006,9.6052,76.5295,offices
686007,9.5293,76.5144,offices
686008,9.6309,76.5206,offices
686009,9.5770,76.5683,offices
686010,9.5906,76.5653,offices
686011,12.5766,76.5333,offices
686012,15.5934,76.5280,offices
686013,9.5634,76.5280,offices
686014,12.6009,76.5028,offices
686015,12.6027,76.4995,offices
686016,12.6058,76.5293,offices
686017,9.5915,76.5192,offices
686018,9.5705,76.5569,offices
686019,9.5634,76.5280,offices
686020,9.5807,76.5062,offices
686021,9.5416,76.5847,offices
686022,9.5895,76.4765,offices
686041,9.6164,76.5189,offices
686101,9.4464,76.5401,offices
686102,9.4377,76.5363,offices
686103,9.4590,76.5336,offices
686104,9.4637,76.5468,offices
686105,9.4406,76.5754,offices
686106,9.4739,76.5679,offices
686121,12.6407,76.7800,offices
686122,9.6854,76.7793,offices
686123,9.6591,76.7785,offices
686141,9.7501,76.3902,offices
686143,9.7628,76.3952,offices
686144,9.7076,76.4091,offices
686146,12.6772,76.3952,offices
686501,9.5947,76.6123,offices
686502,9.5820,76.6447,offices
686503,9.6040,76.6743,offices
686504,9.5663,76.7182,offices
686505,9.5546,76.7166,offices
686506,9.5622,76.7659,offices
686507,9.5545,76.7955,offices
686508,9.6096,76.7773,offices
686509,9.4757,76.8673,offices
686510,9.4287,76.9010,offices
686511,9.4286,76.8592,offices
686512,9.5647,76.8445,offices
686513,9.5120,76.9001,offices
686514,9.5964,76.8868,offices
686515,9.5513,76.6902,offices
686516,9.5488,76.6160,offices
686517,9.5380,76.7194,offices
686518,9.5286,76.8118,offices
686519,9.5375,76.7641,offices
686520,9.5190,76.7819,offices
686521,9.5415,76.6545,offices
686522,9.5962,76.7423,offices
686531,9.5215,76.5238,offices
686532,9.4989,76.5348,offices
686533,9.5307,76.5363,offices
686534,9.4948,76.5000,offices
686535,9.4658,76.5446,offices
686536,9.4796,76.5987,offices
686537,9.4218,76.5833,offices
686538,9.5125,76.5690,offices
686539,9.5269,76.6054,offices
686540,9.4973,76.6343,offices
686541,9.4832,76.7121,offices
686542,9.5096,76.6659,offices
686543,9.4958,76.7514,offices
686544,9.4716,76.7672,offices
686545,9.4741,76.6347,offices
686546,9.4567,76.5935,offices
686547,9.4519,76.7456,offices
686548,9.4256,76.5623,offices
686555,9.5357,76.6739,offices
686560,9.6600,76.5304,offices
686561,9.6247,76.4776,offices
686562,12.6310,76.4860,offices
686563,9.6000,76.4333,offices
686564,9.6000,76.4333,offices
686571,9.7178,76.6191,offices
686572,9.7066,76.6577,offices
686573,15.5934,76.7063,offices
686574,12.6607,76.7063,offices
686575,9.7116,76.6829,offices
686576,9.7997,76.6623,offices
686577,9.7280,76.7063,offices
686578,9.6970,76.7241,offices
686579,9.7138,76.7690,offices
686580,15.5934,76.8128,offices
686581,10.0094,76.5859,offices
686582,11.7225,75.6035,offices
686583,12.6307,76.4923,offices
686584,10.3473,76.3741,offices
686585,9.6252,76.6992,offices
686586,10.3473,76.3741,offices
686587,10.3473,76.3741,offices
686601,12.6395,76.5056,offices
686602,12.6298,76.5072,offices
686603,9.7499,76.4428,offices
686604,9.7668,76.4921,offices
686605,9.7790,76.4503,offices
686606,9.7157,76.3992,offices
686607,9.7108,76.4218,offices
686608,9.7991,76.3954,offices
686609,9.8328,76.4548,offices
686610,9.8237,76.5186,offices
686611,12.7069,76.5351,offices
686612,9.8204,76.5351,offices
686613,9.8204,76.5351,offices
686616,9.8318,76.4688,offices
686630,9.6462,76.5487,offices
686631,12.6318,76.5592,offices
686632,9.6690,76.5592,offices
686633,9.6690,76.5592,offices
686634,12.6912,76.5592,offices
686635,12.6681,76.5592,offices
686636,15.5934,76.5592,offices
686637,9.6444,76.5656,offices
686651,9.8204,76.5351,offices
686652,9.7746,76.7635,offices
686653,9.7772,76.7027,offices
686661,9.9801,76.5805,offices
686662,9.8837,76.5824,offices
686663,9.9353,76.4890,offices
686664,9.8942,76.4788,offices
686665,9.8317,76.5455,offices
686666,10.0556,76.6177,offices
686667,9.9062,76.5227,offices
686668,9.9755,76.6859,offices
686669,10.0114,76.5144,offices
686670,9.9449,76.6525,offices
686671,10.0067,76.6885,offices
686672,9.9259,76.6028,offices
686673,9.9908,76.5830,offices
686681,10.1281,76.7077,offices
686691,10.0590,76.6269,offices
686692,10.1041,76.6004,offices
686693,10.0509,76.7130,offices
688001,9.4960,76.3332,offices
688002,9.4883,76.3341,offices
688003,9.3305,76.2664,offices
688004,9.4193,76.3353,offices
688005,9.4026,76.3663,offices
688006,9.5316,76.3485,offices
688007,9.5139,76.3243,offices
688008,9.5295,76.3131,offices
688009,9.4555,76.3637,offices
688011,9.4986,76.3637,offices
688013,9.5042,76.3428,offices
688014,9.4572,76.3346,offices
688051,9.4967,76.3360,offices
688501,9.4780,76.3927,offices
688502,9.4486,76.4215,offices
688503,9.4436,76.4042,offices
688504,9.4512,76.4426,offices
688505,9.4133,76.4061,offices
688506,9.4832,76.4680,offices
688521,9.5381,76.3323,offices
688522,9.5704,76.3157,offices
688523,9.6011,76.3188,offices
688524,9.6898,76.3369,offices
688525,9.6050,76.3592,offices
688526,9.7956,76.3465,offices
688527,9.6625,76.3745,offices
688528,9.7744,76.3389,offices
688529,9.7151,76.3031,offices
688530,9.6517,76.2990,offices
688531,9.7419,76.3029,offices
688532,9.6715,76.3455,offices
688533,9.7851,76.3027,offices
688534,9.4995,76.3382,offices
688535,9.8641,76.3310,offices
688536,9.7240,76.3399,offices
688537,9.8250,76.3090,offices
688538,9.5732,76.3490,offices
688539,9.6680,76.3367,offices
688540,9.7710,76.3020,offices
688541,9.7450,76.3640,offices
688555,9.6488,76.3694,offices
688561,9.3535,76.3690,offices
688562,9.3690,76.4098,offices
688563,9.3148,76.3903,offices
688570,9.8355,76.3515,offices
688582,9.6307,76.3256,offices
689101,9.3345,76.5695,offices
689102,9.6310,76.7251,offices
689103,9.4239,76.5959,offices
689104,9.4900,76.2200,offices
689105,9.3834,76.5893,offices
689106,9.2643,76.7873,offices
689107,9.4951,76.7287,offices
689108,9.4900,76.3600,offices
689109,9.5600,76.4600,offices
689110,9.4357,76.4687,offices
689111,9.3900,76.5700,offices
689112,9.3765,76.5227,offices
689113,9.3920,76.5519,offices
689115,9.4300,76.8000,offices
689121,9.3504,76.7064,offices
689122,9.3108,76.6373,offices
689123,9.3209,76.6326,offices
689124,9.3292,76.6026,offices
689126,9.2849,76.6124,offices
689501,9.2050,76.6840,offices
689502,9.2200,76.7100,offices
689503,9.2400,76.6800,offices
689504,9.2841,76.6591,offices
689505,9.2877,76.6341,offices
689506,9.3269,76.5777,offices
689507,9.7000,76.7000,offices
689508,9.2689,76.6021,offices
689509,9.2463,76.6342,offices
689510,9.3051,76.5748,offices
689511,9.2773,76.5844,offices
689512,9.1925,76.6716,offices
689513,9.1550,76.6450,offices
689514,9.2874,76.6846,offices
689515,9.2027,76.6762,offices
689520,9.2888,76.6136,offices
689521,9.2598,76.6359,offices
689531,9.3489,76.6539,offices
689532,9.3245,76.6767,offices
689533,9.3265,76.6840,offices
689541,9.4622,76.8531,offices
689542,9.3749,76.6333,offices
689543,9.3973,76.6483,offices
689544,9.4061,76.6835,offices
689545,9.3767,76.6988,offices
689546,9.3504,76.6239,offices
689547,9.3596,76.6551,offices
689548,9.3694,76.6737,offices
689549,9.3450,76.6954,offices
689550,9.3615,76.7019,offices
689551,9.3589,76.6149,offices
689571,9.6300,76.9300,offices
689572,9.3580,76.4997,offices
689573,9.3695,76.4500,offices
689574,9.1800,76.8900,offices
689581,9.4297,76.6128,offices
689582,9.4146,76.4743,offices
689583,9.4900,76.6700,offices
689584,9.4400,76.6500,offices
689585,9.4395,76.6554,offices
689586,9.4187,76.7161,offices
689587,9.4400,76.6856,offices
689588,9.8477,77.8919,offices
689589,9.6322,76.5852,offices
689590,9.5700,76.9700,offices
689591,9.6600,76.9300,offices
689592,9.3700,76.5600,offices
689594,9.4373,76.6284,offices
689595,9.6911,76.7104,offices
689597,9.9400,76.2600,offices
689602,9.3700,76.5600,offices
689611,9.3622,76.7297,offices
689612,9.3622,76.7297,offices
689613,9.3895,76.7316,offices
689614,9.6884,78.6729,offices
689615,9.4101,76.7488,offices
689621,9.3367,76.5167,offices
689622,9.3203,76.5284,offices
689623,9.3007,76.5412,offices
689624,9.2842,76.5569,offices
689625,9.2521,76.7109,offices
689626,9.3300,76.3600,offices
689627,9.3239,76.4958,offices
689641,9.3334,76.7140,offices
689642,9.3250,76.7400,offices
689643,9.2950,76.7400,offices
689644,9.6100,76.8300,offices
689645,9.1621,76.8536,offices
689646,9.2353,76.8081,offices
689647,9.2447,76.7489,offices
689648,9.2100,76.7700,offices
689649,9.3050,76.7750,offices
689650,9.3100,76.8700,offices
689652,9.0000,76.9100,offices
689653,9.2700,76.8300,offices
689654,9.1300,76.8700,offices
689656,9.2100,76.8150,offices
689661,9.5800,76.7400,offices
689662,9.3408,76.8950,offices
689663,9.3300,76.9300,offices
689664,9.2900,76.8450,offices
689666,9.2867,76.8229,offices
689667,9.3300,76.9800,offices
689668,9.5350,76.7050,offices
689671,9.2450,76.4200,offices
689672,9.3500,76.7900,offices
689673,9.3827,76.7950,offices
689674,9.3850,76.7700,offices
689675,9.5950,76.8510,offices
689676,9.4300,76.8250,offices
689677,9.4187,76.8030,offices
689678,9.3100,76.7977,offices
689691,9.2100,76.8650,offices
689692,9.2500,76.8700,offices
689693,9.1600,76.8700,offices
689694,9.1200,76.9050,offices
689695,9.0938,76.8500,offices
689696,9.0700,76.9300,offices
689698,9.4350,76.7900,offices
689699,9.2450,76.9450,offices
689711,9.3605,76.8500,offices
690101,9.2350,76.5373,offices
690102,9.2548,76.5492,offices
690103,9.2520,76.5176,offices
690104,9.2635,76.5417,offices
690105,9.2808,76.5248,offices
690106,9.2223,76.5235,offices
690107,9.2155,76.5648,offices
690108,9.2463,76.5589,offices
690110,9.2333,76.5669,offices
690112,9.2316,76.6362,offices
690501,9.1383,76.5914,offices
690502,9.1807,76.4968,offices
690503,9.1769,76.5579,offices
690504,9.1598,76.6494,offices
690505,9.1674,76.5996,offices
690506,9.2147,76.4497,offices
690507,9.2306,76.4768,offices
690508,9.2116,76.4972,offices
690509,9.2491,76.5871,offices
690510,9.1926,76.5343,offices
690511,9.2553,76.4777,offices
690512,9.2763,76.4839,offices
690513,9.2651,76.4664,offices
690514,9.3032,76.4589,offices
690515,9.2463,76.4150,offices
690516,9.2631,76.4297,offices
690517,9.3248,76.4410,offices
690518,9.0600,76.5400,offices
690519,9.0415,76.5650,offices
690520,9.0700,76.6500,offices
690521,9.0400,76.6100,offices
690522,9.0700,76.6200,offices
690523,9.0775,76.5400,offices
690524,9.3450,76.6050,offices
690525,9.1000,76.5000,offices
690526,9.1250,76.5250,offices
690527,9.1570,76.4956,offices
690528,9.1050,76.5100,offices
690529,9.2049,76.6338,offices
690530,9.1446,76.6221,offices
690531,9.1883,76.4609,offices
690532,9.2468,76.4521,offices
690533,9.1427,76.5289,offices
690534,9.2072,76.6018,offices
690535,9.1755,76.4622,offices
690536,9.0375,76.5500,offices
690537,9.1773,76.5309,offices
690538,9.0200,76.5900,offices
690539,9.0519,76.3321,offices
690540,9.0350,76.6650,offices
690542,9.0800,76.5000,offices
690544,9.0750,76.5300,offices
690546,9.0900,76.4900,offices
690547,9.1250,76.4900,offices
690548,9.2888,76.4298,offices
690558,9.2289,76.6027,offices
690559,9.1923,76.5196,offices
690561,9.1300,76.6200,offices
690571,9.1745,76.6237,offices
690572,9.1970,76.4926,offices
690573,9.0500,76.5100,offices
690574,9.1150,76.5850,offices
691001,8.8800,76.5900,offices
691002,8.8900,76.5900,offices
691003,8.9100,76.5600,offices
691004,8.8950,76.6150,offices
691005,8.9100,76.6400,offices
691006,8.8700,76.5900,offices
691007,8.8800,76.5700,offices
691008,8.8900,76.6000,offices
691009,8.8900,76.5800,offices
691010,8.8750,76.6100,offices
691011,8.8600,76.6250,offices
691012,8.9000,76.5700,offices
691013,8.8900,76.5800,offices
691014,8.9300,76.6400,offices
691015,8.9000,76.6200,offices
691016,8.8600,76.6100,offices
691019,8.9000,76.6100,offices
691020,8.8600,76.6400,offices
691021,8.8800,76.6200,offices
691051,8.8870,76.5900,offices
691301,8.8100,76.6700,offices
691302,8.8000,76.6900,offices
691303,8.8300,76.6600,offices
691304,8.8500,76.6600,offices
691305,9.0144,76.9285,offices
691306,8.9187,76.9100,offices
691307,8.9950,77.0100,offices
691308,8.9650,77.0600,offices
691309,8.9800,77.1300,offices
691310,8.9050,77.0400,offices
691311,8.8700,76.9581,offices
691312,8.9400,76.9850,offices
691319,8.7900,76.6700,offices
691322,9.0000,76.9000,offices
691331,9.0300,76.9400,offices
691332,9.0274,76.9084,offices
691333,8.9850,76.9200,offices
691334,8.8350,76.6900,offices
691500,9.0200,76.6300,offices
691501,8.9700,76.6900,offices
691502,9.0000,76.6400,offices
691503,8.9850,76.6700,offices
691504,8.9400,76.6800,offices
691505,8.9900,76.7200,offices
691506,9.0000,76.7700,offices
691507,9.0350,76.7200,offices
691508,9.0400,76.8500,offices
691509,8.9400,76.7200,offices
691510,8.8800,76.7800,offices
691511,8.9500,76.6450,offices
691512,8.9500,76.7600,offices
691515,8.9300,76.7100,offices
691516,8.8700,76.8100,offices
691520,8.9300,76.8000,offices
691521,9.0800,76.7400,offices
691522,9.0700,76.8050,offices
691523,9.1568,76.7304,offices
691524,9.1250,76.8100,offices
691525,9.1850,76.7450,offices
691526,9.1050,76.7673,offices
691527,8.9700,76.7800,offices
691530,9.2643,76.7873,offices
691531,8.9900,76.7800,offices
691532,8.9550,76.8450,offices
691533,8.9000,76.8400,offices
691534,8.8650,76.8700,offices
691535,8.8300,76.8700,offices
691536,8.8300,76.9300,offices
691537,8.8900,76.7700,offices
691538,8.9800,76.8500,offices
691540,8.9300,76.7050,offices
691541,8.8200,77.0100,offices
691543,9.0200,76.6850,offices
691551,9.1250,76.7050,offices
691552,9.1000,76.6850,offices
691553,9.0700,76.6800,offices
691554,9.1600,76.7592,offices
691555,9.1850,76.7750,offices
691556,9.1150,76.7950,offices
691557,9.0300,76.8210,offices
691559,8.8150,76.9650,offices
691560,9.0500,76.7900,offices
691566,9.0300,76.7650,offices
691571,8.8700,76.6800,offices
691572,8.8600,76.7100,offices
691573,8.8800,76.7300,offices
691574,8.8100,76.7800,offices
691576,8.9000,76.6900,offices
691577,8.9000,76.6700,offices
691578,8.8300,76.7400,offices
691579,8.8600,76.7350,offices
691581,8.9200,76.5500,offices
691582,8.9500,76.5350,offices
691583,9.0050,76.5400,offices
691584,8.9800,76.5500,offices
691585,8.9850,76.5600,offices
691589,8.8700,76.6600,offices
691590,8.9900,76.5800,offices
691601,8.9500,76.6100,offices
691602,8.9400,76.6000,offices
695001,8.4976,76.9488,offices
695002,8.4666,76.9746,offices
695003,8.4150,76.7689,offices
695004,8.5196,76.9412,offices
695005,8.4295,76.7715,offices
695006,8.5003,77.0016,offices
695007,8.4874,76.9072,offices
695008,8.4800,76.9300,offices
695009,8.4723,76.9549,offices
695010,8.5120,76.9707,offices
695011,8.5300,76.9168,offices
695012,8.4868,76.9749,offices
695013,8.5300,77.0000,offices
695014,8.2989,76.5772,offices
695015,8.5527,76.9375,offices
695016,8.5464,76.9046,offices
695017,8.5524,76.9154,offices
695018,8.4710,76.9800,offices
695019,8.4702,76.9896,offices
695020,8.4419,77.0250,offices
695021,8.5052,76.9000,offices
695022,8.5239,76.8795,offices
695023,8.3837,76.7532,offices
695024,8.4900,76.9222,offices
695025,8.5349,76.9485,offices
695026,8.4486,76.9495,offices
695027,8.4301,76.9594,offices
695028,8.5913,76.9498,offices
695029,8.5000,76.9200,offices
695030,8.5214,76.9803,offices
695032,8.4891,76.9983,offices
695033,8.5077,76.9493,offices
695034,8.5021,76.9464,offices
695035,8.4912,76.9417,offices
695036,8.4829,76.9488,offices
695038,8.5663,77.0091,offices
695040,8.4752,76.9749,offices
695042,8.4172,77.0204,offices
695043,8.5600,76.9610,offices
695051,8.4848,76.9427,offices
695099,8.5138,76.9611,offices
695101,8.6858,76.8023,offices
695102,8.7241,76.8332,offices
695103,8.6985,76.8636,offices
695104,8.6709,76.8274,offices
695121,8.3231,77.0624,offices
695122,8.3571,77.1169,offices
695123,8.4719,77.0495,offices
695124,8.4396,77.1200,offices
695125,8.4782,77.1650,offices
695126,8.4261,77.0885,offices
695132,8.3688,77.1044,offices
695133,8.3700,77.0900,offices
695134,8.3626,77.0924,offices
695141,8.7322,76.7293,offices
695142,8.7258,76.7547,offices
695143,8.7486,76.7649,offices
695144,8.7200,76.7704,offices
695145,8.7600,76.7400,offices
695146,8.7747,76.7527,offices
695301,8.5832,76.8505,offices
695302,8.6111,76.8313,offices
695303,8.6160,76.8027,offices
695304,8.6519,76.7864,offices
695305,8.6400,76.8023,offices
695306,8.6800,76.7705,offices
695307,8.6918,76.7438,offices
695308,8.6878,76.7652,offices
695309,8.6667,76.7644,offices
695310,8.7890,76.7237,offices
695311,8.7634,76.6948,offices
695312,8.7009,76.7641,offices
695313,8.6475,76.8667,offices
695316,8.6101,76.8543,offices
695317,8.6265,76.8496,offices
695318,8.7063,76.7506,offices
695501,8.4096,77.0400,offices
695502,8.3300,77.1500,offices
695503,8.3981,77.1365,offices
695504,8.4050,77.1752,offices
695505,8.4700,77.2000,offices
695506,8.3191,77.1100,offices
695507,8.4594,77.0619,offices
695508,8.3725,77.1435,offices
695512,8.4692,77.0800,offices
695513,8.3091,77.0866,offices
695521,8.3800,77.0000,offices
695522,9.3209,76.8716,offices
695523,8.4100,77.0165,offices
695524,8.3846,77.0916,offices
695525,8.3400,77.0800,offices
695526,8.3422,77.0500,offices
695527,8.3943,76.9811,offices
695528,8.3742,77.0019,offices
695541,8.6200,77.0300,offices
695542,8.5950,77.0830,offices
695543,8.5600,77.0509,offices
695547,8.6201,77.0300,offices
695551,8.6800,77.1050,offices
695561,8.6151,76.9887,offices
695562,8.7118,77.0287,offices
695563,8.7200,77.0700,offices
695564,8.5700,77.0000,offices
695568,8.6900,76.9816,offices
695570,8.5106,77.0519,offices
695571,8.4900,77.0345,offices
695572,8.5200,77.1200,offices
695573,8.5174,77.0145,offices
695574,8.5600,77.1300,offices
695575,8.5376,77.0867,offices
695581,8.5618,76.8920,offices
695582,8.5616,76.8715,offices
695583,8.5303,76.8851,offices
695584,8.6100,76.8828,offices
695585,8.5833,76.8695,offices
695586,8.5547,76.8561,offices
695587,8.5685,76.9079,offices
695588,8.5763,76.9252,offices
695589,8.6361,76.8949,offices
695601,8.7659,76.8657,offices
695602,8.8032,76.8213,offices
695603,8.7859,76.7833,offices
695604,8.8242,76.8087,offices
695605,8.7533,76.8041,offices
695606,8.7149,76.8964,offices
695607,8.6700,76.9230,offices
695608,8.7534,76.9340,offices
695609,8.7545,76.9842,offices
695610,8.7178,76.9412,offices
695611,8.7314,76.7879,offices
695612,8.7538,76.8732,offices
695614,8.7962,76.8801,offices
695615,8.6311,76.9400,offices
700001,22.3430,88.2090,offices
700002,22.6148,88.3726,offices
700003,22.6032,88.3675,offices
700004,22.5977,88.3718,offices
700005,22.5961,88.3587,offices
700006,22.5900,88.3677,offices
700007,22.5827,88.3595,offices
700008,22.4820,88.3104,offices
700009,22.4596,88.2945,offices
700010,22.3374,88.2380,offices
700011,22.5763,88.3802,offices
700012,22.5686,88.3578,offices
700013,22.5648,88.3604,offices
700014,22.3311,88.2153,offices
700015,22.3458,88.2247,offices
700016,22.5520,88.3543,offices
700017,22.4313,88.2858,offices
700018,22.5226,88.2852,offices
700019,22.5268,88.3658,offices
700020,22.5404,88.3472,offices
700021,22.3895,88.3375,offices
700022,22.5463,88.3272,offices
700023,22.5407,88.3242,offices
700024,22.5406,88.2864,offices
700025,22.5267,88.3489,offices
700026,22.5193,88.3448,offices
700027,22.5257,88.3334,offices
700028,22.6341,88.4229,offices
700029,22.5169,88.3535,offices
700030,22.6218,88.3934,offices
700031,22.5071,88.3718,offices
700032,22.4978,88.3619,offices
700033,22.5036,88.3452,offices
700034,22.4995,88.3168,offices
700035,22.6479,88.3658,offices
700036,22.6340,88.3697,offices
700037,22.6074,88.3866,offices
700038,22.5068,88.3234,offices
700039,22.5284,88.3822,offices
700040,22.4843,88.3522,offices
700041,22.5011,88.3201,offices
700042,22.5454,88.3657,offices
700043,22.5156,88.3206,offices
700044,22.5522,88.2671,offices
700045,22.5065,88.3569,offices
700046,22.4373,88.2964,offices
700047,22.4719,88.3766,offices
700048,22.3590,88.2358,offices
700049,22.6600,88.4000,offices
700050,22.6285,88.3846,offices
700051,22.6600,88.4250,offices
700052,22.6339,88.4307,offices
700053,22.5112,88.3312,offices
700054,22.3434,88.2324,offices
700055,22.6086,88.4074,offices
700056,22.6652,88.3870,offices
700057,22.6700,88.3650,offices
700058,22.6850,88.3700,offices
700059,22.3720,88.2542,offices
700060,22.5088,88.2947,offices
700061,22.4797,88.2913,offices
700062,22.3049,88.2056,offices
700063,22.4647,88.3073,offices
700064,22.3539,88.2426,offices
700065,22.6423,88.4120,offices
700066,22.5728,88.3475,offices
700067,22.5926,88.3860,offices
700068,22.5064,88.3669,offices
700069,22.5661,88.3505,offices
700070,22.4076,88.2880,offices
700071,22.5513,88.3526,offices
700072,22.5662,88.3546,offices
700073,22.3446,88.2131,offices
700074,22.6228,88.4097,offices
700075,22.4948,88.3787,offices
700076,22.6600,88.3600,offices
700077,22.6310,88.3969,offices
700078,22.5082,88.3826,offices
700079,22.6400,88.4300,offices
700080,22.6009,88.3843,offices
700081,22.6500,88.4400,offices
700082,22.5223,88.3437,offices
700083,22.6650,88.3850,offices
700084,22.3421,88.2320,offices
700085,22.5682,88.3835,offices
700086,22.4827,88.3860,offices
700087,22.5589,88.3551,offices
700088,22.5138,88.3070,offices
700089,22.4852,88.3218,offices
700090,22.5627,88.3696,offices
700091,22.3446,88.2574,offices
700092,22.4854,88.3687,offices
700093,22.2800,88.2242,offices
700094,22.4830,88.3959,offices
700095,22.4970,88.3574,offices
700096,22.2740,88.2150,offices
700097,22.5737,88.4055,offices
700099,22.4955,88.4017,offices
700100,22.5255,88.3951,offices
700101,22.6052,88.4207,offices
700102,22.5948,88.4311,offices
700103,22.4290,88.3652,offices
700104,22.4357,88.2973,offices
700105,22.3238,88.2514,offices
700106,22.5719,88.4137,offices
700107,22.5094,88.4047,offices
700108,22.6492,88.3759,offices
700109,22.6800,88.3900,offices
700110,22.6900,88.3900,offices
700111,23.2006,88.6229,offices
700112,22.7200,88.3900,offices
700113,22.7000,88.4000,offices
700114,22.7000,88.3700,offices
700115,22.7100,88.3700,offices
700116,22.7000,88.3700,offices
700117,22.7300,88.3700,offices
700118,22.7300,88.3800,offices
700119,22.7400,88.3700,offices
700120,22.7700,88.3500,offices
700121,22.7600,88.4300,offices
700122,22.7800,88.3800,offices
700123,22.7500,88.3800,offices
700124,22.7149,88.4827,offices
700125,22.7632,88.4953,offices
700126,22.7382,88.4607,offices
700127,22.7098,88.4678,offices
700128,22.6664,88.5294,offices
700129,22.6979,88.4626,offices
700130,22.7065,88.4535,offices
700131,22.6871,88.4444,offices
700132,22.6650,88.6652,offices
700133,22.6630,88.8714,offices
700134,22.6700,88.8300,offices
700135,22.5923,88.5269,offices
700136,22.6414,88.4564,offices
700137,22.4710,88.1852,offices
700138,22.4575,88.1275,offices
700139,22.4350,88.2340,offices
700140,22.4973,88.2470,offices
700141,22.5050,88.2506,offices
700142,22.3421,88.2150,offices
700143,22.3057,88.1727,offices
700144,22.3615,88.4322,offices
700145,22.3109,88.3153,offices
700146,22.2545,88.2559,offices
700147,22.2445,88.2559,offices
700148,22.4163,88.4068,offices
700149,22.4050,88.4077,offices
700150,22.4620,88.4220,offices
700151,22.3824,88.2976,offices
700152,22.2833,89.2293,offices
700153,22.4530,88.3860,offices
700154,22.3566,88.2882,offices
700155,22.6912,88.4770,offices
700156,22.5726,88.4713,offices
700157,22.4833,88.3569,offices
700158,22.6800,88.4400,offices
700159,22.4894,88.3461,offices
700160,22.5595,88.4896,offices
700161,22.6200,88.4651,offices
700162,22.5909,88.4544,offices
700163,22.5831,88.4538,offices
711101,22.5834,88.3310,offices
711102,22.5671,88.3243,offices
711103,22.5607,88.3103,offices
711104,22.5843,88.3023,offices
711105,22.5997,88.3142,offices
711106,22.6034,88.3399,offices
711107,22.6145,88.3517,offices
711108,23.0192,88.5303,offices
711109,22.5615,88.2771,offices
711110,26.1413,80.0275,offices
711111,22.5804,88.2751,offices
711112,22.5909,88.2861,offices
711113,22.6062,88.2940,offices
711114,22.6344,88.3028,offices
711115,22.6502,88.2818,offices
711201,22.6394,88.3417,offices
711202,22.6290,88.3527,offices
711203,22.6254,88.3409,offices
711204,22.6182,88.3425,offices
711205,22.6487,88.3399,offices
711206,22.6502,88.2818,offices
711225,22.5817,88.3372,offices
711226,22.7319,87.9736,offices
711227,23.1544,89.8274,offices
711301,22.4971,88.2851,offices
711302,23.2920,88.0206,offices
711303,22.4911,87.9321,offices
711304,22.5817,88.3372,offices
711305,22.5005,88.1726,offices
711306,22.5817,88.3372,offices
711307,22.5135,88.1070,offices
711308,22.5817,88.3372,offices
711309,22.5284,88.2234,offices
711310,22.5173,88.1743,offices
711312,22.4041,88.0022,offices
711313,22.5615,88.2304,offices
711314,22.2710,88.0198,offices
711315,22.4091,88.0846,offices
711316,22.4804,88.0892,offices
711317,22.5817,88.3372,offices
711322,22.5457,88.1443,offices
711331,22.3348,88.0982,offices
711401,22.5211,88.1398,offices
711403,22.5926,88.3000,offices
711404,22.6524,88.1438,offices
711405,22.6417,88.2261,offices
711408,22.6374,88.1984,offices
711409,22.6173,88.2699,offices
711410,22.6533,88.0266,offices
711411,22.6143,88.1925,offices
711412,22.6682,87.9555,offices
711413,22.5620,87.9702,offices
711414,22.5925,88.0884,offices
712101,22.8877,88.4009,offices
712102,22.8881,88.3725,offices
712103,22.9000,88.3964,offices
712104,22.7650,88.3336,offices
712105,22.2100,88.3900,offices
712121,22.5956,88.2636,offices
712122,22.9500,88.3900,offices
712123,22.5500,87.8800,offices
712124,22.7443,88.3548,offices
712125,22.7306,88.2199,offices
712134,22.3900,88.3900,offices
712135,22.2800,88.3200,offices
712136,22.8882,88.4022,offices
712137,22.8882,88.4022,offices
712138,22.8882,88.4022,offices
712139,22.8459,88.3542,offices
712146,22.9500,88.3900,offices
712147,22.9500,88.3900,offices
712148,23.0300,88.3900,offices
712149,22.9500,88.3900,offices
712152,23.0764,88.3900,offices
712201,22.7468,88.3424,offices
712202,22.7513,88.3514,offices
712203,22.8882,88.4022,offices
712204,22.8882,88.4022,offices
712221,22.8121,88.3528,offices
712222,22.8371,88.0180,offices
712223,22.7690,88.3215,offices
712232,22.8882,88.4022,offices
712233,22.6861,88.3506,offices
712234,22.7028,88.3236,offices
712235,22.7011,88.3496,offices
712245,22.7400,88.3500,offices
712246,22.9997,88.2229,offices
712248,22.7302,88.3527,offices
712249,22.7367,88.3355,offices
712250,22.7225,88.3372,offices
712258,22.6553,88.3481,offices
712291,22.7222,88.3536,offices
712301,22.9200,88.1100,offices
712302,22.9500,88.0947,offices
712303,23.0200,88.1200,offices
712304,22.8882,88.4022,offices
712305,22.9500,88.3900,offices
712306,22.8882,88.4022,offices
712308,22.8882,88.4022,offices
712310,22.6850,88.2989,offices
712311,22.6834,88.2915,offices
712401,22.8361,87.9692,offices
712402,22.9500,88.0200,offices
712403,22.5336,88.2914,offices
712404,22.7377,88.0552,offices
712405,22.8882,88.4022,offices
712406,22.7200,87.8450,offices
712407,22.8283,88.1661,offices
712408,22.7654,88.0045,offices
712409,22.8150,88.2345,offices
712410,22.8787,88.0143,offices
712412,22.7900,87.9000,offices
712413,22.8550,87.8700,offices
712414,22.9500,88.3900,offices
712415,22.8300,87.9000,offices
712416,22.6600,87.9000,offices
712417,22.6450,87.8400,offices
712501,22.8200,87.8900,offices
712502,22.6339,88.3950,offices
712503,22.6391,88.3611,offices
712504,22.8882,88.4022,offices
712512,22.3900,88.3900,offices
712513,22.9191,88.4022,offices
712514,22.8882,88.4022,offices
712515,22.9500,88.3900,offices
712601,22.8806,87.7852,offices
712602,22.9500,88.3900,offices
712611,22.9500,88.3900,offices
712612,22.8850,87.6327,offices
712613,22.7600,88.3200,offices
712614,22.9300,88.3900,offices
712615,22.9500,88.3900,offices
712616,22.9500,88.3900,offices
712617,22.9500,88.3900,offices
712701,22.7371,88.1923,offices
712702,22.8882,88.4022,offices
712706,22.7622,88.1709,offices
713101,23.2566,87.8631,offices
713102,23.2950,87.8850,offices
713103,23.1900,87.8667,offices
713104,23.2390,87.8607,offices
713121,23.4400,87.8500,offices
713122,23.1900,88.2700,offices
713123,23.7400,88.0597,offices
713124,23.1500,87.9550,offices
713125,23.4000,87.9500,offices
713126,23.5500,87.6800,offices
713127,23.4100,87.8000,offices
713128,23.4906,87.7400,offices
713129,23.7500,87.9900,offices
713130,23.6435,88.1309,offices
713131,23.5300,87.8200,offices
713132,23.6100,87.9900,offices
713140,23.8301,88.0500,offices
713141,23.3299,87.7752,offices
713142,23.2082,87.6944,offices
713143,23.5100,88.0500,offices
713144,23.4350,87.6200,offices
713145,23.4300,88.1400,offices
713146,23.2000,88.1300,offices
713147,23.5300,87.9200,offices
713148,23.4650,87.4700,offices
713149,23.2150,88.0400,offices
713150,23.6000,88.1050,offices
713151,23.1700,88.0100,offices
713152,23.5600,87.6150,offices
713153,23.5100,87.5600,offices
713154,23.2002,88.0834,offices
713166,23.0900,88.0900,offices
713201,23.4981,87.3202,offices
713202,23.4917,87.3063,offices
713203,23.5605,87.2584,offices
713204,23.5828,87.3014,offices
713205,23.5688,87.3179,offices
713206,23.5392,87.3405,offices
713207,23.5286,87.2564,offices
713208,23.5307,87.2801,offices
713209,23.5495,87.2918,offices
713210,23.5247,87.3255,offices
713211,23.4966,87.3336,offices
713212,23.5187,87.3918,offices
713213,23.5616,87.2785,offices
713214,23.5454,87.3315,offices
713215,23.5101,87.2729,offices
713216,23.5364,87.2983,offices
713217,23.5729,87.2332,offices
713301,23.6866,86.9529,offices
713302,23.6942,86.9797,offices
713303,23.6753,86.9736,offices
713304,23.1908,87.2894,offices
713305,23.8371,86.9100,offices
713315,23.8178,86.9833,offices
713321,23.5801,87.1992,offices
713322,23.6581,87.2005,offices
713323,23.5892,87.1180,offices
713324,23.7393,86.8166,offices
713325,23.6645,86.9326,offices
713326,22.2322,87.8636,offices
713330,23.6739,86.9524,offices
713331,23.8492,86.9020,offices
713332,21.5053,80.4599,offices
713333,23.6923,86.8296,offices
713334,23.7496,87.0293,offices
713335,23.8305,86.9048,offices
713336,23.7061,87.0774,offices
713337,23.6494,87.0692,offices
713338,23.6309,87.1907,offices
713339,23.6739,86.9524,offices
713340,23.8371,86.9100,offices
713341,23.7719,86.9299,offices
713342,23.6659,87.1641,offices
713343,23.7338,86.8381,offices
713344,23.8371,86.9100,offices
713346,23.7201,87.2657,offices
713347,23.6126,87.1158,offices
713357,23.8371,86.9100,offices
713358,23.6296,87.0957,offices
713359,23.7233,86.8948,offices
713360,32.2707,75.5354,offices
713361,23.8371,86.9100,offices
713362,23.6864,87.1321,offices
713363,23.6502,87.2456,offices
713365,23.6181,87.1362,offices
713369,24.2808,87.5517,offices
713370,23.8875,87.7329,offices
713371,23.6936,86.8948,offices
713372,23.8371,86.9100,offices
713373,23.6739,86.9524,offices
713376,23.4178,86.6534,offices
713378,23.7092,87.2045,offices
713381,23.6927,87.3465,offices
713384,23.6482,87.1605,offices
713385,23.6627,87.3074,offices
713386,23.8371,86.9100,offices
713401,23.1350,88.0300,offices
713403,23.3800,87.5900,offices
713404,23.0100,88.0000,offices
713405,23.2800,88.2700,offices
713406,23.3500,87.7000,offices
713407,23.2650,88.0050,offices
713408,23.0500,87.9800,offices
713409,23.2324,88.3518,offices
713420,23.6086,87.1950,offices
713421,23.0250,87.9000,offices
713422,23.3500,88.1600,offices
713423,23.0900,87.7850,offices
713424,23.1300,87.8639,offices
713426,23.3300,88.0600,offices
713427,22.9800,87.7750,offices
713428,23.2900,87.6410,offices
713502,23.5900,88.1700,offices
713512,23.5350,88.2700,offices
713513,23.4566,88.2900,offices
713514,23.5300,88.1900,offices
713515,23.3550,88.2400,offices
713519,23.3400,88.3300,offices
713520,23.4600,87.9600,offices
721101,22.4238,87.3279,offices
721102,22.4320,87.2979,offices
721121,22.4309,87.3215,offices
721122,22.5538,87.4641,offices
721124,22.4209,87.3215,offices
721125,22.2080,87.1463,offices
721126,22.3690,87.5544,offices
721127,22.8631,87.3537,offices
721128,22.7097,87.1710,offices
721129,22.4309,87.3215,offices
721130,15.5934,87.8175,offices
721131,22.3956,87.7419,offices
721132,22.3832,87.1908,offices
721133,22.1168,87.2345,offices
721134,22.4325,87.8594,offices
721135,22.1810,87.1597,offices
721136,22.4461,87.6297,offices
721137,23.1207,87.8175,offices
721139,22.4042,87.7175,offices
721140,22.2831,87.5865,offices
721143,22.2786,87.3798,offices
721144,22.3842,87.7445,offices
721145,22.2695,87.2867,offices
721146,22.5367,87.7136,offices
721147,22.6423,87.3190,offices
721148,23.5746,87.5756,offices
721149,22.3810,87.4401,offices
721150,22.5538,87.4641,offices
721151,22.4408,87.7816,offices
721152,22.4586,87.7745,offices
721153,22.4586,87.7745,offices
721154,22.4586,87.7745,offices
721155,22.2415,87.6719,offices
721156,22.4309,87.3215,offices
721157,22.8240,87.2407,offices
721158,22.6139,88.2239,offices
721159,22.0035,87.1460,offices
721160,22.3610,87.6112,offices
721161,22.4853,87.8558,offices
721166,22.2232,87.5618,offices
721171,22.2957,87.9260,offices
721172,22.2756,87.7150,offices
721201,22.7329,87.5169,offices
721211,22.6068,87.7246,offices
721212,22.6637,87.7468,offices
721222,22.7252,87.6754,offices
721232,22.7065,87.6162,offices
721242,22.8226,87.6137,offices
721253,22.7021,87.3378,offices
721260,22.6388,87.4977,offices
721301,22.3460,87.2320,offices
721302,22.3216,87.3099,offices
721303,22.3397,87.2127,offices
721304,22.3377,87.2693,offices
721305,22.3304,87.3181,offices
721306,22.3145,87.3090,offices
721401,21.7418,87.7220,offices
721402,21.7745,87.7477,offices
721403,21.9372,87.7761,offices
721404,21.7786,87.7419,offices
721405,21.8007,87.7018,offices
721406,21.7787,87.7550,offices
721420,21.8473,87.4822,offices
721422,21.8808,87.6150,offices
721423,21.6881,87.5905,offices
721424,22.0832,87.3687,offices
721425,22.0085,87.7304,offices
721426,21.9217,87.2792,offices
721427,21.8437,87.8042,offices
721428,21.6429,87.5000,offices
721429,21.9029,87.5381,offices
721430,21.9657,87.8065,offices
721431,21.8558,87.9152,offices
721432,21.9026,87.8836,offices
721433,21.7605,87.6642,offices
721434,22.0813,87.6359,offices
721435,21.9351,87.3501,offices
721436,21.8290,87.4229,offices
721437,22.1737,87.3906,offices
721438,21.9553,87.5604,offices
721439,22.0496,87.5287,offices
721440,21.9977,87.6075,offices
721441,21.6738,87.5451,offices
721442,21.8141,87.8330,offices
721443,21.9467,87.4924,offices
721444,21.9163,87.7194,offices
721445,22.4309,87.3215,offices
721446,21.6903,87.4953,offices
721447,21.8160,87.4523,offices
721448,21.7687,87.5175,offices
721449,22.6916,87.7719,offices
721450,21.7489,87.7798,offices
721451,22.0047,87.3046,offices
721452,21.8119,87.6341,offices
721453,21.7136,87.5475,offices
721454,22.0586,87.6241,offices
721455,21.7005,87.6620,offices
721456,21.9949,87.6547,offices
721457,21.8248,87.3488,offices
721458,22.0760,87.6655,offices
721463,21.6214,87.5072,offices
721467,22.1335,87.5276,offices
721501,22.6320,86.7642,offices
721503,22.4308,87.3214,offices
721504,22.5040,86.9912,offices
721505,22.4761,86.8572,offices
721506,22.2059,86.8948,offices
721507,22.4538,86.9962,offices
721513,22.3710,87.1248,offices
721514,22.4745,87.0207,offices
721515,22.6168,86.8183,offices
721516,22.5840,87.0499,offices
721517,22.6203,86.7806,offices
721601,24.3588,87.8041,offices
721602,22.0798,88.1372,offices
721603,18.8662,87.9842,offices
721604,22.3000,88.0559,offices
721606,22.0423,88.0742,offices
721607,22.0232,88.0632,offices
721624,22.1168,87.5900,offices
721625,21.9971,87.8163,offices
721626,22.9051,87.8842,offices
721627,18.9443,88.0914,offices
721628,22.2092,88.1065,offices
721629,15.5934,88.0213,offices
721631,22.2092,88.2753,offices
721632,23.1444,87.9658,offices
721633,22.6606,88.0631,offices
721634,22.3623,87.7811,offices
721635,22.1138,88.1120,offices
721636,22.2931,87.9235,offices
721637,22.3020,87.9250,offices
721638,22.1130,87.7991,offices
721641,23.0254,87.8966,offices
721642,22.8722,88.7265,offices
721643,22.8213,88.0611,offices
721644,22.7639,88.1081,offices
721645,22.0838,88.0403,offices
721646,22.1594,88.3792,offices
721647,22.7639,88.1081,offices
721648,24.4536,87.9044,offices
721649,22.3578,88.1922,offices
721650,22.8722,88.0876,offices
721651,22.9221,87.9839,offices
721652,22.1454,87.9751,offices
721653,22.4409,87.3959,offices
721654,22.1303,88.0483,offices
721655,15.5934,87.9839,offices
721656,23.1832,87.9551,offices
721657,22.9221,87.9839,offices
721658,22.9221,87.9839,offices
721659,22.0670,87.8529,offices
722101,23.2169,87.0669,offices
722102,23.2607,87.0494,offices
722121,23.1544,86.9339,offices
722122,23.0797,87.3285,offices
722132,23.2842,86.9705,offices
722133,23.4167,87.1074,offices
722134,22.8000,86.9500,offices
722135,22.8667,86.7833,offices
722136,23.1632,86.9339,offices
722137,23.3085,86.9649,offices
722138,23.0472,87.4467,offices
722139,23.3085,86.9649,offices
722140,22.9276,86.8811,offices
722141,23.0128,87.5939,offices
722142,23.4264,87.2261,offices
722143,23.5513,87.1124,offices
722144,23.1449,87.2045,offices
722146,23.2372,87.0652,offices
722147,23.2322,87.2845,offices
722148,22.8332,86.7520,offices
722149,22.9532,87.2983,offices
722150,22.7672,87.0204,offices
722151,22.9222,87.0737,offices
722152,23.0513,87.1081,offices
722153,23.5855,86.9355,offices
722154,22.9812,86.7825,offices
722155,22.7428,87.0280,offices
722156,22.9875,87.1436,offices
722157,23.1669,87.3285,offices
722158,23.5227,86.9355,offices
722160,22.9222,87.0459,offices
722161,22.9333,87.5670,offices
722162,23.1309,87.1850,offices
722164,23.0797,87.3285,offices
722173,23.1632,86.9339,offices
722176,23.2583,87.1378,offices
722183,23.5192,87.3939,offices
722201,23.1499,87.6311,offices
722202,23.4264,87.2851,offices
722203,23.4264,87.2851,offices
722204,23.3937,87.3054,offices
722205,23.0797,87.1850,offices
722206,23.1906,87.5445,offices
722207,23.3054,87.4157,offices
722208,23.4264,87.3766,offices
723101,23.2029,86.2154,offices
723102,23.2590,86.4051,offices
723103,23.3848,86.2630,offices
723104,23.3433,86.5850,offices
723121,23.4876,86.7976,offices
723126,23.4514,86.4534,offices
723127,23.0411,86.4084,offices
723128,23.1467,86.4990,offices
723129,22.8768,86.5300,offices
723130,23.2991,86.7202,offices
723131,23.0224,86.6347,offices
723132,23.3841,86.6766,offices
723133,23.5474,86.6995,offices
723134,23.5913,86.6635,offices
723142,23.4619,86.6234,offices
723143,23.1007,86.1993,offices
723145,23.6007,86.5625,offices
723146,23.5757,86.4661,offices
723147,23.4150,86.3808,offices
723148,23.3370,86.5022,offices
723149,23.3764,86.3259,offices
723151,23.1828,86.6803,offices
723152,23.2075,86.0097,offices
723153,23.1852,86.2889,offices
723154,23.2806,86.2464,offices
723155,23.5202,86.4687,offices
723156,23.4532,86.6681,offices
723201,23.3945,86.1701,offices
723202,23.3657,85.9661,offices
723212,23.2292,85.9000,offices
723213,23.4486,86.0556,offices
723215,23.5075,86.0874,offices
731101,23.9113,87.5328,offices
731102,23.8445,87.5149,offices
731103,23.9350,87.5654,offices
731104,23.8346,87.4786,offices
731121,23.7732,87.5526,offices
731123,23.8141,87.3356,offices
731124,23.7275,87.4300,offices
731125,23.7846,87.2251,offices
731126,23.9219,87.4239,offices
731127,24.0142,87.5209,offices
731129,23.8519,87.6088,offices
731130,23.9635,87.3261,offices
731132,23.9977,87.6149,offices
731133,23.7593,87.3116,offices
731201,23.8300,87.6902,offices
731202,24.1790,87.8420,offices
731204,23.6730,87.7111,offices
731214,23.6610,87.5387,offices
731215,23.6039,87.9053,offices
731216,24.0645,87.7262,offices
731218,23.9668,87.8058,offices
731219,24.4493,87.8494,offices
731220,24.3073,87.8722,offices
731221,24.4429,87.9568,offices
731222,24.5451,87.8844,offices
731223,24.2269,87.7471,offices
731224,23.8160,87.9235,offices
731233,24.1140,87.7957,offices
731234,23.9263,87.6791,offices
731235,23.6862,87.6985,offices
731236,23.7109,87.6313,offices
731237,24.2645,87.9861,offices
731238,24.3755,87.8869,offices
731240,23.6258,87.8034,offices
731241,24.1906,87.9213,offices
731242,24.2453,87.8973,offices
731243,24.2584,87.7665,offices
731244,24.0893,87.8881,offices
731245,24.0386,87.8446,offices
731301,23.6867,87.8402,offices
731302,23.7652,87.8912,offices
731303,23.8178,87.8002,offices
731304,23.8309,87.8578,offices
732101,25.0078,88.1406,offices
732102,25.0112,88.1411,offices
732103,25.2886,88.3837,offices
732121,25.0112,88.1411,offices
732122,25.0112,88.1411,offices
732123,25.0112,88.1411,offices
732124,25.0112,88.1411,offices
732125,25.0112,88.1411,offices
732126,25.0112,88.1411,offices
732127,25.1627,88.3396,offices
732128,25.2886,88.3837,offices
732138,25.0112,88.1411,offices
732139,25.0112,88.1411,offices
732140,25.0112,88.1411,offices
732141,25.2256,88.3617,offices
732142,25.2886,88.3837,offices
732144,24.9996,88.1455,offices
732201,25.0112,88.1411,offices
732202,25.0778,88.1411,offices
732203,25.1627,88.3396,offices
732204,25.1151,88.0559,offices
732205,25.0112,88.1411,offices
732206,25.0112,88.1411,offices
732207,25.0112,88.1411,offices
732208,25.0112,88.1411,offices
732209,25.0112,88.1411,offices
732210,25.0112,88.1411,offices
732215,24.0005,87.0013,offices
732216,25.1627,88.3396,offices
733101,25.2301,88.7732,offices
733102,25.2200,88.7700,offices
733103,25.2500,88.7700,offices
733121,25.2200,88.7700,offices
733123,25.2200,88.7700,offices
733124,25.4200,88.5300,offices
733125,25.3800,88.2700,offices
733126,25.2200,88.7700,offices
733127,25.3000,88.5700,offices
733128,25.4500,88.1600,offices
733129,25.6700,88.3300,offices
733130,25.6000,88.1200,offices
733132,25.3600,88.5200,offices
733133,25.3200,88.7600,offices
733134,26.2303,88.7714,offices
733139,25.3644,88.6040,offices
733140,25.2200,88.7700,offices
733141,25.4200,88.7300,offices
733142,25.3600,88.5100,offices
733143,25.5200,88.1600,offices
733145,25.2600,88.8900,offices
733156,25.8700,87.8200,offices
733158,26.2600,88.1900,offices
733201,25.8900,87.8400,offices
733202,25.2500,88.7700,offices
733207,26.3100,88.2800,offices
733208,26.1400,88.0200,offices
733209,25.8700,87.8400,offices
733210,26.0160,88.1070,offices
733215,25.2200,88.7700,offices
734001,26.7166,88.4287,offices
734002,26.7097,88.4288,offices
734003,26.7467,88.4188,offices
734004,26.7006,88.4332,offices
734005,27.6957,82.8519,offices
734006,26.7188,88.4453,offices
734007,26.6886,88.4604,offices
734008,26.8672,88.4466,offices
734009,26.8032,88.4041,offices
734010,26.7166,88.3857,offices
734011,26.9703,88.2229,offices
734012,26.6863,88.3753,offices
734013,26.8727,88.3082,offices
734014,26.6753,88.3238,offices
734015,26.5435,88.7205,offices
734091,26.7300,88.4000,offices
734101,27.0536,88.2621,offices
734102,27.0328,88.2470,offices
734103,27.0222,88.2546,offices
734104,27.0551,88.2604,offices
734105,27.0589,88.2785,offices
734201,27.0694,88.1965,offices
734203,26.9572,88.2651,offices
734204,27.0360,88.2627,offices
734209,26.8821,88.2748,offices
734213,27.0360,88.2626,offices
734214,26.8821,88.2627,offices
734215,27.0360,88.2626,offices
734216,26.8821,88.2788,offices
734217,26.9747,88.4261,offices
734218,26.9995,88.4324,offices
734220,26.9377,88.2615,offices
734221,26.9879,88.2600,offices
734222,27.0520,88.4254,offices
734223,26.9144,88.2878,offices
734224,26.9365,88.3150,offices
734226,26.9511,88.2790,offices
734301,27.0593,88.4675,offices
734311,27.1168,88.5859,offices
734312,27.0700,88.4760,offices
734313,27.0600,88.4700,offices
734314,27.0530,88.5837,offices
734315,26.6265,88.5395,offices
734316,27.0666,88.4695,offices
734421,26.6835,88.3258,offices
734423,26.7474,88.2397,offices
734424,26.7344,88.2983,offices
734425,26.7084,88.4269,offices
734426,26.6110,88.3354,offices
734427,26.5632,88.1883,offices
734429,26.6831,88.2027,offices
734434,26.6799,88.3664,offices
734501,26.8800,88.5700,offices
734503,27.0400,88.8700,offices
735101,26.5300,88.7200,offices
735102,26.5300,88.6900,offices
735121,26.5500,88.6700,offices
735122,26.3400,88.7950,offices
735132,26.4150,88.7050,offices
735133,26.5650,88.5800,offices
735134,26.5600,88.5300,offices
735135,26.6300,88.5050,offices
735202,26.7900,89.0200,offices
735203,26.7500,89.0500,offices
735204,26.7050,89.1150,offices
735205,26.8900,88.9850,offices
735206,26.8500,88.8050,offices
735207,26.8700,89.0650,offices
735208,26.8001,89.4560,offices
735209,26.8500,88.6700,offices
735210,26.5700,89.0200,offices
735211,26.5300,89.2100,offices
735212,26.6850,89.0400,offices
735213,26.6850,89.1950,offices
735214,26.6700,89.3900,offices
735215,26.7228,89.3729,offices
735216,26.6000,89.1400,offices
735217,26.6500,89.4455,offices
735218,26.7100,88.6900,offices
735219,26.6800,88.8286,offices
735220,26.6900,89.2700,offices
735221,26.8693,88.7426,offices
735222,26.8700,88.6300,offices
735223,26.9350,88.8100,offices
735224,26.5600,88.8600,offices
735225,26.9250,88.9200,offices
735226,26.5384,88.9046,offices
735227,26.5384,88.9095,offices
735228,26.7600,89.2200,offices
735229,26.8450,88.6650,offices
735230,26.8000,88.7400,offices
735231,26.9600,88.7000,offices
735232,26.7600,89.0600,offices
735233,26.7000,88.9300,offices
735234,26.8100,88.6000,offices
735301,26.4500,88.9300,offices
735302,26.6000,88.7900,offices
735303,26.4550,89.0850,offices
735304,26.3250,88.9600,offices
735305,26.4800,88.8400,offices
736101,26.3237,89.4514,offices
736121,26.4750,89.4650,offices
736122,26.5100,89.4900,offices
736123,26.5200,89.5391,offices
736131,26.3300,89.7675,offices
736133,26.3987,89.5042,offices
736134,26.2000,89.5100,offices
736135,26.1299,89.4600,offices
736145,26.1750,89.3447,offices
736146,26.3402,89.1800,offices
736156,26.3400,89.5450,offices
736157,26.2600,89.2700,offices
736158,26.1350,89.2400,offices
736159,26.3000,89.6627,offices
736160,26.6600,88.4100,offices
736165,26.4000,89.3825,offices
736167,26.1400,89.3300,offices
736168,26.0863,89.5500,offices
736169,26.1295,89.5284,offices
736170,26.2550,89.4150,offices
736171,26.3750,89.2932,offices
736172,26.2500,89.1400,offices
736176,26.3216,89.4386,offices
736179,26.3508,89.4350,offices
736182,26.6918,89.0444,offices
736201,26.6750,89.7000,offices
736202,26.4705,89.7230,offices
736203,26.5400,89.8100,offices
736204,26.5200,89.3928,offices
736205,26.5384,88.9095,offices
736206,26.5200,89.6800,offices
736207,26.3250,88.7750,offices
736208,26.4900,89.6000,offices
736209,26.3875,89.5937,offices
737101,27.3311,88.6070,offices
737102,27.3400,88.5900,offices
737103,27.3550,88.6300,offices
737106,27.2250,88.6525,offices
737107,27.4050,88.5100,offices
737111,27.2800,88.2700,offices
737113,27.2950,88.1800,offices
737116,27.5100,88.5300,offices
737120,27.5300,88.5436,offices
737121,27.1450,88.1900,offices
737126,27.1600,88.3600,offices
737128,27.1050,88.4161,offices
737131,27.2300,88.7000,offices
737132,27.1750,88.5100,offices
737133,27.1900,88.6550,offices
737134,27.2540,88.4800,offices
737135,27.2800,88.5750,offices
737136,27.3398,88.6550,offices
737139,27.2750,88.4011,offices
741101,23.4007,88.4956,offices
741102,23.3600,88.5000,offices
741103,23.4100,88.5061,offices
741121,23.3159,88.5275,offices
741122,24.0200,88.6700,offices
741123,23.5400,88.5950,offices
741124,23.6200,88.5100,offices
741125,23.4600,88.4300,offices
741126,23.6200,88.4000,offices
741127,23.2600,88.5679,offices
741137,23.6650,88.2842,offices
741138,23.5500,88.3800,offices
741139,23.4821,88.4488,offices
741140,23.5200,88.4900,offices
741150,23.7200,88.2300,offices
741151,23.3737,88.5680,offices
741152,23.9450,88.6220,offices
741153,23.6300,88.2250,offices
741154,23.5300,88.4300,offices
741155,23.8100,88.4800,offices
741156,23.7850,88.3850,offices
741157,23.7667,88.2788,offices
741158,23.9800,88.7100,offices
741159,23.2593,88.5422,offices
741160,23.7450,88.5100,offices
741161,23.4300,88.5800,offices
741162,23.5600,88.3400,offices
741163,23.8250,88.5500,offices
741164,23.4800,88.5550,offices
741165,23.9000,88.5600,offices
741166,23.4499,88.5351,offices
741167,23.2278,87.9235,offices
741181,23.7283,88.3100,offices
741201,23.1773,88.5673,offices
741202,23.1826,88.5934,offices
741221,22.9456,88.5422,offices
741222,23.0479,88.5130,offices
741223,23.0699,88.6555,offices
741232,22.9757,88.4354,offices
741234,22.9576,88.4957,offices
741235,22.9745,88.4424,offices
741238,23.1294,88.6458,offices
741245,23.0089,88.4828,offices
741246,22.9681,88.5014,offices
741247,22.1297,88.5454,offices
741248,23.0345,88.5166,offices
741249,22.9598,88.5763,offices
741250,22.9421,88.4300,offices
741251,22.9989,88.4271,offices
741252,22.9447,88.5331,offices
741253,23.3848,88.6443,offices
741254,23.1962,88.0675,offices
741255,23.1554,88.5482,offices
741256,23.1056,88.6156,offices
741257,22.9496,88.6407,offices
741301,23.4029,88.3906,offices
741302,23.4062,88.3638,offices
741313,23.4450,88.3869,offices
741315,23.4112,88.4150,offices
741316,23.4300,88.3500,offices
741317,23.3400,88.4029,offices
741319,23.3669,88.3669,offices
741401,23.2528,88.4331,offices
741402,23.2354,88.5003,offices
741404,23.2627,88.4349,offices
741501,23.2426,88.6114,offices
741502,23.3349,88.6483,offices
741503,23.4800,88.7700,offices
741504,23.2584,88.6659,offices
741505,23.3612,88.6025,offices
741506,23.4171,88.6977,offices
741507,23.3945,88.7236,offices
741508,23.4600,88.6709,offices
741509,23.4069,88.6782,offices
742101,23.0004,88.0005,offices
742102,24.1047,88.2516,offices
742103,24.1047,88.2516,offices
742104,24.1047,88.2516,offices
742113,24.1923,88.2688,offices
742121,24.2692,88.0489,offices
742122,24.2273,88.2581,offices
742123,24.2400,88.2600,offices
742132,24.0596,87.8867,offices
742133,24.0232,87.9257,offices
742134,24.2925,88.0692,offices
742135,24.3321,88.0580,offices
742136,24.0589,88.1200,offices
742137,23.9572,88.0391,offices
742138,23.4606,88.2538,offices
742140,23.9287,87.6178,offices
742147,24.1500,87.9435,offices
742148,24.3584,88.0833,offices
742149,24.1528,88.1461,offices
742151,23.1589,88.0465,offices
742159,24.1523,87.9755,offices
742160,24.3642,88.2382,offices
742161,24.1251,87.9561,offices
742163,23.5221,88.3129,offices
742164,25.5272,88.4203,offices
742165,24.5272,87.9291,offices
742166,23.6798,88.1155,offices
742168,23.9875,87.9220,offices
742174,22.6209,87.9139,offices
742175,25.0597,87.9187,offices
742184,23.8093,88.0131,offices
742187,24.7341,87.9239,offices
742189,24.3535,87.8983,offices
742201,24.0811,87.9102,offices
742202,24.6313,87.9420,offices
742212,24.7843,87.8722,offices
742213,24.5643,88.0252,offices
742223,24.0750,88.0367,offices
742224,24.6278,87.9871,offices
742225,24.4656,88.0667,offices
742226,24.3144,87.9452,offices
742227,24.2505,87.9755,offices
742235,24.2744,87.8508,offices
742236,22.8668,88.6223,offices
742237,24.2214,87.7501,offices
742238,23.9542,88.0373,offices
742301,24.6125,87.8092,offices
742302,24.5109,87.9004,offices
742303,23.9387,87.6178,offices
742304,24.2045,88.1546,offices
742305,23.5965,88.2235,offices
742306,23.7144,88.5022,offices
742308,25.0226,87.9393,offices
742401,23.7708,88.1021,offices
742402,24.3087,88.2382,offices
742404,23.9685,87.8257,offices
742405,24.3965,87.9610,offices
742406,23.3102,87.2788,offices
742407,24.0930,88.2520,offices
742408,24.0930,88.2520,offices
742409,24.0930,88.2520,offices
742410,24.3500,87.9000,offices
743122,22.4600,88.2200,offices
743123,23.3750,88.4100,offices
743124,22.8200,88.3800,offices
743125,22.8600,88.3900,offices
743126,22.8600,88.4050,offices
743127,22.8250,88.3950,offices
743128,22.8500,88.3800,offices
743129,22.8600,88.4100,offices
743130,22.8800,88.4400,offices
743133,22.8200,88.3750,offices
743134,22.9400,88.4200,offices
743135,22.9200,88.4200,offices
743136,22.9300,88.4200,offices
743144,22.8000,88.3700,offices
743145,22.9400,88.4400,offices
743165,22.8900,88.4200,offices
743166,22.8900,88.4200,offices
743193,22.9300,88.4600,offices
743194,22.8600,88.3900,offices
743221,22.8454,88.5267,offices
743222,22.8406,88.5935,offices
743223,22.6630,88.8714,offices
743232,23.2060,88.9159,offices
743233,22.7381,88.7636,offices
743234,22.7900,88.5763,offices
743235,23.0487,88.8275,offices
743245,22.9558,88.8103,offices
743247,22.8430,88.8075,offices
743248,22.7627,88.5300,offices
743249,22.9336,88.7164,offices
743251,23.1489,88.8146,offices
743252,22.8761,88.7493,offices
743262,23.0527,88.7229,offices
743263,22.8503,88.6665,offices
743268,22.8378,88.6443,offices
743270,23.2022,88.8346,offices
743271,22.8154,88.6732,offices
743272,22.8574,88.6189,offices
743273,22.8815,88.8677,offices
743286,22.8257,88.8616,offices
743287,22.9266,88.7763,offices
743289,22.8535,88.7394,offices
743290,22.9850,88.6946,offices
743291,22.6256,88.8267,offices
743292,22.6835,88.9025,offices
743293,22.7123,88.7349,offices
743294,22.7376,88.5589,offices
743297,23.1842,88.7563,offices
743312,22.1560,88.7036,offices
743318,22.4060,88.1637,offices
743329,22.3044,88.6590,offices
743330,22.4250,88.5160,offices
743331,22.1963,88.1893,offices
743332,22.1540,88.2290,offices
743336,22.1080,88.3340,offices
743337,22.2028,88.4810,offices
743338,22.1490,88.4670,offices
743345,22.4530,88.7030,offices
743347,21.8730,88.2120,offices
743348,22.0269,88.2590,offices
743349,22.0310,88.4334,offices
743351,22.0940,88.2459,offices
743354,22.1140,88.3982,offices
743355,22.2411,88.3780,offices
743356,22.9133,88.1297,offices
743357,21.6736,88.2465,offices
743363,22.3830,88.5340,offices
743368,22.2330,88.1857,offices
743370,22.1413,88.8370,offices
743371,21.7499,88.3710,offices
743372,22.2465,88.4454,offices
743373,21.7220,88.1157,offices
743374,21.9620,88.2140,offices
743375,22.2570,88.2872,offices
743376,22.2880,88.5540,offices
743377,22.3675,88.2026,offices
743378,22.2216,88.8903,offices
743383,21.9590,88.4451,offices
743387,22.3252,88.4555,offices
743395,22.1440,88.3070,offices
743399,22.0000,88.2990,offices
743401,22.7492,88.7971,offices
743405,23.0371,88.8575,offices
743411,22.6621,88.8648,offices
743412,22.6617,88.8789,offices
743422,22.6288,88.8636,offices
743423,22.6873,88.6253,offices
743424,22.6779,88.6924,offices
743425,22.5976,88.6992,offices
743426,22.5235,88.9160,offices
743427,22.7375,88.8580,offices
743428,22.3869,88.4511,offices
743429,22.6172,88.9190,offices
743435,22.4464,88.9623,offices
743437,22.6897,88.7566,offices
743438,22.7954,88.7393,offices
743439,22.2612,88.9874,offices
743442,22.4381,88.8218,offices
743445,22.6297,88.7578,offices
743446,22.3122,88.8880,offices
743456,22.5451,88.8011,offices
743502,22.5097,88.6048,offices
743503,22.3580,88.2844,offices
743504,22.2980,88.1440,offices
743513,22.2980,88.2490,offices
743609,22.2620,88.3251,offices
743610,22.3243,88.3879,offices
743611,22.2368,88.7927,offices
743613,22.3781,88.3450,offices
743701,23.0351,88.7494,offices
743702,22.6376,88.5962,offices
743704,22.7991,88.6214,offices
743710,23.1269,88.7117,offices
743711,22.8775,88.5432,offices
744101,11.6658,92.7411,offices
744102,11.6658,92.7411,offices
744103,11.8106,92.7856,offices
744104,11.6658,92.7411,offices
744105,11.6658,92.7411,offices
744106,11.6658,92.7411,offices
744107,11.7000,92.7200,offices
744112,11.3700,92.4300,offices
744201,12.6154,92.9285,offices
744202,13.2454,92.9749,offices
744203,12.3677,92.9198,offices
744204,12.9418,92.8843,offices
744205,12.5056,92.9094,offices
744206,11.4400,92.4200,offices
744207,10.5914,92.5383,offices
744209,12.3807,92.8027,offices
744210,12.1659,92.7765,offices
744211,11.9052,92.9317,offices
744301,9.1751,92.8161,offices
744302,7.0064,93.9331,offices
744303,8.0969,93.5176,offices
744304,8.0009,93.3741,offices
751001,20.2710,85.8314,offices
751002,20.2234,85.8350,offices
751003,20.2803,85.7731,offices
751004,20.2997,85.8385,offices
751005,20.1867,85.6218,offices
751006,20.2592,85.8460,offices
751007,20.2908,85.8483,offices
751008,20.2702,85.8179,offices
751009,20.2554,85.8288,offices
751010,21.3025,85.8561,offices
751011,20.2858,85.8040,offices
751012,20.2773,85.8182,offices
751013,20.3000,85.8306,offices
751014,20.2529,85.8408,offices
751015,20.2923,85.8084,offices
751016,20.3289,85.8202,offices
751017,20.3198,85.8358,offices
751018,21.2492,85.8538,offices
751019,20.2330,85.7797,offices
751020,20.2381,85.8068,offices
751021,20.3342,85.8092,offices
751022,20.2929,85.8334,offices
751023,20.3184,85.8134,offices
751024,20.3789,85.8287,offices
751025,20.1867,85.6218,offices
751026,20.2797,85.8524,offices
751028,20.2386,85.7455,offices
751029,20.2908,85.7772,offices
751030,20.2625,85.7820,offices
751031,20.3550,85.8656,offices
751032,20.3465,85.8812,offices
751033,20.2766,85.7954,offices
751034,20.3025,85.8559,offices
751035,20.3234,85.8763,offices
752001,19.8034,85.8280,offices
752002,19.8125,85.8277,offices
752003,19.8129,85.8311,offices
752004,19.8829,85.9594,offices
752010,19.7117,85.5492,offices
752011,19.8392,85.6473,offices
752012,19.8961,85.8092,offices
752013,19.8363,85.7356,offices
752014,19.9456,85.8160,offices
752015,20.0677,85.7060,offices
752016,19.9960,85.7578,offices
752017,19.9760,85.6385,offices
752018,20.0550,85.5835,offices
752019,19.9839,85.5686,offices
752020,20.0489,85.5193,offices
752021,19.9572,85.4721,offices
752022,19.8919,85.4030,offices
752023,19.9212,85.3681,offices
752024,19.9423,85.4030,offices
752025,20.0238,85.3419,offices
752026,20.1040,85.3915,offices
752027,19.8630,85.3524,offices
752030,19.7592,85.2071,offices
752031,19.7899,85.1556,offices
752032,19.5925,85.2638,offices
752034,19.8255,85.2915,offices
752035,19.8500,85.1899,offices
752037,19.6863,85.1871,offices
752038,20.0839,85.4205,offices
752045,19.9637,85.9155,offices
752046,19.9818,85.8275,offices
752050,20.1595,85.7097,offices
752054,20.2479,85.7178,offices
752055,20.1867,85.6219,offices
752056,20.1572,85.5974,offices
752057,20.1999,85.5891,offices
752060,20.0951,85.6271,offices
752061,20.2482,85.4923,offices
752062,20.2037,85.4559,offices
752063,20.3017,85.3033,offices
752064,20.2067,85.3844,offices
752065,20.1558,85.3259,offices
752066,20.1892,85.2783,offices
752068,20.1664,85.1497,offices
752069,20.1292,85.0975,offices
752070,20.1045,85.1023,offices
752077,20.2756,85.1972,offices
752078,20.1272,85.1091,offices
752079,20.1002,85.1666,offices
752080,20.0285,85.0844,offices
752081,20.0179,84.9807,offices
752082,20.0813,84.9237,offices
752083,20.1272,85.1091,offices
752084,20.1272,85.1091,offices
752085,20.4028,85.0691,offices
752089,20.4008,84.5864,offices
752090,20.0183,84.9191,offices
752091,20.0275,85.4377,offices
752092,20.1167,85.1000,offices
752093,20.4006,84.9211,offices
752094,20.1664,84.9581,offices
752100,20.2039,85.9072,offices
752101,20.2993,85.8971,offices
752102,20.2039,85.9607,offices
752103,20.1736,86.0060,offices
752104,20.1153,85.8160,offices
752105,20.0217,85.8825,offices
752106,20.0600,86.0086,offices
752107,20.0181,86.1423,offices
752108,20.0054,86.1950,offices
752109,19.9716,86.2680,offices
752110,19.9518,86.0206,offices
752111,19.9059,86.0993,offices
752113,20.0622,86.0817,offices
752114,20.0945,85.9340,offices
752115,20.1649,85.6794,offices
752116,19.9550,86.0800,offices
752118,19.9513,86.1877,offices
752119,20.0147,86.2460,offices
752120,20.1357,86.0604,offices
752121,19.9866,85.9545,offices
753001,20.4709,85.8753,offices
753002,20.4668,85.8582,offices
753003,20.4657,85.8965,offices
753004,20.4573,85.9090,offices
753006,20.4498,85.9325,offices
753007,20.4718,85.8764,offices
753008,20.4793,85.8589,offices
753009,20.4596,85.8723,offices
753010,20.4438,85.9010,offices
753011,20.4129,85.8965,offices
753012,20.4490,85.8902,offices
753013,20.4519,85.9009,offices
753014,20.4802,85.8357,offices
753015,20.4782,85.8196,offices
753016,20.4501,85.8939,offices
754001,20.3398,85.9256,offices
754002,20.2790,85.9684,offices
754003,20.3288,85.9869,offices
754004,20.1283,86.0886,offices
754005,20.4255,85.8338,offices
754006,20.4456,85.7623,offices
754007,20.3862,85.6083,offices
754008,20.3529,85.5245,offices
754009,20.3230,85.4027,offices
754010,20.2323,86.0149,offices
754011,20.2127,86.0152,offices
754012,20.3384,85.7421,offices
754013,20.4419,85.7539,offices
754018,20.2756,86.0284,offices
754021,20.4955,85.9184,offices
754022,20.5846,85.9522,offices
754023,20.6123,86.0680,offices
754024,20.6634,86.0882,offices
754025,20.5362,85.9580,offices
754026,20.4662,85.8586,offices
754027,20.5037,85.8037,offices
754028,20.5700,85.8792,offices
754029,20.5171,85.6257,offices
754030,20.4476,85.5155,offices
754031,20.4011,85.3103,offices
754032,20.5015,85.0430,offices
754034,20.4220,85.4090,offices
754035,20.4415,85.4592,offices
754037,20.4330,85.1859,offices
754071,20.4662,85.8586,offices
754082,20.6826,86.0138,offices
754100,20.4135,85.9872,offices
754102,20.3038,86.0913,offices
754103,20.2529,86.1772,offices
754104,20.2850,86.2374,offices
754105,20.2322,86.0589,offices
754106,20.2245,86.2406,offices
754107,20.1473,86.2065,offices
754108,20.1627,86.2730,offices
754109,20.1535,86.1675,offices
754110,20.1302,86.3824,offices
754111,20.3334,86.0431,offices
754112,20.4109,85.9403,offices
754113,20.0790,86.1936,offices
754114,20.2709,86.1214,offices
754119,20.0631,86.3278,offices
754120,20.2529,86.1772,offices
754130,20.3859,86.0665,offices
754131,20.4263,86.1005,offices
754132,20.3013,86.1772,offices
754133,20.3473,86.2315,offices
754134,20.3931,86.2839,offices
754135,22.3020,75.8203,offices
754136,20.2761,86.2885,offices
754137,20.3301,86.3257,offices
754138,20.2142,86.3476,offices
754139,20.2063,86.4315,offices
754140,20.2815,86.4377,offices
754141,20.3124,86.5393,offices
754142,20.3208,86.6590,offices
754145,20.2689,86.6492,offices
754153,20.3877,86.3672,offices
754160,20.3054,86.3808,offices
754162,20.3497,86.3859,offices
754200,20.4955,86.0300,offices
754201,20.5418,86.0853,offices
754202,20.4887,86.1196,offices
754203,20.4526,86.1389,offices
754204,20.6075,86.1777,offices
754205,20.6101,86.2445,offices
754206,20.5604,86.2281,offices
754207,20.5144,86.2231,offices
754208,20.5110,86.3141,offices
754209,20.4605,86.2533,offices
754210,20.4538,86.3229,offices
754211,20.5175,86.3876,offices
754212,20.4729,86.4917,offices
754213,20.4185,86.5058,offices
754214,20.6208,86.3656,offices
754215,20.5911,86.5621,offices
754216,20.5093,86.5602,offices
754217,20.5616,86.6527,offices
754218,20.6238,86.5279,offices
754219,20.6656,86.6566,offices
754220,20.7159,86.7148,offices
754221,20.5341,86.1610,offices
754222,20.5816,86.4692,offices
754223,20.4736,86.3630,offices
754224,20.4202,86.6157,offices
754225,20.6006,86.7935,offices
754227,20.7308,86.6477,offices
754228,20.4097,86.4078,offices
754231,20.6522,86.6864,offices
754239,20.6765,86.5857,offices
754240,20.5000,86.4166,offices
754244,20.4418,86.4388,offices
754245,20.4871,86.6477,offices
754246,20.6204,86.6968,offices
754248,20.7481,86.8741,offices
754250,20.5269,86.3858,offices
754253,20.2423,85.1701,offices
754289,20.5505,86.2959,offices
754290,20.6845,86.2968,offices
754292,20.6485,86.2925,offices
754293,20.4298,86.1754,offices
754294,20.2253,86.1761,offices
754295,20.4995,85.6608,offices
754296,20.6613,86.1445,offices
754297,20.5455,85.7323,offices
754298,20.3830,86.1480,offices
754299,20.4535,85.5637,offices
755001,20.8523,86.3261,offices
755003,20.6868,86.3503,offices
755004,20.7147,86.4336,offices
755005,20.7251,86.2557,offices
755006,20.8268,86.4486,offices
755007,20.8546,86.3124,offices
755008,20.7665,86.1900,offices
755009,20.8042,86.2278,offices
755010,20.6585,86.3766,offices
755011,20.8060,86.5442,offices
755012,20.7017,86.4530,offices
755013,20.7669,86.4852,offices
755014,20.8201,86.4173,offices
755015,20.8849,86.1369,offices
755016,20.7206,86.5546,offices
755017,20.7725,86.3054,offices
755018,20.9654,85.9153,offices
755019,21.0314,86.1194,offices
755020,20.8523,86.3293,offices
755022,21.0085,86.1743,offices
755023,20.8505,86.0476,offices
755024,20.7425,86.1283,offices
755025,20.9995,86.2266,offices
755026,20.9734,86.0194,offices
755027,20.7485,86.3693,offices
755028,21.0480,85.7500,offices
755036,20.8590,86.5305,offices
755043,20.8613,86.2453,offices
755044,20.7144,86.0691,offices
755049,20.6774,86.2075,offices
755050,20.7758,86.1553,offices
755051,20.8443,86.1710,offices
755061,20.6600,86.4795,offices
755062,20.8058,86.3572,offices
755063,20.6050,86.0840,offices
756001,21.4980,86.9264,offices
756002,21.4775,86.9517,offices
756003,21.5134,86.9365,offices
756019,21.5297,86.8709,offices
756020,21.5692,86.7660,offices
756021,21.3993,86.9074,offices
756022,21.6823,87.1308,offices
756023,21.6704,87.2279,offices
756024,21.5849,87.1920,offices
756025,21.4620,86.9938,offices
756026,21.6664,87.2809,offices
756027,21.5313,86.9964,offices
756028,21.6270,87.0266,offices
756029,21.6462,87.0768,offices
756030,21.7452,87.1387,offices
756032,21.7973,87.2272,offices
756033,21.8964,87.1808,offices
756034,21.7483,87.2985,offices
756035,21.7356,87.3830,offices
756036,21.6699,87.4113,offices
756037,21.6100,87.4103,offices
756038,21.6594,87.3540,offices
756039,21.6506,87.4374,offices
756040,21.4656,86.7591,offices
756041,21.4963,86.7077,offices
756042,21.3285,86.7491,offices
756043,21.3880,86.7990,offices
756044,21.2872,86.8472,offices
756045,21.2957,86.6670,offices
756046,21.2086,86.7809,offices
756047,21.2756,86.5760,offices
756048,21.2999,86.4602,offices
756049,21.3172,86.5206,offices
756050,21.2834,86.5381,offices
756051,21.2537,86.8337,offices
756055,21.2289,86.6863,offices
756056,21.4581,86.8912,offices
756058,21.5165,86.6251,offices
756059,21.3008,86.4337,offices
756060,21.4187,86.8539,offices
756079,21.6914,87.3246,offices
756080,21.6240,87.1423,offices
756081,21.6688,87.1729,offices
756083,21.5853,87.2790,offices
756084,21.7965,87.2857,offices
756085,21.6329,87.4354,offices
756086,21.7669,87.2194,offices
756087,21.8193,87.2219,offices
756088,21.7269,87.2360,offices
756089,21.5744,86.8211,offices
756100,21.0629,86.4998,offices
756101,21.0981,86.5045,offices
756111,21.1330,86.5468,offices
756112,20.9987,86.4183,offices
756113,21.1176,86.4333,offices
756114,21.1070,86.3473,offices
756115,21.2164,86.4206,offices
756116,20.9866,86.5272,offices
756117,20.8864,86.4444,offices
756118,20.9212,86.5065,offices
756119,20.8850,86.5626,offices
756120,20.9213,86.3696,offices
756121,21.0357,86.2979,offices
756122,20.9136,86.3074,offices
756123,21.0593,86.6132,offices
756124,21.0714,86.6786,offices
756125,21.1236,86.7708,offices
756126,21.2008,86.6018,offices
756127,21.0232,86.5891,offices
756128,21.0218,86.5391,offices
756129,20.9262,86.8027,offices
756130,20.9864,86.6603,offices
756131,20.9419,86.7229,offices
756132,20.8663,86.7908,offices
756133,20.7842,86.7486,offices
756134,21.1931,86.4939,offices
756135,21.1300,86.3955,offices
756137,20.9421,86.5112,offices
756138,20.8203,86.6534,offices
756139,20.9357,86.6244,offices
756144,21.1429,86.2916,offices
756162,21.1712,86.7718,offices
756163,20.9824,86.5840,offices
756164,20.9521,86.8610,offices
756165,21.1052,86.6972,offices
756166,21.1159,86.6134,offices
756167,21.0105,86.6304,offices
756168,21.1568,86.6979,offices
756171,20.8448,86.9260,offices
756181,21.0440,86.4843,offices
756182,21.2274,86.4931,offices
757001,21.9336,86.7266,offices
757002,21.9381,86.7261,offices
757003,21.9414,86.7402,offices
757014,22.0765,86.7682,offices
757016,21.7725,87.0459,offices
757017,21.6475,86.8281,offices
757018,21.8422,86.9172,offices
757019,21.6959,86.6210,offices
757020,21.8019,87.0026,offices
757021,22.0554,86.8323,offices
757022,22.0178,86.9753,offices
757023,21.9277,86.9096,offices
757024,21.8617,86.6830,offices
757025,21.7195,86.8175,offices
757026,21.7131,86.7475,offices
757027,21.6289,86.7354,offices
757028,21.6402,86.9378,offices
757029,21.8295,86.8114,offices
757030,22.0650,86.6466,offices
757031,22.2609,86.1732,offices
757032,22.1502,86.5434,offices
757033,21.9381,86.7261,offices
757034,21.9696,86.0756,offices
757035,21.9582,85.8601,offices
757036,21.8457,86.0159,offices
757037,21.7752,85.9716,offices
757038,21.5179,86.1556,offices
757039,21.9266,85.8652,offices
757040,21.5057,86.5265,offices
757041,21.6017,86.5557,offices
757042,22.3354,86.2729,offices
757043,22.2623,86.1736,offices
757045,21.9381,86.7261,offices
757046,22.1919,86.1104,offices
757047,22.0940,86.1163,offices
757048,22.2142,86.2876,offices
757049,21.9427,86.6292,offices
757050,22.1886,86.1499,offices
757051,22.2513,86.6018,offices
757052,21.6927,86.9475,offices
757053,22.4501,86.0642,offices
757054,22.3339,86.0927,offices
757055,21.7993,87.1452,offices
757056,21.7021,86.9991,offices
757073,21.8546,87.0572,offices
757074,21.7625,86.6019,offices
757075,21.7924,86.6715,offices
757077,21.5659,86.4781,offices
757079,21.4436,86.3408,offices
757081,22.1259,86.6715,offices
757082,21.6023,86.9292,offices
757083,21.6301,86.7807,offices
757084,21.9703,86.9363,offices
757085,21.6054,86.6665,offices
757086,22.2500,86.4839,offices
757087,21.6536,86.5644,offices
757091,21.9786,86.0055,offices
757092,22.5353,86.0383,offices
757093,21.9381,86.7261,offices
757100,21.7549,86.8876,offices
757101,21.5767,86.6105,offices
757102,21.6433,86.7053,offices
757103,21.8035,86.7200,offices
757104,21.7347,86.5637,offices
757105,21.9987,86.6920,offices
757106,21.4390,86.4760,offices
757107,21.9670,86.8220,offices
758001,21.6360,85.6084,offices
758002,21.6500,85.6311,offices
758013,21.7045,85.5951,offices
758014,21.6131,85.6683,offices
758015,21.2587,86.0715,offices
758016,21.7069,85.9192,offices
758017,21.6982,85.7968,offices
758018,21.5131,85.4942,offices
758019,21.3569,85.4008,offices
758020,21.1706,86.1365,offices
758021,21.2333,86.1399,offices
758022,21.1317,86.2033,offices
758023,21.2232,86.2995,offices
758025,21.1632,86.0241,offices
758026,21.1105,85.8401,offices
758027,21.4155,85.8787,offices
758028,21.3188,85.7470,offices
758029,21.5382,85.8248,offices
758030,21.6015,85.8767,offices
758031,21.8357,85.5494,offices
758032,21.8558,85.7043,offices
758034,21.9769,85.4210,offices
758035,22.0683,85.3874,offices
758036,21.8450,85.5705,offices
758037,22.1045,85.3320,offices
758038,22.0570,85.4742,offices
758040,22.0655,85.2840,offices
758041,22.0425,85.6234,offices
758043,21.1001,86.1173,offices
758044,21.9353,85.7196,offices
758045,21.7526,85.8543,offices
758046,21.8103,85.7816,offices
758047,21.9864,85.5679,offices
758076,21.2038,85.4869,offices
758078,21.2421,86.3259,offices
758079,21.4286,85.6289,offices
758080,21.2578,85.8787,offices
758081,21.6103,86.0339,offices
758082,21.1658,85.9296,offices
758083,21.1461,86.2482,offices
758084,21.4344,85.3259,offices
758085,21.6760,85.3397,offices
758086,21.8954,85.3952,offices
758087,21.4970,85.6961,offices
759001,20.6472,85.5993,offices
759013,20.6973,85.5954,offices
759014,20.7868,85.7063,offices
759015,20.5757,85.5038,offices
759016,20.7897,85.8536,offices
759017,20.9079,85.8221,offices
759018,20.9352,85.5449,offices
759019,20.7828,85.4047,offices
759020,20.6932,85.3050,offices
759021,20.6369,85.3416,offices
759022,20.6962,85.1684,offices
759023,20.8567,85.6763,offices
759024,20.9375,85.7467,offices
759025,20.6907,85.5014,offices
759026,20.7941,85.5281,offices
759027,20.5971,85.6447,offices
759028,21.0798,85.5632,offices
759029,21.0918,85.3525,offices
759037,20.8406,85.0966,offices
759039,20.9549,85.6564,offices
759040,20.8406,85.0966,offices
759100,21.0169,85.1891,offices
759101,20.8997,85.2165,offices
759102,20.8062,84.4580,offices
759103,20.9171,85.1319,offices
759105,21.2391,85.0418,offices
759106,20.9074,85.1713,offices
759107,20.9571,85.2223,offices
759111,20.8406,85.0966,offices
759116,20.9262,85.1528,offices
759117,21.0916,85.0533,offices
759118,21.2460,85.2178,offices
759119,21.4391,85.1945,offices
759120,20.9135,85.3252,offices
759121,20.7879,85.2769,offices
759122,20.8424,85.0940,offices
759123,20.8784,85.1215,offices
759124,21.0525,84.8686,offices
759125,20.7751,84.6329,offices
759126,20.9520,84.4832,offices
759127,20.8958,84.7925,offices
759128,20.8062,85.2031,offices
759129,20.7383,85.0731,offices
759130,21.0666,84.9526,offices
759132,20.7868,85.0067,offices
759141,21.1034,84.7990,offices
759143,20.8551,85.0468,offices
759145,20.8437,85.1506,offices
759146,21.0080,85.2619,offices
759147,21.0213,85.1544,offices
759148,20.8406,85.0966,offices
759149,20.8785,84.8822,offices
759150,21.0047,85.0207,offices
759151,21.1633,85.1480,offices
760001,19.3116,84.7941,offices
760002,19.3148,84.7808,offices
760003,19.2418,84.7940,offices
760004,19.3074,84.8075,offices
760005,19.3010,84.7980,offices
760006,19.3203,84.7732,offices
760007,19.3203,84.8686,offices
760008,19.3017,84.8118,offices
760009,19.3144,84.7755,offices
760010,19.3005,84.8279,offices
760011,19.8657,84.6498,offices
761001,19.3492,84.8043,offices
761002,19.2745,84.8993,offices
761003,19.4329,84.8701,offices
761004,19.1319,84.5706,offices
761005,19.0731,84.5024,offices
761006,19.0679,84.6063,offices
761007,19.3390,84.5646,offices
761008,19.2277,84.7591,offices
761009,19.1400,84.7316,offices
761010,19.1787,84.6140,offices
761011,19.2259,84.4926,offices
761012,19.3966,84.5764,offices
761013,19.4487,84.6085,offices
761014,19.4264,84.4782,offices
761015,19.4563,84.3050,offices
761016,19.0998,84.2642,offices
761017,19.2967,84.2503,offices
761018,19.5207,84.8959,offices
761019,19.5040,84.9675,offices
761020,19.3601,84.9875,offices
761025,19.3799,85.0494,offices
761026,19.4047,84.9905,offices
761027,19.4543,85.0749,offices
761028,19.5209,85.0902,offices
761029,19.6631,85.1259,offices
761030,19.6090,85.0558,offices
761031,19.6345,85.0032,offices
761032,19.6286,84.9416,offices
761035,19.7351,85.0409,offices
761037,19.1813,84.5550,offices
761041,19.5793,84.8629,offices
761042,19.2823,84.5530,offices
761043,19.5058,84.8231,offices
761045,19.3249,84.9386,offices
761052,19.2483,84.8647,offices
761054,19.3940,84.6749,offices
761055,19.3612,84.4536,offices
761100,19.3902,84.7509,offices
761101,19.4365,84.7536,offices
761102,19.4786,84.7678,offices
761103,19.5278,84.7256,offices
761104,19.5794,84.7366,offices
761105,19.7092,84.8321,offices
761106,19.5251,84.6045,offices
761107,19.6659,84.5418,offices
761108,19.7622,84.4353,offices
761109,19.6483,84.4095,offices
761110,19.6137,84.6556,offices
761111,19.6019,84.6688,offices
761114,19.6396,84.6005,offices
761115,19.6378,84.6378,offices
761116,19.7038,84.7011,offices
761117,19.7367,84.7170,offices
761118,19.8123,84.7847,offices
761119,19.8831,84.6504,offices
761120,19.8933,84.7134,offices
761121,19.9724,84.7999,offices
761122,19.7298,84.6497,offices
761123,19.7881,84.6083,offices
761124,19.8350,84.6011,offices
761125,19.9377,84.5202,offices
761126,19.9472,84.5792,offices
761131,19.9894,84.6257,offices
761132,20.0148,84.5044,offices
761133,19.9143,84.5675,offices
761140,19.9239,84.6035,offices
761141,20.1387,84.5767,offices
761143,19.8984,84.8861,offices
761144,19.4636,84.6575,offices
761146,19.4869,84.6914,offices
761151,19.9175,84.3899,offices
761200,18.7783,84.0883,offices
761201,18.8038,84.0768,offices
761206,18.9105,83.8740,offices
761207,18.9677,84.0223,offices
761208,18.8287,83.9478,offices
761209,19.1744,84.4471,offices
761210,18.8138,84.2081,offices
761211,18.8389,84.1675,offices
761212,18.9842,84.2178,offices
761213,18.9771,84.1405,offices
761214,19.1089,84.1070,offices
761215,18.8352,84.2692,offices
761217,19.4814,84.1097,offices
762001,20.4783,84.2330,offices
762002,20.4900,84.1938,offices
762010,20.2438,84.3465,offices
762011,20.3309,84.0684,offices
762012,20.4408,84.4094,offices
762013,20.6250,84.4229,offices
762014,20.8380,84.2330,offices
762015,20.8040,84.0632,offices
762016,20.8247,83.9137,offices
762017,20.6441,83.7397,offices
762018,20.5477,83.6678,offices
762019,20.2989,84.2581,offices
762020,20.6210,84.6019,offices
762021,19.6926,84.0954,offices
762022,20.1658,84.4117,offices
762023,20.5850,84.4215,offices
762024,20.7293,84.3579,offices
762026,20.7818,84.2333,offices
762027,20.3710,84.3618,offices
762028,20.2812,84.4799,offices
762029,20.3883,84.2610,offices
762030,20.6867,84.2331,district
762100,20.0928,84.3435,offices
762101,20.0494,84.2352,offices
762102,20.0998,84.0363,offices
762103,20.0522,83.9373,offices
762104,19.9059,84.1291,offices
762105,19.8256,83.8909,offices
762106,20.2234,84.1290,offices
762107,19.9809,83.6637,offices
762109,20.0731,83.8121,offices
762110,20.2882,83.8151,offices
762112,20.1588,84.2817,offices
763001,18.7495,82.8359,offices
763002,18.7262,82.8209,offices
763003,18.7409,82.8372,offices
763004,18.7487,82.8064,offices
763008,18.7627,82.9278,offices
764001,18.8631,82.5687,offices
764002,18.8583,82.5594,offices
764003,18.8525,82.5766,offices
764004,18.8734,82.5685,offices
764005,18.8583,82.5594,offices
764006,19.6697,83.0900,offices
764011,18.8021,82.6036,offices
764014,18.8799,83.1675,offices
764020,18.8180,82.7050,offices
764021,18.8136,82.7279,offices
764027,18.9354,83.2747,offices
764028,19.0608,82.9182,offices
764036,18.6867,82.8626,offices
764037,18.5478,82.6922,offices
764038,18.3936,82.6821,offices
764039,18.4953,82.8953,offices
764040,18.4589,82.2234,offices
764041,18.5810,82.6088,offices
764042,18.7527,82.4344,offices
764043,18.7527,82.4344,offices
764044,18.2300,82.0580,offices
764045,18.7296,82.4176,offices
764046,18.8631,82.5667,offices
764047,18.2300,82.0580,offices
764048,18.7526,82.4344,offices
764049,19.3422,82.6687,offices
764051,18.2244,82.0598,offices
764052,19.6654,84.0000,offices
764055,18.9473,82.5497,offices
764056,19.0450,82.5507,offices
764057,19.1193,82.6670,offices
764058,19.1215,82.3224,offices
764059,19.2743,82.5472,offices
764061,19.2609,82.2382,offices
764062,19.0906,83.7860,offices
764063,19.2024,82.5607,offices
764070,19.2819,82.7528,offices
764071,19.4053,82.5384,offices
764072,19.5114,82.3487,offices
764073,19.6709,82.1780,offices
764074,19.9056,82.0787,offices
764075,19.3721,82.3099,offices
764076,19.6838,82.3695,offices
764077,19.8452,82.4678,offices
764078,19.2003,82.6615,offices
764081,18.5986,82.6009,offices
764085,19.2680,82.8256,offices
764086,18.2380,81.8033,offices
764087,17.9813,81.5808,offices
764088,19.9665,81.9307,offices
765001,19.6654,83.1582,offices
765002,19.0214,83.3737,offices
765010,19.2512,83.4564,offices
765011,19.6157,83.8845,offices
765013,18.9871,83.1129,offices
765015,19.3016,82.8066,offices
765016,19.5049,83.3044,offices
765017,19.2648,83.4211,offices
765018,19.2874,83.4382,offices
765019,19.5821,83.4795,offices
765020,19.5794,83.7446,offices
765021,19.8368,83.4538,offices
765022,19.0455,83.8805,offices
765023,19.0940,83.7230,offices
765024,19.3029,83.7735,offices
765025,19.2379,83.8404,offices
765026,19.4843,83.6874,offices
765029,19.2447,83.6415,offices
765033,19.1878,83.9470,offices
765034,18.9380,83.7569,offices
766001,19.9090,83.1702,offices
766002,19.9241,83.1812,offices
766003,19.9230,83.0593,offices
766011,20.0639,83.1607,offices
766012,20.1977,83.2720,offices
766013,19.6148,82.8770,offices
766014,19.8607,82.9388,offices
766015,19.8420,82.7727,offices
766016,20.0526,82.8114,offices
766017,19.7058,82.7972,offices
766018,19.5115,82.7839,offices
766019,19.6641,82.6981,offices
766020,19.8240,83.4286,offices
766023,19.7875,82.8682,offices
766026,19.3467,82.8600,offices
766027,19.7098,83.3638,offices
766028,19.5920,82.6376,offices
766029,19.9398,82.8451,offices
766031,20.3972,83.4543,offices
766032,20.3554,83.4582,offices
766036,20.1760,82.9885,offices
766037,19.5832,83.0011,offices
766100,20.0579,83.3824,offices
766101,20.1443,83.3457,offices
766102,20.2726,83.5125,offices
766103,19.7727,82.6763,offices
766104,20.9094,82.5880,offices
766105,20.7530,82.5744,offices
766106,20.5485,82.6650,offices
766107,20.3045,82.7632,offices
766108,20.0978,82.5970,offices
766110,20.0436,83.3739,offices
766111,20.3841,82.6277,offices
766118,20.1966,82.6910,offices
767001,20.7074,83.4873,offices
767002,20.6942,83.5522,offices
767016,20.7257,83.6722,offices
767017,20.8596,83.8315,offices
767018,20.9145,84.0511,offices
767019,21.0148,83.7980,offices
767020,20.8598,83.5158,offices
767021,20.9312,83.5386,offices
767022,21.0226,83.3906,offices
767023,21.0335,83.5626,offices
767024,20.7068,83.3315,offices
767025,20.7491,83.1307,offices
767026,20.5523,83.0057,offices
767027,20.7346,82.9728,offices
767028,20.7833,82.8802,offices
767029,20.5687,83.3635,offices
767030,20.4609,83.4725,offices
767032,20.4321,83.3331,offices
767033,20.2864,83.1777,offices
767035,20.2100,82.9137,offices
767037,20.3911,83.0611,offices
767038,20.5993,82.7797,offices
767039,20.4569,82.9226,offices
767040,20.3276,82.8748,offices
767041,20.7267,83.1769,offices
767042,20.3459,83.1526,offices
767045,21.1105,83.6710,offices
767046,20.4384,83.5793,offices
767048,20.6875,83.2372,offices
767060,20.4894,82.8119,offices
767061,20.9681,83.4209,offices
767062,20.9593,83.8952,offices
767065,20.7810,83.4268,offices
767066,20.2352,83.1080,offices
767067,20.5384,83.5035,offices
767068,20.9225,83.6601,offices
767070,20.4019,83.3000,offices
767071,20.7997,83.5357,offices
768001,21.4683,83.9769,offices
768002,21.4735,83.9677,offices
768003,21.4788,83.9564,offices
768004,21.4865,83.9826,offices
768005,21.4304,84.0260,offices
768006,21.5017,83.9440,offices
768007,21.4669,83.9812,offices
768016,21.5787,83.9813,offices
768017,21.4791,83.9396,offices
768018,21.5086,83.9003,offices
768019,21.4749,83.8818,offices
768020,21.4922,83.9072,offices
768024,21.4211,83.8972,offices
768025,21.3626,83.9082,offices
768027,21.7975,83.5916,offices
768028,21.3343,83.6192,offices
768029,22.0311,83.7754,offices
768030,21.4642,83.5354,offices
768031,21.5788,83.4757,offices
768032,21.1880,83.4608,offices
768033,21.3001,83.4032,offices
768034,21.1827,83.2935,offices
768035,21.0897,83.2521,offices
768036,21.0001,83.0462,offices
768037,20.9302,83.3375,offices
768038,21.3640,83.6192,offices
768039,20.9422,82.8122,offices
768040,21.3507,83.6192,offices
768042,21.0908,82.8001,offices
768045,21.5863,83.4212,offices
768048,21.1218,83.3723,offices
768049,21.0030,83.1987,offices
768050,20.8454,82.7309,offices
768052,21.6398,83.5207,offices
768053,21.3690,83.7757,offices
768102,21.3081,83.8605,offices
768103,21.2646,83.7621,offices
768104,21.1959,83.7446,offices
768105,21.2262,84.0910,offices
768106,21.0750,84.3926,offices
768107,21.5784,84.3850,offices
768108,21.5382,84.8024,offices
768109,21.2985,84.7514,offices
768110,21.5460,84.9794,offices
768111,21.3828,83.8466,offices
768112,21.4459,84.1488,offices
768113,21.3156,83.9698,offices
768115,21.1567,83.8251,offices
768118,21.4594,83.9747,offices
768119,21.5333,84.6604,offices
768121,21.4768,84.5274,offices
768200,21.5386,84.0827,offices
768201,21.8565,84.0134,offices
768202,21.8641,84.0290,offices
768203,21.8565,84.0134,offices
768204,21.9175,84.0327,offices
768210,21.7249,84.0128,offices
768211,21.7418,83.9200,offices
768212,21.6566,84.0466,offices
768213,21.8369,84.2306,offices
768214,21.6844,84.2191,offices
768215,21.9087,84.2551,offices
768216,21.8550,83.9198,offices
768217,21.7933,83.8517,offices
768218,21.8056,83.8638,offices
768219,21.7635,83.7229,offices
768220,21.8871,84.1481,offices
768221,22.0524,84.2815,offices
768222,21.7489,84.3464,offices
768224,22.1157,84.4566,offices
768225,21.7919,83.9164,offices
768226,21.7794,83.5577,offices
768227,21.7558,84.5238,offices
768228,21.9169,84.4408,offices
768233,21.8300,83.9100,offices
768234,21.6869,83.8092,offices
769001,22.2248,84.8630,offices
769002,22.2456,84.8694,offices
769003,22.2631,84.8508,offices
769004,22.2295,84.7977,offices
769005,22.2576,84.8671,offices
769006,22.2492,84.8831,offices
769007,22.1978,84.8651,offices
769008,22.2481,84.8962,offices
769009,22.2621,84.8273,offices
769010,22.2337,84.8867,offices
769011,22.2204,84.8650,offices
769012,22.2277,84.8383,offices
769013,22.2298,84.8570,offices
769014,22.2564,84.8902,offices
769015,22.2416,84.8104,offices
769016,22.1864,84.8747,offices
769017,22.2466,84.8733,offices
769042,22.2796,84.9086,offices
769043,22.1791,84.8571,offices
770001,22.1203,84.0394,offices
770002,22.1493,83.9866,offices
770011,22.0851,83.9287,offices
770012,22.1740,83.7833,offices
770013,21.9708,83.6780,offices
770014,22.3012,84.1059,offices
770015,22.3152,83.9653,offices
770016,22.1894,84.2695,offices
770017,22.1543,84.5833,offices
770018,22.2690,84.4055,offices
770019,21.9675,84.0375,offices
770020,22.1779,84.0357,offices
770021,22.0441,83.8684,offices
770022,22.0332,84.2165,offices
770023,22.2615,84.5148,offices
770024,22.0494,83.6409,offices
770025,21.9656,83.9137,offices
770031,22.2319,84.7364,offices
770032,22.2299,84.9189,offices
770033,22.3871,84.6116,offices
770034,22.2379,84.6777,offices
770035,22.3987,84.9726,offices
770036,22.2763,85.0056,offices
770037,22.0652,84.8874,offices
770038,21.8188,84.9341,offices
770039,22.3174,84.7557,offices
770040,21.9373,84.9992,offices
770041,21.8662,85.1130,offices
770042,21.8722,85.1689,offices
770043,21.8498,84.7109,offices
770044,21.7218,85.0119,offices
770046,22.4039,84.8593,offices
770048,21.8737,85.2420,offices
770051,21.7189,84.8766,offices
770052,21.9694,85.2193,offices
770070,22.2132,84.5009,offices
770072,21.9966,83.9237,offices
770073,22.0740,84.0536,offices
770074,22.4467,84.0939,offices
770075,21.8567,83.6792,offices
770076,22.0457,83.7529,offices
781001,26.1888,91.7456,offices
781002,26.1887,91.7457,offices
781003,26.1851,91.7649,offices
781004,26.1953,91.7647,offices
781005,26.1506,91.7848,offices
781006,26.1888,91.7456,offices
781007,26.1732,91.7640,offices
781008,26.1767,91.7503,offices
781009,26.1718,91.7327,offices
781010,26.1606,91.7095,offices
781011,26.1888,91.7456,offices
781012,26.1638,91.6904,offices
781013,26.1425,91.6650,offices
781014,26.1552,91.6647,offices
781015,26.1053,91.5922,offices
781016,26.1633,91.7466,offices
781017,26.1370,91.6270,offices
781018,26.1475,91.7431,offices
781019,26.1409,91.7628,offices
781020,26.1521,91.7484,district
781021,26.1839,91.7869,offices
781022,26.1213,91.8218,offices
781023,26.0802,91.5596,offices
781024,26.1678,91.7790,offices
781025,26.1508,91.7327,offices
781026,26.1805,91.8251,offices
781027,26.1532,91.8533,offices
781028,26.1178,91.7970,offices
781029,26.1124,91.7984,offices
781030,26.2098,91.7420,offices
781031,26.1858,91.6873,offices
781032,26.1597,91.7678,offices
781033,26.0998,91.8764,offices
781034,26.1418,91.7423,offices
781035,26.1161,91.7083,offices
781036,26.1510,91.7984,offices
781037,26.1338,91.8250,offices
781038,26.1291,91.7871,offices
781039,26.1803,91.6816,offices
781040,26.1204,91.7508,offices
781041,19.2016,77.3955,district
781101,26.2628,91.6959,offices
781102,26.2488,91.5241,offices
781103,26.1746,91.3401,offices
781104,26.1455,91.3418,offices
781120,26.0802,91.5596,offices
781121,26.2036,91.4716,offices
781122,26.1007,91.5052,offices
781123,25.9735,91.2290,offices
781124,26.0500,91.3929,offices
781125,26.0900,91.5400,offices
781126,26.1627,91.2114,offices
781127,25.2627,92.1817,offices
781128,26.0901,91.3101,offices
781129,26.0678,91.3928,offices
781131,26.1888,91.7456,offices
781132,26.1888,91.7456,offices
781133,26.1534,91.6452,offices
781134,26.0736,91.4286,offices
781135,25.5638,91.0924,offices
781136,26.2302,91.7102,offices
781137,26.1135,91.3433,offices
781138,26.1804,91.0839,offices
781141,26.1888,91.7456,offices
781150,26.2023,91.8179,offices
781171,26.1672,91.8311,offices
781301,26.3235,91.0103,offices
781302,26.2571,91.1310,offices
781303,26.2349,91.2118,offices
781304,26.2326,91.2033,offices
781305,26.2795,91.1563,offices
781306,26.2419,91.2001,offices
781307,26.3699,91.2239,offices
781308,26.3171,91.0051,offices
781309,26.3002,91.0726,offices
781310,26.2053,91.2020,offices
781311,26.3291,91.0102,offices
781312,26.4448,91.4380,offices
781313,26.2856,90.5742,offices
781314,26.3291,91.0102,offices
781315,26.3291,91.0102,offices
781316,26.4285,90.9694,offices
781317,26.4920,90.8862,offices
781318,26.2953,91.0432,offices
781319,26.2131,90.5215,offices
781320,26.2953,91.0432,offices
781321,26.2730,90.5113,offices
781325,26.4999,91.1787,offices
781326,26.3024,91.1412,offices
781327,26.4154,91.1148,offices
781328,26.3637,91.1032,offices
781329,26.2942,91.1126,offices
781330,26.3291,91.0102,offices
781333,26.2809,91.2549,offices
781334,26.4448,91.4380,offices
781335,26.2644,91.2596,offices
781337,26.2618,91.4642,offices
781338,26.2243,91.1746,offices
781339,26.2059,91.2845,offices
781340,26.2637,91.2630,offices
781341,26.2135,91.2642,offices
781343,26.2809,91.2542,offices
781344,26.3420,91.2947,offices
781346,26.3129,91.2106,offices
781347,26.2241,91.2821,offices
781348,26.2202,91.2636,offices
781349,26.3322,91.2846,offices
781350,26.1230,94.1230,offices
781351,26.2701,91.2020,offices
781352,26.3291,91.0102,offices
781353,26.2734,91.1927,offices
781354,26.1888,91.7456,offices
781355,26.2638,91.2638,offices
781360,26.2648,91.2646,offices
781364,26.5841,91.7309,offices
781365,26.4417,91.6104,offices
781366,26.3159,91.4345,offices
781367,26.6067,91.5815,offices
781368,26.4306,91.4452,offices
781369,26.2707,91.3135,offices
781370,26.2701,91.2020,offices
781371,26.4749,91.2691,offices
781372,26.3126,91.2113,offices
781373,26.3136,91.2353,offices
781374,26.4198,91.2554,offices
781375,26.4448,91.4380,offices
781376,24.1819,92.4039,offices
781377,26.4448,91.4380,offices
781378,26.2625,91.1711,offices
781380,26.3457,91.6898,offices
781381,26.3461,91.7283,offices
781382,26.4223,91.7313,offices
782001,26.3487,92.7005,offices
782002,26.3517,92.6783,offices
782003,26.3503,92.6922,offices
782101,24.1617,92.1392,offices
782102,26.3503,92.6912,offices
782103,26.2280,92.5202,offices
782104,26.2521,92.3423,offices
782105,26.2529,92.3357,offices
782106,26.2521,92.3423,offices
782120,26.3503,92.6922,offices
782121,26.3503,92.6922,offices
782122,26.3503,92.6922,offices
782123,26.4665,92.4740,offices
782124,26.4132,92.7427,offices
782125,26.4481,92.6597,offices
782126,26.4535,92.4245,offices
782127,26.4187,92.3425,offices
782128,26.3487,92.7005,offices
782135,26.3307,92.8605,offices
782136,26.6358,92.9843,offices
782137,26.3338,92.5633,offices
782138,26.3503,92.6922,offices
782139,26.3503,92.6922,offices
782140,26.4159,92.8397,offices
782141,26.3735,92.7940,offices
782142,26.3029,92.6259,offices
782143,26.3618,92.5545,offices
782144,26.2628,92.6418,offices
782401,26.1401,91.5625,offices
782402,26.0723,91.5813,offices
782403,26.1888,91.7456,offices
782410,26.1238,92.1986,offices
782411,26.3503,92.6922,offices
782412,26.1903,92.3739,offices
782413,26.3503,92.6922,offices
782425,26.1214,92.3057,offices
782426,26.1579,92.6593,offices
782427,26.1835,92.7362,offices
782428,26.1069,92.7456,offices
782429,26.3503,92.6922,offices
782435,26.3487,92.7005,offices
782436,26.0100,92.8646,offices
782439,26.3503,92.6922,offices
782440,26.1166,92.8666,offices
782441,26.2092,93.0527,offices
782442,26.3503,92.7961,offices
782445,26.0685,92.9001,offices
782446,26.3487,92.7005,offices
782447,26.3487,92.7005,offices
782448,25.8524,92.8568,offices
782450,25.8071,92.4658,offices
782460,25.8394,93.4377,offices
782461,25.8394,93.4377,offices
782462,25.8394,93.4377,offices
782470,25.3219,92.1619,offices
782480,26.0243,93.7721,offices
782481,25.8415,93.4246,offices
782482,25.8415,93.4246,offices
782485,25.2532,92.4632,offices
782486,25.6792,93.3800,offices
782490,26.1777,93.6625,offices
783101,26.1459,90.6154,offices
783120,26.0505,90.3310,offices
783122,25.5555,90.4622,offices
783123,25.5746,91.0017,offices
783124,25.5429,90.4626,offices
783125,26.0540,90.4759,offices
783126,26.0276,90.5002,offices
783127,25.8599,89.8999,offices
783128,26.0187,89.9943,offices
783129,26.0347,90.3083,offices
783130,25.5807,90.5607,offices
783131,25.5332,89.8601,offices
783132,26.0037,90.0850,offices
783133,26.0426,90.3827,offices
783134,26.0187,89.9943,offices
783135,25.6953,89.8982,offices
783136,25.4314,89.5418,offices
783301,26.2608,90.0505,offices
783323,26.0207,89.9744,offices
783324,26.0233,89.9127,offices
783325,26.0345,89.9656,offices
783330,26.0157,90.1247,offices
783331,26.1078,89.9463,offices
783332,26.4037,90.2722,offices
783333,26.3758,89.8815,offices
783334,26.1456,89.8600,offices
783335,26.2373,89.7815,offices
783336,26.4460,90.0992,offices
783337,26.3529,90.0899,offices
783339,26.1075,90.0496,offices
783345,26.3026,90.2081,offices
783346,26.5530,90.2491,offices
783347,26.4716,90.1601,offices
783348,26.2464,90.2425,offices
783349,26.2047,90.0955,offices
783350,26.6141,90.0065,offices
783354,26.4066,90.2016,offices
783360,26.4518,90.0200,offices
783361,26.4939,89.8850,offices
783369,26.4255,90.3503,offices
783370,26.4545,90.2644,offices
783371,26.1610,90.4196,offices
783372,26.4667,90.3995,offices
783373,26.5360,90.3905,offices
783375,26.7465,90.4368,offices
783376,26.3387,90.3917,offices
783380,26.4859,90.5425,offices
783381,26.4808,90.5082,offices
783382,26.1354,90.3413,offices
783383,26.2618,90.3413,offices
783384,26.3369,90.6641,offices
783385,26.5086,90.5259,offices
783386,26.5223,90.5002,offices
783388,26.0359,90.5157,offices
783389,25.2236,91.3110,offices
783390,26.4970,90.7260,offices
783391,26.5836,90.7718,offices
783392,26.4303,90.8211,offices
783393,26.6420,90.5754,offices
783394,26.5866,90.5022,offices
784001,26.6511,92.7729,offices
784010,26.6208,92.7990,offices
784025,26.6952,92.8542,offices
784026,26.7275,92.8067,offices
784027,26.7110,92.9009,offices
784028,26.6967,92.8343,offices
784101,26.8273,92.7835,offices
784102,26.8998,92.7994,offices
784103,26.7429,92.7914,offices
784104,26.7120,92.7704,offices
784105,26.7567,92.7769,offices
784110,26.8303,92.4901,offices
784111,26.7046,92.7658,offices
784112,26.6840,92.4371,offices
784113,26.4331,92.0988,offices
784114,26.5647,92.4764,offices
784115,26.5370,92.2024,offices
784116,26.6352,92.6480,offices
784117,26.6743,92.3700,offices
784125,26.4348,92.0297,offices
784144,26.4528,91.8818,offices
784145,26.4010,91.8953,offices
784146,26.4780,92.0837,offices
784147,26.6051,92.4132,offices
784148,26.4695,91.8440,offices
784149,26.6574,92.5785,offices
784150,26.6762,92.6916,offices
784153,26.7110,92.9009,offices
784154,26.6475,92.7767,offices
784160,27.1200,93.9300,offices
784161,27.0100,93.9200,offices
784163,27.0700,93.8400,offices
784164,27.2300,94.0900,offices
784165,26.9100,93.7900,offices
784166,26.6208,92.7990,offices
784167,26.7770,93.2782,offices
784168,26.8580,93.6633,offices
784169,26.7110,92.9009,offices
784170,26.6543,92.8012,offices
784171,26.8535,93.4797,offices
784172,26.8269,93.5180,offices
784173,26.7051,92.9486,offices
784174,26.8383,93.1404,offices
784175,26.7362,92.9591,offices
784176,26.7109,93.1723,offices
784177,26.6224,93.1357,offices
784178,26.8498,92.5679,offices
784179,26.8661,93.4090,offices
784180,26.7371,92.9301,offices
784182,26.8758,92.9667,offices
784184,26.5872,92.8526,offices
784189,26.6208,92.7990,offices
784190,26.5489,92.0727,offices
784501,26.7298,92.6739,offices
784502,26.7455,92.7375,offices
784504,26.9026,92.9566,offices
784505,26.8214,92.6825,offices
784506,26.8144,92.5941,offices
784507,26.7698,92.2716,offices
784508,26.7699,92.2982,offices
784509,26.7460,92.1053,offices
784510,26.7043,91.9882,offices
784513,26.4740,91.9785,offices
784514,26.5944,91.9882,offices
784521,26.6677,91.9367,offices
784522,26.6025,91.8175,offices
784523,26.3745,92.1048,offices
784524,26.7410,92.6377,offices
784525,26.5680,91.9759,offices
784526,26.7611,91.8573,offices
784527,26.7243,91.7561,offices
784528,26.7110,92.9009,offices
784529,26.4842,92.0333,offices
785001,26.7560,94.2094,offices
785004,26.6294,93.4028,offices
785006,26.7397,94.1582,offices
785007,26.4444,94.1502,offices
785008,26.7249,94.2292,offices
785009,26.4242,94.1212,offices
785010,26.4842,94.1037,offices
785013,26.7283,94.1948,offices
785014,26.6361,93.6711,offices
785015,26.4610,94.1230,offices
785101,26.4830,94.1426,offices
785102,26.7560,94.2094,offices
785104,26.9837,94.1563,offices
785105,26.7560,94.2094,offices
785106,26.9446,94.1637,offices
785107,26.4822,94.2141,offices
785108,26.4924,94.0959,offices
785110,26.7560,94.2094,offices
785111,26.5020,94.1444,offices
785112,26.4947,94.2422,offices
785601,26.1978,93.8607,offices
785602,26.2813,93.8840,offices
785603,26.1114,92.1426,offices
785609,26.5355,94.3209,offices
785610,26.2739,94.0120,offices
785611,26.4008,93.4834,offices
785612,26.6407,93.6009,offices
785613,26.5833,93.8000,offices
785614,26.7093,93.9751,offices
785615,26.7172,93.7111,offices
785616,24.1518,92.1817,offices
785618,26.3418,94.0720,offices
785619,26.5123,93.9717,offices
785621,26.5123,93.9717,offices
785622,26.3608,93.5906,offices
785625,26.5298,94.0531,offices
785626,26.5089,93.9695,offices
785630,26.6004,94.2015,offices
785631,26.2652,94.0758,offices
785632,26.3530,94.1140,offices
785633,24.1911,92.1413,offices
785634,26.7580,94.2101,offices
785635,26.7080,94.3965,offices
785636,26.7317,94.4677,offices
785640,26.9887,94.6319,offices
785661,24.5816,92.1615,offices
785662,27.1267,94.7400,offices
785663,25.1518,92.5816,offices
785664,26.5628,94.3211,offices
785665,26.5791,94.3708,offices
785666,26.5903,94.3740,offices
785667,26.1230,94.1230,offices
785669,27.1521,94.2143,offices
785670,27.1520,94.8810,offices
785671,23.5718,92.2614,offices
785672,27.2389,94.6762,offices
785673,23.4219,92.1615,offices
785674,23.4956,92.1416,offices
785675,27.2700,94.8900,offices
785676,27.2700,94.8900,offices
785680,26.8118,94.5207,offices
785681,24.1815,92.1691,offices
785682,26.5314,94.2801,offices
785683,26.5046,94.2934,offices
785684,26.5909,94.3752,offices
785685,26.9887,94.6319,offices
785686,26.9225,94.7548,offices
785687,26.8472,94.8027,offices
785688,24.1319,92.5624,offices
785689,23.1345,92.4516,offices
785690,26.9887,94.6319,offices
785691,26.1234,91.1234,offices
785692,27.0639,95.0941,offices
785693,27.0857,95.1701,offices
785696,23.5716,92.3419,offices
785697,26.9837,94.6501,offices
785698,24.3712,94.1215,offices
785699,26.5928,93.7498,offices
785700,26.4744,94.1914,offices
785701,26.5933,93.3713,offices
785702,26.5001,93.9724,offices
785703,26.5123,93.9717,offices
785704,27.0053,94.5125,offices
785705,26.2229,94.0332,offices
786001,27.4600,95.1416,offices
786002,27.4832,94.9416,offices
786003,27.4700,94.9100,offices
786004,27.4400,94.8900,offices
786006,27.2937,94.5735,offices
786007,27.1000,95.2200,offices
786008,27.4700,94.8900,offices
786010,27.4500,95.0000,offices
786012,27.4800,95.0200,offices
786101,27.4500,95.0800,offices
786102,27.2751,95.0717,offices
786103,27.3800,95.1700,offices
786125,27.2940,95.3468,offices
786126,27.4005,95.2651,offices
786145,27.2800,95.1900,offices
786146,26.3400,94.0700,offices
786147,27.5600,95.3200,offices
786148,27.4548,95.3484,offices
786150,27.5327,95.4938,offices
786151,27.3300,95.3300,offices
786152,27.6300,95.6500,offices
786153,27.3538,95.3338,offices
786154,27.2900,92.4200,offices
786155,27.5001,95.3947,offices
786156,27.4800,95.3500,offices
786157,27.9100,95.7600,offices
786158,27.9900,95.7900,offices
786159,27.5611,95.5609,offices
786160,27.5500,95.6900,offices
786170,27.4800,95.4300,offices
786171,27.3900,95.6300,offices
786173,26.4445,94.1510,offices
786174,27.3900,95.6300,offices
786179,27.1922,95.5625,offices
786181,27.2900,95.6600,offices
786182,27.2800,95.6800,offices
786183,27.4900,95.2500,offices
786184,27.4700,95.1700,offices
786187,27.3100,95.6400,offices
786188,27.3800,95.8900,offices
786189,27.3900,95.6200,offices
786190,27.4414,95.2750,offices
786191,27.3400,95.3500,offices
786192,27.3824,95.2629,offices
786601,27.3900,95.2900,offices
786602,27.3500,95.3200,offices
786610,27.2800,95.2400,offices
786611,27.1800,95.1100,offices
786612,27.2200,95.1700,offices
786613,27.2400,94.9800,offices
786614,27.2800,95.2400,offices
786621,27.1800,95.3400,offices
786622,27.2827,94.5612,offices
786623,27.1947,95.3586,offices
786692,27.3660,95.3119,offices
787001,27.2376,94.1075,offices
787023,27.1600,94.0100,offices
787026,27.4200,94.4300,offices
787031,27.2300,94.0900,offices
787032,27.4500,95.0100,offices
787033,27.4800,95.0100,offices
787034,27.4300,94.3100,offices
787035,27.5300,94.2700,offices
787051,27.2800,94.0900,offices
787052,27.1400,94.1100,offices
787053,27.3000,94.4100,offices
787054,27.2300,94.0900,offices
787055,27.3100,94.4500,offices
787056,27.4600,94.2300,offices
787057,27.6000,94.7600,offices
787058,27.4100,94.5500,offices
787059,27.5900,94.7200,offices
787060,27.8300,95.2200,offices
787061,27.7100,94.8800,offices
787110,27.5200,94.6700,offices
788001,24.8236,92.8018,offices
788002,24.8400,92.8100,offices
788003,24.8378,92.7500,offices
788004,24.8122,92.8014,offices
788005,24.6100,92.6000,offices
788006,24.8008,92.8009,offices
788007,24.8236,92.8018,offices
788009,24.8300,92.8100,offices
788010,24.8236,92.7900,offices
788011,24.6900,92.7500,offices
788013,24.7300,92.8900,offices
788014,24.8236,92.8018,offices
788015,24.8518,92.5609,offices
788025,24.8700,92.7700,offices
788026,24.8300,92.7300,offices
788030,24.8800,92.8800,offices
788031,24.8800,92.8800,offices
788098,24.8300,93.0200,offices
788099,24.6400,92.9600,offices
788101,24.8800,92.5500,offices
788102,24.8120,93.0200,offices
788103,24.8236,92.8018,offices
788104,24.9980,92.9267,offices
788106,24.7068,92.8209,offices
788107,24.5444,92.7300,offices
788108,24.5400,92.7789,offices
788109,24.8236,92.8018,offices
788110,24.8120,92.9710,offices
788111,24.8774,92.4815,offices
788112,24.7508,92.7959,offices
788113,24.6500,92.6900,offices
788114,24.5900,92.8400,offices
788115,24.6900,92.8400,offices
788116,24.6500,92.8900,offices
788117,24.6800,92.7300,offices
788118,24.8236,92.8018,offices
788119,24.7300,92.8900,offices
788120,24.6800,92.8200,offices
788121,24.6500,92.6900,offices
788123,24.9600,92.6200,offices
788126,24.7800,92.4513,offices
788127,24.7524,92.9294,offices
788150,24.7600,92.5900,offices
788151,24.6779,92.5548,offices
788152,24.0800,92.1500,offices
788155,24.6800,92.5600,offices
788156,24.6400,92.4800,offices
788160,24.5500,92.5900,offices
788161,24.4500,92.5500,offices
788162,24.5500,92.5900,offices
788163,24.5600,92.6400,offices
788164,24.6500,92.5700,offices
788165,24.4000,92.5600,offices
788166,24.2015,92.1245,offices
788168,24.6100,92.6100,offices
788701,24.5500,92.8200,offices
788709,24.8700,92.3500,offices
788710,24.8676,92.3604,offices
788711,26.4800,83.6600,offices
788712,24.8700,92.3500,offices
788713,24.8700,92.3500,offices
788719,24.7200,92.3500,offices
788720,24.7900,92.4100,offices
788722,24.7500,92.3500,offices
788723,24.6800,92.3400,offices
788724,24.6100,92.3200,offices
788725,24.9400,92.7300,offices
788726,24.4800,92.3200,offices
788727,24.8676,92.3604,offices
788728,24.4100,92.3000,offices
788733,24.6036,92.3870,offices
788734,24.5488,92.4277,offices
788735,24.8100,92.7700,offices
788736,24.5000,92.4300,offices
788737,24.7500,92.3400,offices
788738,24.5000,92.4300,offices
788781,24.8200,92.2900,offices
788801,28.6100,80.0800,offices
788802,24.8600,92.5900,offices
788803,24.8700,92.5300,offices
788804,24.8900,92.5400,offices
788805,24.8800,92.5700,offices
788806,24.8700,92.5600,offices
788815,24.9700,92.5800,offices
788816,25.0000,92.4600,offices
788817,24.4400,92.2900,offices
788818,25.1710,93.0500,offices
788819,24.5731,92.8412,offices
788820,24.5899,92.8430,offices
788830,25.1800,93.1100,offices
788831,25.3000,93.1300,offices
788832,24.5950,92.6900,offices
788931,24.9800,92.8331,offices
790001,27.3097,92.4127,offices
790002,27.0347,92.2018,offices
790003,27.1952,92.3990,offices
790101,27.3539,92.2849,offices
790102,27.2776,93.1545,offices
790103,27.0752,93.1530,offices
790104,27.3626,91.5311,offices
790105,27.6061,92.0227,offices
790106,27.3229,91.4290,offices
790114,27.0494,92.3983,offices
790116,27.1822,92.4294,offices
791001,28.1549,94.4200,offices
791002,28.3683,95.1388,offices
791003,28.3430,94.2117,offices
791004,28.5413,95.2940,offices
791101,28.0153,94.5743,offices
791102,27.9634,95.2718,offices
791103,28.2245,94.5441,offices
791104,28.1198,95.4810,offices
791105,28.5533,95.1121,offices
791109,27.1303,93.7411,offices
791110,27.1177,93.7187,offices
791111,27.0990,93.6263,offices
791112,27.1525,93.3148,offices
791113,27.2242,93.2653,offices
791114,27.1356,93.2231,offices
791118,27.5050,93.3493,offices
791119,27.2715,93.3639,offices
791120,27.4844,93.5627,offices
791121,27.1323,93.6039,offices
791122,28.2028,94.1953,offices
791123,26.9602,93.4680,offices
791125,27.4183,94.3644,offices
791701,23.7323,92.7190,district
792001,27.5387,96.1834,offices
792055,27.2461,96.9360,offices
792056,27.5116,95.9320,offices
792101,28.3289,95.3700,offices
792102,27.8112,96.0996,offices
792103,27.5525,96.0029,offices
792104,27.5580,96.4735,offices
792105,27.5806,95.8463,offices
792110,28.3528,95.5030,offices
792111,27.5117,95.5636,offices
792120,27.1116,95.4817,offices
792121,27.1377,95.7397,offices
792122,27.4896,96.1093,offices
792123,27.1934,96.2089,offices
792124,27.4156,95.9989,offices
792129,27.1694,95.5098,offices
792130,26.9905,95.4755,offices
792131,26.8216,95.3279,offices
793001,25.5763,91.8890,offices
793002,25.5776,91.8787,offices
793003,25.5724,91.8994,offices
793004,25.5643,91.8729,offices
793005,25.5739,91.8849,offices
793006,25.5699,91.9143,offices
793007,25.5604,91.9179,offices
793008,25.5739,91.8849,offices
793009,25.5739,91.8849,offices
793010,25.5739,91.8849,offices
793011,25.5755,91.9030,offices
793012,25.5739,91.8849,offices
793014,25.5739,91.8849,offices
793015,25.3756,92.0630,offices
793016,25.5739,91.8849,offices
793017,25.5739,91.8849,offices
793018,25.5739,91.8849,offices
793019,25.5739,91.8849,offices
793021,25.5739,91.8849,offices
793022,25.5739,91.8849,offices
793101,25.8680,91.5975,offices
793102,25.9053,91.9068,offices
793103,26.4601,96.2321,offices
793104,25.6370,91.8874,offices
793105,25.7954,92.1143,offices
793106,25.2399,91.0046,offices
793107,25.5739,91.8849,offices
793108,25.3000,91.7000,offices
793109,25.1992,92.0264,offices
793110,25.2074,91.8605,offices
793111,25.5739,91.8849,district
793112,25.4124,91.7785,offices
793113,25.3781,91.7464,offices
793114,25.3748,91.4423,offices
793115,25.4857,91.5100,offices
793116,25.7519,92.1212,offices
793119,25.6543,91.2827,offices
793120,25.7203,91.5770,offices
793121,25.5739,91.8849,offices
793122,26.0365,92.0838,offices
793123,26.0365,92.0838,offices
793126,25.6012,91.0049,offices
793150,25.5419,92.3854,offices
793151,25.6045,92.3657,offices
793160,25.2395,92.2995,offices
793161,25.2303,92.1156,offices
793200,25.2810,92.5033,offices
793210,25.1829,92.4776,offices
794001,25.5125,90.2206,offices
794002,25.6212,90.3371,offices
794003,25.6821,90.2379,offices
794004,25.8064,90.4927,offices
794005,25.4029,90.2206,offices
794101,25.5784,90.1948,offices
794102,25.2856,90.6897,offices
794103,25.2735,90.3109,offices
794104,25.8487,90.1706,offices
794105,25.5910,90.1244,offices
794106,25.3592,89.9355,offices
794107,25.4330,90.7845,offices
794108,25.8518,90.6963,offices
794109,25.8857,90.3538,offices
794110,25.7052,90.7109,offices
794111,25.5644,90.5896,offices
794112,25.8748,90.9533,offices
794113,25.7894,90.4361,offices
794114,25.1926,90.9081,offices
794115,25.4125,90.0096,offices
794116,25.7307,89.8969,offices
795001,24.8020,93.9405,offices
795002,24.8796,93.8984,offices
795003,24.7519,93.9063,offices
795004,24.8100,93.9132,offices
795005,24.7959,93.9700,offices
795006,24.2670,93.2832,offices
795007,25.3517,94.1078,offices
795008,24.7680,93.9625,offices
795009,24.7030,93.9045,offices
795010,24.8351,94.0452,offices
795011,24.5432,93.7611,offices
795015,25.4035,94.2195,offices
795101,24.2973,93.8748,offices
795102,24.1119,93.9333,offices
795103,24.5010,93.9076,offices
795104,25.4692,94.2584,offices
795105,25.3349,94.2243,offices
795106,25.2553,94.0650,offices
795107,25.0059,93.9037,offices
795112,25.1656,93.8118,offices
795113,24.7681,93.8959,offices
795114,24.9039,94.0202,offices
795115,24.7958,93.1282,offices
795116,24.6507,93.1253,offices
795117,24.3292,93.7519,offices
795118,25.0546,94.0608,offices
795121,24.2566,93.1089,offices
795122,25.1072,93.9290,offices
795124,24.5841,93.6669,offices
795125,25.1278,93.7104,offices
795126,24.6380,93.7061,offices
795127,24.2654,94.0629,offices
795128,24.3820,93.5907,offices
795129,25.2237,93.9631,offices
795130,24.7048,93.9481,offices
795131,24.2777,94.0257,offices
795132,24.6036,93.8934,offices
795133,24.4566,93.7466,offices
795134,24.7094,93.8218,offices
795135,24.4529,94.1459,offices
795136,24.9409,93.8972,offices
795138,24.6501,93.9984,offices
795139,24.1470,93.4575,offices
795140,24.7622,93.9041,offices
795141,24.9659,93.4832,offices
795142,25.1228,94.3946,offices
795143,24.2454,93.1949,offices
795144,25.2453,94.2761,offices
795145,24.8610,94.4048,offices
795146,24.8473,93.8123,offices
795147,24.6763,93.3462,offices
795148,24.5800,94.0129,offices
795149,24.6831,94.0684,offices
795150,25.5152,94.1555,offices
795159,24.8544,93.5623,offices
795160,25.0150,93.3762,offices
796001,23.7258,92.7190,offices
796004,23.7258,92.7190,offices
796005,23.6956,92.7190,offices
796006,23.7323,92.7190,district
796007,23.7388,92.7220,offices
796008,23.7258,92.7190,offices
796009,23.7404,92.6952,offices
796012,23.7258,92.7190,offices
796014,23.7258,92.7190,offices
796015,23.8311,92.7343,offices
796017,23.8191,92.8636,offices
796070,24.0637,92.7563,offices
796081,24.1663,92.5410,offices
796091,24.3543,92.6859,offices
796101,24.4067,92.7819,offices
796111,24.2246,92.9422,offices
796161,23.5283,92.8561,offices
796181,23.3361,92.9100,offices
796184,23.1603,93.0154,offices
796186,23.2177,92.7662,offices
796190,23.4700,92.7367,offices
796246,23.7323,92.7190,district
796261,23.7649,92.9980,offices
796290,23.9236,93.2178,offices
796291,23.9599,93.2919,offices
796310,23.4465,93.1471,offices
796320,23.1942,93.2667,offices
796321,23.4424,93.3330,offices
796370,23.2151,93.1070,offices
796410,23.7873,92.5585,offices
796421,23.7939,92.6502,offices
796431,23.6220,92.4454,offices
796441,23.9162,92.4534,offices
796470,24.1383,92.3784,offices
796501,23.6242,92.5995,offices
796571,22.9033,92.9421,offices
796691,22.9343,92.7619,offices
796701,22.8505,92.7422,offices
796710,23.2648,92.4757,offices
796751,22.9144,92.4849,offices
796770,22.5904,92.6208,offices
796891,22.3927,92.7779,offices
796901,22.3621,93.0245,offices
797001,25.6708,94.1076,offices
797002,25.6708,94.0221,offices
797003,25.7039,94.1403,offices
797004,25.7246,94.1076,offices
797006,25.5752,94.1390,offices
797099,26.2850,94.2282,offices
797101,25.3291,93.6081,offices
797103,25.8054,93.7543,offices
797104,25.7178,94.3630,offices
797105,25.8347,94.1189,offices
797106,25.7121,93.8435,offices
797107,25.5795,94.3358,offices
797108,25.6659,94.4616,offices
797109,25.9212,94.2298,offices
797110,25.5985,93.6577,offices
797111,26.1046,94.2447,offices
797112,25.8983,93.7426,offices
797113,25.8988,93.6940,offices
797114,25.6662,94.7168,offices
797115,25.8651,93.7602,offices
797116,25.8680,93.7539,offices
797117,25.8632,93.7543,offices
797118,25.8691,93.7160,offices
797120,25.6587,94.0874,offices
797121,25.6708,94.1076,offices
798601,26.3269,94.5100,offices
798602,26.8602,95.1129,offices
798603,26.4912,94.9639,offices
798604,26.5004,94.4578,offices
798607,26.2675,94.4052,offices
798611,25.8936,94.8449,offices
798612,26.2388,94.8569,offices
798613,26.4466,94.6028,offices
798614,26.4287,94.6167,offices
798615,26.4045,94.5435,offices
798616,26.2274,94.6791,offices
798617,12.1668,77.1066,offices
798618,26.6513,94.6446,offices
798620,26.0243,94.5604,offices
798621,26.7028,95.0238,offices
798622,26.7259,94.7601,offices
798623,26.6718,94.6090,offices
798625,26.4904,94.8072,offices
798626,26.2013,95.0189,offices
798627,26.1630,94.5254,offices
798628,26.1057,94.7979,offices
799001,23.8298,91.2788,offices
799002,23.8298,91.2788,offices
799003,23.8118,91.2677,offices
799004,23.8245,91.2922,offices
799005,23.8455,91.2889,offices
799006,23.8574,91.2873,offices
799007,23.8356,91.2950,offices
799008,23.8475,91.3418,offices
799009,23.8850,91.2502,offices
799010,23.8298,91.2788,offices
799011,23.8298,91.2788,offices
799012,23.8880,91.2925,offices
799013,23.4874,91.4910,offices
799014,23.7907,91.2706,offices
799015,23.9093,91.2519,offices
799022,23.8298,91.2788,offices
799035,23.8328,91.3684,offices
799045,23.8216,91.4488,offices
799046,23.8470,91.4146,offices
799101,23.5408,91.4917,offices
799102,23.6740,91.2823,offices
799103,24.1314,91.1651,offices
799104,23.9408,91.9881,offices
799105,23.2920,91.2548,offices
799113,23.5557,91.4512,offices
799114,23.5466,91.4752,offices
799115,23.4917,91.3296,offices
799120,23.5408,91.4917,offices
799125,23.5408,91.4917,offices
799130,23.8298,91.2788,offices
799131,23.0559,82.6819,offices
799132,23.3825,91.3517,offices
799141,21.2319,92.1141,offices
799142,23.5408,91.4917,offices
799143,23.0423,91.3854,offices
799144,23.3107,91.5624,offices
799145,23.0037,91.7326,offices
799150,23.5408,91.4917,offices
799153,23.8298,91.2788,offices
799155,23.2518,91.4558,offices
799156,23.5408,91.4917,offices
799157,23.5408,91.4917,offices
799201,24.0813,91.5963,offices
799202,23.8298,91.2788,offices
799203,23.8298,91.2788,offices
799204,23.9060,91.9908,offices
799205,23.8401,91.6346,offices
799207,23.9998,91.7473,offices
799210,23.9298,91.3367,offices
799211,23.8298,91.2788,offices
799212,23.8298,91.2788,offices
799250,24.3788,92.1598,offices
799251,24.3788,92.1598,offices
799253,24.3744,92.1650,offices
799254,23.7212,91.7446,offices
799256,24.1417,92.1732,offices
799260,24.1510,92.8570,offices
799261,24.3788,92.1598,offices
799262,24.4371,92.2422,offices
799263,24.3788,92.1598,offices
799264,24.1624,92.0380,offices
799266,24.0656,91.9930,offices
799269,23.6900,92.2123,offices
799270,24.3788,92.1598,offices
799271,24.3788,92.1598,offices
799273,23.9060,92.0213,offices
799275,23.9060,91.9908,offices
799277,24.3298,91.9987,offices
799278,23.9060,91.9908,offices
799279,24.3788,92.1598,offices
799280,24.3788,92.1598,offices
799281,24.3788,92.1598,offices
799282,24.3788,92.1598,offices
799284,23.5973,91.8804,offices
799285,23.9060,91.9908,offices
799286,24.1469,91.8230,offices
799287,23.9060,91.9908,offices
799288,24.3788,92.1598,offices
799289,23.8006,91.8777,offices
799290,24.1550,91.9739,offices
800001,25.6016,85.1246,offices
800002,25.5893,85.1199,offices
800003,25.6104,85.1490,offices
800004,25.6201,85.1596,offices
800005,25.6185,85.1684,offices
800006,25.4910,85.1409,offices
800007,25.5450,85.1366,offices
800008,25.5978,85.2277,offices
800009,25.5672,85.2179,offices
800010,25.6331,85.1138,offices
800011,24.9247,88.0308,offices
800012,25.6503,85.0974,offices
800013,25.5941,85.1376,offices
800014,25.5944,85.0967,offices
800015,25.5823,85.0436,offices
800016,25.6036,85.1326,offices
800017,25.6064,85.1336,offices
800019,25.6070,85.1437,offices
800020,25.5980,85.1552,offices
800021,25.4396,81.8621,offices
800022,25.5794,85.1521,offices
800023,25.5901,85.1492,offices
800024,20.2710,85.8269,offices
800025,25.6210,85.0798,offices
800026,25.5964,85.1744,offices
800027,25.5834,85.1608,offices
800028,25.6079,85.1176,offices
800030,25.3651,85.6313,offices
800031,25.6090,85.0600,offices
800032,25.5831,85.1183,offices
800033,25.6112,85.1307,offices
800034,25.5717,85.0954,offices
800035,25.6000,85.1300,offices
800036,25.6500,85.1200,offices
801102,25.2145,85.2332,offices
801103,25.2315,85.5466,offices
801104,25.2135,85.2315,offices
801105,25.5849,85.0389,offices
801106,25.5633,84.8698,offices
801107,25.5224,84.9893,offices
801108,25.6358,85.0465,offices
801109,25.2117,85.1231,offices
801110,25.2317,85.2131,offices
801111,25.2121,85.2125,offices
801112,25.5966,85.1356,offices
801113,25.1314,85.1314,offices
801301,25.2287,85.2500,offices
801302,25.3201,85.2737,offices
801303,25.1400,85.2297,offices
801304,25.3750,85.2600,offices
801305,25.3700,85.3400,offices
801306,25.2211,85.1890,offices
801307,25.2922,85.3700,offices
801308,19.2016,77.3955,district
801503,25.5941,85.1376,offices
801505,25.5941,85.1250,offices
801506,25.5741,85.0701,offices
801507,25.5563,85.0204,offices
802101,25.5670,83.9736,offices
802102,25.5397,83.9522,offices
802103,25.5479,84.0062,offices
802111,25.5934,84.2247,offices
802112,25.6343,84.3453,offices
802113,25.6666,84.1011,offices
802114,25.4719,83.8821,offices
802115,25.4845,84.2659,offices
802116,25.5922,84.0186,offices
802117,25.3459,84.0022,offices
802118,25.6283,84.0912,offices
802119,25.5467,84.1439,offices
802120,25.6358,84.1579,offices
802122,25.3825,83.9008,offices
802123,25.4460,84.0351,offices
802125,25.4181,84.2622,offices
802126,25.4741,84.1444,offices
802127,25.4745,84.2207,offices
802128,25.3500,83.9008,offices
802129,25.3854,84.1562,offices
802130,25.6248,84.3201,offices
802131,25.6587,84.1687,offices
802132,24.9081,83.5323,offices
802133,25.5780,84.1918,offices
802134,25.5181,84.3073,offices
802135,25.6390,84.1215,offices
802136,25.5484,84.1391,offices
802152,25.5420,84.4674,offices
802154,25.5914,84.4755,offices
802155,25.4092,84.3657,offices
802156,25.6133,84.5773,offices
802157,25.5718,84.5498,offices
802158,25.4697,84.4624,offices
802159,25.3791,84.3780,offices
802160,25.5748,84.7782,offices
802161,25.5492,84.7503,offices
802162,25.5571,84.5773,offices
802163,25.6380,84.7832,offices
802164,25.3876,84.7122,offices
802165,25.6147,84.3874,offices
802166,25.6491,84.4639,offices
802183,25.5609,84.3928,offices
802201,25.3628,84.6350,offices
802202,25.3487,84.3305,offices
802203,25.4251,84.5486,offices
802204,25.2772,84.3495,offices
802205,25.1888,84.3575,offices
802206,25.4496,84.6469,offices
802207,25.3070,84.4110,offices
802208,25.2863,84.5843,offices
802209,25.2235,84.4304,offices
802210,25.5146,84.6108,offices
802211,25.2959,84.1620,offices
802212,25.2127,84.2573,offices
802213,25.2356,84.0709,offices
802214,25.1318,84.2963,offices
802215,25.0716,84.0683,offices
802216,25.2067,84.0824,offices
802217,25.0267,84.1125,offices
802218,25.2449,84.1527,offices
802219,24.9730,84.1567,offices
802220,25.1462,84.1462,offices
802221,25.2592,84.2358,offices
802222,25.2590,84.5027,offices
802223,25.3530,84.4923,offices
802224,25.2906,84.4430,offices
802226,24.9621,84.0732,offices
802301,25.5597,84.6685,offices
802302,25.5587,84.6675,offices
802311,25.6542,84.7058,offices
802312,25.5778,84.6381,offices
802313,25.6148,84.6644,offices
802314,25.5770,84.6964,offices
802316,25.6859,84.6273,offices
802351,25.6503,84.5370,offices
802352,25.5012,84.7220,offices
803101,25.1932,85.5223,offices
803107,25.2300,85.6400,offices
803108,25.3450,85.3987,offices
803109,25.0283,85.5291,offices
803110,25.3500,85.5136,offices
803111,25.1600,85.4700,offices
803113,25.2778,85.4600,offices
803114,25.2000,85.3400,offices
803115,25.1100,85.5200,offices
803116,25.0400,85.3900,offices
803117,25.0800,85.4200,offices
803118,25.2434,85.5174,offices
803119,25.2700,85.5800,offices
803120,25.2600,85.4200,offices
803121,25.1900,85.5200,offices
803201,25.4700,85.2703,offices
803202,25.6105,85.1417,offices
803203,25.5941,85.1376,offices
803211,25.4447,85.6252,offices
803212,25.4601,85.5402,offices
803213,25.4090,85.7079,offices
803214,25.4333,85.7717,offices
803215,25.4874,85.7298,offices
803216,25.1800,85.5450,offices
803221,25.4717,85.7794,offices
803301,25.3443,86.0019,offices
803302,25.3843,85.8788,offices
803303,25.3073,86.0373,offices
803306,25.3497,85.8175,offices
803307,23.4831,85.8209,offices
804401,25.2410,84.7000,offices
804402,25.2635,84.6371,offices
804403,24.6867,84.6689,offices
804404,25.2350,84.6815,offices
804405,25.2139,84.9896,offices
804406,25.2139,84.9953,offices
804407,25.2350,84.6900,offices
804408,25.2284,84.9950,offices
804409,25.1351,84.5927,offices
804417,25.2139,84.9896,offices
804418,25.2139,84.9896,offices
804419,25.1614,84.7294,offices
804420,25.2139,84.9896,offices
804421,25.1264,84.8099,offices
804422,25.1390,84.9896,offices
804423,22.5446,88.5966,offices
804424,25.2139,84.9896,offices
804425,25.2139,84.9896,offices
804426,25.2162,84.7488,offices
804427,25.2139,84.9896,offices
804428,25.6014,84.7220,offices
804429,25.1530,84.6000,offices
804432,25.2139,84.9896,offices
804435,24.9707,84.9688,offices
804451,25.3500,85.0333,offices
804452,25.2744,85.1290,offices
804453,25.3278,85.2601,offices
804454,25.3110,85.0250,offices
805101,24.8407,85.4659,offices
805102,24.7820,85.6912,offices
805103,24.8324,85.4149,offices
805104,24.9155,85.5909,offices
805105,25.0820,85.6346,offices
805106,24.8327,85.8839,offices
805107,24.8386,85.7333,offices
805108,25.0940,85.6362,offices
805109,24.9398,85.4312,offices
805110,24.8870,85.5350,offices
805111,24.8835,85.5333,offices
805112,24.8835,85.5333,offices
805113,24.6230,84.6510,offices
805114,24.7735,85.4292,offices
805121,24.8344,85.5636,offices
805122,24.7735,85.4292,offices
805123,24.9567,85.5316,offices
805124,24.9580,85.7375,offices
805125,24.6470,85.4952,offices
805126,24.7470,85.5362,offices
805127,24.6549,85.4076,offices
805128,24.7544,85.2608,offices
805129,24.8104,85.3098,offices
805130,24.8009,85.2440,offices
805131,24.8009,85.2440,offices
805132,24.9580,85.7375,offices
805141,24.8327,85.8839,offices
805142,24.8509,85.2441,offices
811101,25.1417,85.8629,offices
811102,25.1417,85.8629,offices
811103,25.1417,85.8629,offices
811104,25.2577,85.7998,offices
811105,25.1417,85.8348,offices
811106,25.2597,86.1998,offices
811107,25.1392,85.9837,offices
811112,25.2174,86.3121,offices
811201,25.3730,86.4832,offices
811202,25.3748,86.4735,offices
811211,25.2886,86.5527,offices
811212,25.2564,86.4235,offices
811213,25.1223,86.5530,offices
811214,25.3171,86.4906,offices
811301,24.9782,85.8635,offices
811302,25.2588,86.0305,offices
811303,24.5556,86.4231,offices
811304,25.0739,85.8629,offices
811305,24.8828,86.2736,offices
811306,25.0330,86.0529,offices
811307,24.9260,86.2232,offices
811308,24.7571,86.4140,offices
811309,25.2736,86.3746,offices
811310,25.1678,86.1139,offices
811311,25.1648,86.0932,offices
811312,24.9536,86.3961,offices
811313,24.9585,86.2247,offices
811314,24.7350,86.2914,offices
811315,24.9701,86.0314,offices
811316,24.6704,86.5477,offices
811317,24.8520,86.2113,offices
812001,25.2497,86.9870,offices
812002,25.2428,86.9731,offices
812003,25.2497,86.9870,offices
812004,24.6520,84.6520,offices
812005,25.1848,86.9857,offices
812006,25.2165,85.9348,offices
812007,25.2410,86.9529,offices
813101,25.0222,86.5163,offices
813102,25.5220,86.8573,offices
813103,24.9018,86.5887,offices
813104,24.6241,84.8736,offices
813105,24.2360,84.5270,offices
813106,24.7553,86.2645,offices
813107,24.2095,86.2690,offices
813108,24.8537,86.9296,offices
813109,24.2080,86.2970,offices
813110,24.7553,86.2645,offices
813201,24.5820,84.8520,offices
813202,25.7560,86.4780,offices
813203,25.2774,87.2661,offices
813204,24.3870,84.3580,offices
813205,24.3050,85.2540,offices
813206,24.9060,84.9635,offices
813207,24.9553,86.6980,offices
813208,25.0328,87.5900,offices
813209,25.3222,87.4315,offices
813210,25.2422,87.0376,offices
813211,25.0804,86.7303,offices
813212,24.8555,86.2120,offices
813213,25.2085,86.7193,offices
813214,25.2497,86.9870,offices
813221,24.6957,85.5363,offices
813222,24.7223,84.6688,offices
814101,24.2445,87.2417,offices
814102,24.5438,87.2479,offices
814103,24.3761,87.4404,offices
814110,24.3448,87.1485,offices
814111,24.5972,87.4703,offices
814112,24.4904,86.6906,offices
814113,24.5493,86.8154,offices
814114,24.4833,86.6950,offices
814115,24.4904,86.6906,offices
814116,24.4904,86.6906,offices
814118,24.3555,87.0936,offices
814119,24.2402,87.3033,offices
814120,24.4932,86.7844,offices
814131,24.7934,86.9298,offices
814133,24.8256,87.1731,offices
814141,24.3946,87.0764,offices
814142,24.4904,86.6906,offices
814143,24.4904,86.7000,offices
814144,24.0990,87.2910,offices
814145,24.5355,87.1526,offices
814146,24.1502,86.6396,offices
814147,24.9389,87.3476,offices
814148,24.5660,87.0788,offices
814149,24.1835,86.8680,offices
814150,24.3667,86.8140,offices
814151,24.5801,87.0106,offices
814152,24.4753,86.6411,offices
814153,24.6745,87.2300,offices
814154,25.0931,87.3838,offices
814155,24.9985,87.2051,offices
814156,24.6747,87.4331,offices
814157,24.4932,86.7844,offices
814158,24.2760,87.2600,offices
814160,24.6023,87.0217,offices
814165,24.4989,86.6707,offices
814166,24.0947,87.0174,offices
814167,24.1900,87.1816,offices
814168,24.2148,87.1929,offices
814170,24.2995,87.2378,offices
815117,24.2599,87.3696,offices
815301,24.1879,86.3076,offices
815302,24.9000,86.1950,offices
815311,24.9000,86.1600,offices
815312,24.2150,86.2450,offices
815313,24.6156,85.9116,offices
815314,24.5681,86.2100,offices
815315,24.2099,86.5011,offices
815316,24.1600,86.1500,offices
815317,24.3500,86.0768,offices
815318,24.1853,86.3562,offices
815351,23.9703,86.8374,offices
815352,24.2884,86.5270,offices
815353,24.2530,86.6479,offices
815354,23.8729,86.8779,offices
815355,24.1444,86.7611,offices
815357,24.1258,86.7454,offices
815359,23.9584,87.1985,offices
816101,24.8940,87.7986,offices
816102,24.8893,87.6074,offices
816103,24.2384,87.5155,offices
816104,24.6925,87.5616,offices
816105,24.8581,87.7742,offices
816106,24.4810,87.7579,offices
816107,24.6372,87.8108,offices
816108,25.0519,87.8295,offices
816109,25.2423,87.5977,offices
816110,24.7151,87.6277,offices
816115,24.2445,87.2417,offices
816116,25.0519,87.7754,offices
816117,24.3484,87.7000,offices
816118,24.2385,87.4538,offices
816120,25.0159,87.6022,offices
816129,25.0767,87.7093,offices
818142,23.7957,86.4304,offices
821015,24.8841,83.9285,offices
821101,25.0407,83.6071,offices
821102,24.8209,83.5976,offices
821103,25.0669,83.4985,offices
821104,24.9146,83.7916,offices
821105,25.2502,83.5447,offices
821106,25.0472,83.4403,offices
821107,25.1074,83.9222,offices
821108,24.9480,83.7514,offices
821109,25.1549,83.6754,offices
821110,25.2571,83.6209,offices
821111,24.9821,83.9006,offices
821112,25.2335,83.9200,offices
821113,24.9700,83.9546,offices
821114,24.5650,83.4707,offices
821115,24.9500,84.0333,offices
821301,25.0278,84.1883,offices
821302,24.7058,84.0037,offices
821303,24.6736,84.0075,offices
821304,24.5988,83.9122,offices
821305,24.9376,84.1019,offices
821306,24.9904,84.2637,offices
821307,24.9014,84.1839,offices
821308,24.8519,84.1390,offices
821309,25.1356,84.4107,offices
821310,25.0858,84.3212,offices
821311,24.6287,83.9202,offices
821312,24.9302,84.0531,offices
822101,24.0392,84.0570,offices
822102,24.0457,84.0934,offices
822110,24.0113,84.0181,offices
822111,23.8468,84.1118,offices
822112,24.1732,83.8087,offices
822113,24.2513,83.2659,offices
822114,24.1578,83.8136,offices
822115,23.3945,85.0362,offices
822116,23.8721,85.9875,offices
822117,24.3612,83.8912,offices
822118,23.4597,85.9848,offices
822119,23.4385,84.1448,offices
822120,23.9546,85.9784,offices
822121,24.2515,83.5072,offices
822122,24.0057,84.4720,offices
822123,24.1925,84.4186,offices
822124,23.1289,85.1649,offices
822125,24.1248,83.9141,offices
822126,23.9236,84.2602,offices
822128,24.1875,83.7075,offices
822129,24.3818,83.6121,offices
822131,24.0376,84.0636,offices
822132,24.3124,83.9400,offices
822133,24.3310,83.6603,offices
822134,24.3216,83.8102,offices
823001,24.7955,85.0030,offices
823002,24.7747,84.9693,offices
823003,24.6867,84.9438,offices
823004,24.7300,84.9438,offices
823005,24.7938,85.0081,offices
823311,24.6242,84.9438,offices
824101,24.7703,84.2490,offices
824102,19.8762,75.3433,offices
824103,19.8762,75.3433,offices
824111,19.8762,75.3433,offices
824112,19.8762,75.3433,offices
824113,19.8762,75.3433,offices
824114,19.8762,75.3433,offices
824115,19.8762,75.3433,offices
824116,19.8762,75.3433,offices
824118,25.2350,84.6689,offices
824120,19.8762,75.3433,offices
824121,19.8762,75.3433,offices
824122,19.8762,75.3433,offices
824123,19.8762,75.3433,offices
824124,19.8762,75.3433,offices
824125,19.8762,75.3433,offices
824126,24.8596,84.5065,offices
824127,19.8762,75.3433,offices
824129,19.8762,75.3433,offices
824143,25.0333,85.0000,offices
824201,24.4568,85.1389,offices
824202,24.7500,84.3700,offices
824203,19.8762,75.3433,offices
824205,24.6696,84.7720,offices
824206,24.4537,84.5843,offices
824207,24.7213,84.8568,offices
824208,19.8762,75.3433,offices
824209,24.6242,84.9438,offices
824210,24.4382,84.5916,offices
824211,24.5582,84.7914,offices
824217,24.5351,84.7051,offices
824219,24.6259,84.6575,offices
824220,24.4568,85.1389,offices
824221,24.4469,84.5843,offices
824231,24.6867,84.9438,offices
824232,24.6242,84.9438,offices
824233,25.2350,84.6689,offices
824234,24.6867,84.9438,offices
824235,24.6242,84.9438,offices
824236,24.6242,84.9438,offices
824237,24.6867,84.9438,offices
824301,19.8762,75.3433,offices
824302,19.8762,75.3433,offices
824303,19.8762,75.3433,offices
824304,25.5689,84.0958,offices
825101,26.5734,85.6550,offices
825102,24.0902,85.3678,offices
825103,24.0614,84.9864,offices
825106,23.9974,86.0032,offices
825108,24.1684,86.1300,offices
825109,23.7200,85.3131,offices
825132,24.8032,85.7181,offices
825167,23.5900,86.2000,offices
825301,23.9938,85.3656,offices
825302,23.9938,85.3927,offices
825303,23.9938,85.3927,offices
825311,23.8535,85.2166,offices
825312,23.9932,85.7786,offices
825313,24.1762,85.8879,offices
825314,23.7911,85.5748,offices
825315,24.1887,85.4930,offices
825316,23.7336,85.4764,offices
825317,24.0102,85.4708,offices
825318,24.3147,85.8353,offices
825319,24.1090,85.3407,offices
825320,24.8000,85.4600,offices
825321,23.8529,85.0311,offices
825322,24.0400,85.4900,offices
825323,23.9960,85.3710,offices
825324,24.1800,85.5800,offices
825325,23.7853,85.5908,offices
825326,23.8487,85.4659,offices
825329,23.9295,86.1548,offices
825330,23.7337,85.4771,offices
825336,23.8536,85.4409,offices
825401,24.2062,84.8713,offices
825402,24.0512,84.8945,offices
825403,24.3935,84.8136,offices
825404,24.2959,84.6376,offices
825405,23.9927,85.3660,offices
825406,24.3867,85.2520,offices
825407,24.4719,85.6871,offices
825408,24.2861,85.1782,offices
825409,24.4502,85.4268,offices
825410,24.4681,85.5916,offices
825411,24.2003,85.3555,offices
825412,24.2400,85.5700,offices
825413,24.3243,85.5216,offices
825414,24.4336,84.8145,offices
825415,23.8466,85.0239,offices
825418,24.4681,85.6323,offices
825421,24.2747,85.7935,offices
826001,23.7967,86.4339,offices
826003,23.8068,86.4482,offices
826004,23.7957,86.4304,offices
826005,23.8075,86.4669,offices
826006,23.8335,86.3691,offices
826007,23.7803,86.4343,offices
826008,23.7957,86.4304,offices
826009,23.8306,86.5556,offices
826010,23.8335,86.4304,offices
826011,23.7968,86.4341,offices
826012,23.8114,86.4526,offices
826013,23.7953,86.4270,offices
827001,23.6455,86.1447,offices
827003,23.6578,86.1395,offices
827004,23.6737,86.1476,offices
827006,23.6777,86.1750,offices
827009,23.6613,86.1473,offices
827010,23.6444,86.1131,offices
827012,23.6396,86.1442,offices
827013,23.6194,86.1886,offices
827014,23.6634,86.0631,offices
827015,23.6600,86.0860,offices
827016,23.6575,86.1392,offices
827302,23.6098,86.1131,offices
828101,23.7843,86.4304,offices
828103,23.7696,86.3175,offices
828104,23.7998,86.4124,offices
828105,23.8186,86.3841,offices
828106,23.7876,86.4217,offices
828107,23.6500,86.4883,offices
828108,23.6929,86.4166,offices
828109,23.7957,86.4304,offices
828110,23.7560,86.4222,offices
828111,23.7609,86.4104,offices
828112,23.6953,86.2575,offices
828113,23.7957,86.3010,offices
828114,23.8047,86.3615,offices
828115,23.7023,86.4312,offices
828116,23.7129,86.3002,offices
828117,23.7522,86.3935,offices
828119,23.6854,86.4258,offices
828120,23.7967,86.4339,offices
828121,23.7793,86.3202,offices
828122,23.6743,86.4890,offices
828123,23.6572,86.4742,offices
828124,23.6679,86.4980,offices
828125,23.7402,86.1883,offices
828126,23.6558,86.4407,offices
828127,23.8161,86.4598,offices
828128,23.7891,86.2509,offices
828129,23.7957,86.4304,offices
828130,23.8068,86.4169,offices
828131,23.7307,86.4208,offices
828132,23.6831,86.4343,offices
828133,23.6912,86.4232,offices
828134,23.6908,86.1131,offices
828135,23.6649,86.4451,offices
828142,23.7957,86.4304,offices
828201,23.7957,86.4304,offices
828202,23.7957,86.4304,offices
828203,23.7458,86.7920,offices
828204,23.7627,86.6690,offices
828205,23.7957,86.4304,offices
828206,23.6933,86.7618,offices
828207,23.7733,86.7945,offices
828301,23.7956,86.4304,offices
828302,23.6982,86.3988,offices
828303,23.6255,86.4312,offices
828304,23.7891,86.3619,offices
828305,23.7300,86.3000,offices
828306,23.7957,86.4304,offices
828307,23.5752,86.2575,offices
828309,23.7967,86.4129,offices
828401,23.8683,86.1594,offices
828402,23.7957,86.4304,offices
828403,23.9240,86.3089,offices
828404,23.8586,86.0331,offices
829101,23.6697,85.4579,offices
829102,23.6258,85.4890,offices
829103,23.6188,85.4792,offices
829104,24.6187,85.7787,offices
829105,23.6332,85.4534,offices
829106,23.6332,85.5149,offices
829107,23.7881,85.8844,offices
829108,23.6836,85.3718,offices
829109,23.7859,85.1815,offices
829110,23.6321,85.5142,offices
829111,23.4800,85.5000,offices
829112,23.5300,85.5100,offices
829113,23.6034,85.7283,offices
829114,24.1070,85.7537,offices
829115,23.6050,86.9441,offices
829116,23.7712,85.8879,offices
829117,23.6634,85.5138,offices
829118,23.6728,85.3060,offices
829119,23.6349,85.2955,offices
829121,23.3900,85.5200,offices
829122,23.6321,85.5142,offices
829123,23.7168,85.5200,offices
829125,23.6881,85.3203,offices
829126,23.6750,85.3457,offices
829127,23.7685,85.9117,offices
829128,24.3217,85.8934,offices
829129,23.7133,85.5828,offices
829130,23.6289,85.5048,offices
829131,23.6326,85.5051,offices
829132,23.4700,85.5300,offices
829133,23.6600,85.3422,offices
829134,23.7550,85.5614,offices
829135,23.6629,85.3730,offices
829143,23.6277,85.3188,offices
829144,23.4950,86.1500,offices
829149,23.7196,85.6983,offices
829150,23.5919,85.6759,offices
829201,23.6857,85.0624,offices
829202,23.8350,84.7807,offices
829203,23.6693,84.7379,offices
829204,23.7438,84.2072,offices
829205,23.6515,84.9882,offices
829206,23.7438,84.5043,offices
829207,23.7438,84.5043,offices
829208,25.5991,84.4367,offices
829209,23.6791,85.0577,offices
829210,23.6574,84.8330,offices
829301,23.6908,86.1131,offices
831001,22.8034,86.2013,offices
831002,22.7607,86.2002,offices
831003,22.7898,86.2269,offices
831004,22.7727,86.2416,offices
831005,22.8035,86.1698,offices
831006,22.7729,86.1876,offices
831007,22.7776,86.2074,offices
831009,22.8013,86.2267,offices
831011,22.8235,86.1730,offices
831012,22.8342,86.2695,offices
831013,22.7863,86.1662,offices
831014,22.7861,86.1370,offices
831015,22.7535,86.2581,offices
831016,22.7512,86.2399,offices
831017,22.7972,86.2445,offices
831019,22.7873,86.2507,offices
831020,22.8507,86.2040,offices
831021,22.7659,86.2053,offices
832101,22.3013,86.7023,offices
832102,22.6319,86.3242,offices
832103,22.5978,86.4598,offices
832104,22.5008,86.4338,offices
832105,22.9058,86.3866,offices
832106,22.6662,86.3590,offices
832107,22.7978,86.2851,offices
832108,22.8265,86.0904,offices
832109,22.7918,86.1515,offices
832111,22.6990,86.2581,offices
832112,22.9649,86.2707,offices
832113,22.6179,86.1609,offices
832301,22.4846,86.7116,offices
832302,22.4561,86.5696,offices
832303,22.5932,86.4799,offices
832304,22.6500,86.4162,offices
832401,22.9615,86.0584,offices
832402,22.8520,86.0508,offices
832403,23.1370,85.9317,offices
832404,22.9537,85.9279,offices
833101,22.7356,85.8109,offices
833102,22.6774,85.6260,offices
833103,22.5069,85.3786,offices
833104,22.4607,85.1929,offices
833105,22.5877,85.4648,offices
833106,22.3078,85.2856,offices
833201,22.5521,85.8024,offices
833202,22.5188,85.8149,offices
833203,22.1587,85.6653,offices
833204,22.5862,85.8051,offices
833212,22.1680,85.5930,offices
833213,22.2087,85.3829,offices
833214,22.2639,85.7751,offices
833215,22.4181,85.7169,offices
833216,22.8002,85.8241,offices
833217,22.1596,85.4990,offices
833218,22.2603,85.5045,offices
833219,22.6989,85.9329,offices
833220,22.7991,85.9429,offices
833221,22.2096,85.4209,offices
833222,22.0717,85.2660,offices
833223,22.1080,85.2895,offices
834001,23.3665,85.3222,offices
834002,23.3413,85.3157,offices
834003,23.3172,85.3204,offices
834004,23.3094,85.2763,offices
834005,23.3848,85.2872,offices
834006,23.4438,85.3160,offices
834007,23.3317,85.2826,offices
834008,23.3953,85.3226,offices
834009,23.4191,85.0165,offices
834010,23.3322,85.3568,offices
834011,23.3665,85.3273,offices
834012,23.4090,85.3950,offices
834013,23.3441,85.3096,offices
834014,23.3039,85.3042,offices
835101,23.4358,85.7846,offices
835102,23.2938,85.7744,offices
835103,23.3959,85.4852,offices
835201,22.6316,84.9766,offices
835202,23.3441,85.3000,offices
835203,23.2263,84.8765,offices
835204,23.1880,85.5867,offices
835205,23.4832,85.1830,offices
835206,23.1116,84.3323,offices
835207,23.0394,84.5537,offices
835208,23.2273,84.5471,offices
835209,23.1814,85.1233,offices
835210,23.0613,85.2981,offices
835211,22.6945,84.7877,offices
835212,22.6151,84.4960,offices
835213,23.5276,84.7551,offices
835214,23.4980,85.0623,offices
835215,23.4119,85.4412,offices
835216,22.8374,85.3272,offices
835217,23.4475,85.4040,offices
835218,23.4760,84.2668,offices
835219,23.4844,85.4724,offices
835220,22.8781,84.6104,offices
835221,23.2660,85.3096,offices
835222,23.4170,85.2334,offices
835223,22.6151,84.4960,offices
835224,23.1173,84.7472,offices
835225,23.0467,85.7173,offices
835226,22.4639,84.4960,offices
835227,22.9174,85.0892,offices
835228,22.7196,84.4960,offices
835229,23.0441,84.6663,offices
835230,23.2296,84.1191,offices
835231,23.3620,84.4331,offices
835232,22.9898,84.4573,offices
835233,23.1183,84.5340,offices
835234,23.0614,85.0063,offices
835235,22.5759,84.4514,offices
835301,23.3635,85.0207,offices
835302,23.4447,84.6800,offices
835303,23.3159,85.1583,offices
835325,23.4145,84.8516,offices
841101,25.6943,85.1784,offices
841201,25.9126,84.5510,offices
841202,25.7989,84.9464,offices
841203,26.2270,84.3564,offices
841204,26.0182,84.4973,offices
841205,27.0712,77.5361,offices
841206,31.0577,75.9064,offices
841207,25.7447,85.0138,offices
841208,25.9651,84.5353,offices
841209,25.8928,84.4934,offices
841210,26.9407,84.3975,offices
841211,25.9585,85.0052,offices
841212,25.9867,84.4829,offices
841213,25.8067,84.6862,offices
841214,25.8528,84.6349,offices
841215,25.9593,85.0311,offices
841216,25.7515,84.8909,offices
841217,25.7655,85.0860,offices
841218,25.9121,84.9226,offices
841219,25.8860,85.0273,offices
841220,25.9810,84.5755,offices
841221,25.7682,85.0336,offices
841222,25.8591,84.9728,offices
841223,25.9024,84.5058,offices
841224,25.7846,84.7274,offices
841225,25.7719,84.9604,offices
841226,26.2268,84.3581,offices
841227,26.2199,84.3581,offices
841228,26.2090,84.3634,offices
841231,26.1095,84.2934,offices
841232,26.3194,84.4588,offices
841233,26.0911,84.4616,offices
841234,26.0782,84.1307,offices
841235,26.2270,84.3564,offices
841236,26.0760,84.3568,offices
841237,26.3022,84.3672,offices
841238,26.2270,84.3564,offices
841239,26.2406,84.1554,offices
841240,26.0778,84.6442,offices
841241,26.1645,84.4149,offices
841242,26.1317,84.6131,offices
841243,26.3502,84.4556,offices
841244,26.2196,84.3567,offices
841245,26.1979,84.2553,offices
841286,26.2270,84.3564,offices
841287,26.0851,84.2140,offices
841301,25.7848,84.7379,offices
841302,25.7694,84.4851,offices
841305,25.7609,84.6741,offices
841311,25.8309,84.8615,offices
841312,26.4200,84.8959,offices
841313,25.8386,84.5792,offices
841316,25.8363,84.7185,offices
841401,25.9749,84.9258,offices
841402,25.9197,84.9426,offices
841403,25.9998,84.6890,offices
841404,26.1986,84.6694,offices
841405,26.4059,84.5903,offices
841406,26.2270,84.3564,offices
841407,26.2615,84.7446,offices
841408,26.1777,84.0821,offices
841409,26.2615,84.7446,offices
841410,26.1739,84.8107,offices
841411,25.8560,84.8568,offices
841412,25.8997,84.6926,offices
841413,26.3079,84.5668,offices
841414,25.8583,84.7577,offices
841415,25.8810,84.8020,offices
841416,26.2162,84.5132,offices
841417,26.1056,84.8031,offices
841418,25.9682,84.8620,offices
841419,25.9272,84.8294,offices
841420,26.1803,84.8085,offices
841421,26.0588,84.8007,offices
841422,26.0399,84.6884,offices
841423,26.3352,84.6662,offices
841424,26.0726,84.8839,offices
841425,26.5255,84.3598,offices
841426,26.4487,84.1092,offices
841427,26.4685,84.4433,offices
841428,26.5699,84.3463,offices
841434,26.2562,84.6034,offices
841435,26.2270,84.2934,offices
841436,26.3540,84.2975,offices
841437,26.5631,84.0796,offices
841438,26.3696,84.3358,offices
841439,25.9120,84.2128,offices
841440,26.4368,84.3989,offices
841441,26.4667,84.4332,offices
841442,25.8964,84.7498,offices
841443,25.9567,84.7864,offices
841446,26.2270,84.3249,offices
841447,26.2196,84.3567,offices
841460,25.9294,84.9753,offices
841501,26.5575,84.3305,offices
841502,26.0724,84.2589,offices
841503,26.5913,84.3115,offices
841504,26.2270,84.3564,offices
841505,26.5248,84.3541,offices
841506,26.2210,84.4912,offices
841507,26.2196,84.3567,offices
841508,26.5249,84.4403,offices
841509,25.6958,83.8971,offices
842001,26.1222,85.3771,offices
842002,26.1209,85.3647,offices
842003,26.1310,85.3642,offices
842004,26.1706,85.3915,offices
842005,26.1209,85.3647,offices
842006,26.1707,85.3394,offices
843101,26.0281,85.0993,offices
843102,25.2886,86.5729,offices
843103,26.1493,85.4924,offices
843104,25.9552,85.5882,offices
843105,25.9956,85.5940,offices
843106,26.3066,85.0207,offices
843107,28.2836,79.7940,offices
843108,26.2194,84.6064,offices
843109,26.1219,85.3791,offices
843110,25.8573,85.5587,offices
843111,26.1237,85.3647,offices
843112,26.0978,85.0575,offices
843113,26.1209,85.3485,offices
843114,25.7957,85.2088,offices
843115,26.1209,85.3647,offices
843116,26.2687,85.4285,offices
843117,26.2687,85.4285,offices
843118,26.1209,85.3647,offices
843119,26.0477,85.4853,offices
843120,26.1728,85.0120,offices
843121,25.9956,85.5940,offices
843122,26.1471,85.1363,offices
843123,26.1035,85.1239,offices
843124,26.1971,85.1042,offices
843125,26.1209,85.3647,offices
843126,26.1544,85.0468,offices
843127,26.2583,85.0597,offices
843128,26.2528,85.3647,offices
843129,26.2505,85.5123,offices
843130,26.1253,85.1749,offices
843131,26.3430,85.6050,offices
843132,26.0477,85.4853,offices
843301,26.5637,85.5243,offices
843302,26.5600,85.5200,offices
843311,26.3800,85.5000,offices
843312,26.3023,85.5996,offices
843313,26.7307,85.3101,offices
843314,26.5030,85.6458,offices
843315,26.5030,85.5180,offices
843316,26.4303,85.4024,offices
843317,26.8473,85.5805,offices
843318,26.4604,85.5955,offices
843319,26.5221,85.7680,offices
843320,26.4772,85.7000,offices
843321,26.2232,85.6409,offices
843322,26.6604,85.5817,offices
843323,26.3875,85.5071,offices
843324,26.7223,85.6769,offices
843325,26.4700,85.3600,offices
843326,26.4494,85.4834,offices
843327,26.6489,85.4495,offices
843328,26.3875,85.5071,offices
843329,26.5766,85.2299,offices
843330,26.8473,85.5805,offices
843331,26.3833,85.7200,offices
843332,26.7733,85.4234,offices
843333,26.4409,85.6653,offices
843334,26.7307,85.3101,offices
843335,26.7307,85.3101,offices
843360,26.1209,85.3647,offices
844101,25.6914,85.2339,offices
844102,25.6946,85.2399,offices
844103,25.6947,85.2399,offices
844111,25.4142,85.5128,offices
844112,26.1209,85.3818,offices
844113,25.6737,85.3656,offices
844114,25.8598,85.3003,offices
844115,25.6737,85.3656,offices
844116,25.6737,85.3656,offices
844117,25.6916,85.2113,offices
844118,25.6737,85.3656,offices
844119,25.8273,85.1868,offices
844120,26.0183,85.3291,offices
844121,25.8979,85.1810,offices
844122,25.8267,85.3915,offices
844123,25.9046,85.2506,offices
844124,25.7410,85.3361,offices
844125,25.7825,85.2762,offices
844126,25.7996,85.4614,offices
844127,26.0436,85.3498,offices
844128,25.6737,85.3656,offices
844501,25.6737,85.3656,offices
844502,25.6861,85.3125,offices
844503,25.6532,85.3222,offices
844504,25.6672,85.4071,offices
844505,26.0038,85.0818,offices
844506,25.6142,85.4942,offices
844507,25.6545,85.5047,offices
844508,25.5686,85.3444,offices
844509,25.6595,85.4626,offices
845101,27.0908,84.1883,offices
845103,27.1011,84.3292,offices
845104,26.9082,84.1382,offices
845105,27.2279,84.0881,offices
845106,27.2355,84.2911,offices
845107,27.3916,83.9135,offices
845301,26.3565,85.2636,offices
845302,26.8265,85.0056,offices
845303,26.8195,85.1356,offices
845304,26.7451,85.1355,offices
845305,26.9556,84.6653,offices
845306,27.1452,84.6453,offices
845307,27.0080,84.6385,offices
845315,26.7346,85.0444,offices
845401,26.6415,85.1376,offices
845402,26.6522,85.0208,offices
845404,27.1544,84.4304,offices
845405,25.8135,84.4243,offices
845406,26.3657,85.3146,offices
845411,26.4517,84.5650,offices
845412,26.5862,84.5626,offices
845413,26.4565,85.4545,offices
845414,26.6485,84.9046,offices
845415,26.5741,84.8463,offices
845416,26.5793,84.9921,offices
845417,26.8570,84.8670,offices
845418,26.6912,85.1686,offices
845419,26.4952,84.6158,offices
845420,26.4545,85.1271,offices
845422,26.6356,84.7004,offices
845423,26.3828,84.7626,offices
845424,26.3051,84.8756,offices
845425,26.5397,84.5565,offices
845426,26.3626,85.1376,offices
845427,26.5462,85.2210,offices
845428,26.3656,84.7512,offices
845429,26.5295,84.8523,offices
845430,26.5154,85.1574,offices
845431,26.7752,84.9193,offices
845432,26.3846,84.9088,offices
845433,26.8562,84.7853,offices
845434,26.4525,84.7421,offices
845435,26.7146,84.8256,offices
845436,26.3995,85.2412,offices
845437,26.6346,84.7952,offices
845438,26.8031,84.5095,offices
845439,26.7821,84.4859,offices
845440,26.8982,84.7000,offices
845449,26.9669,84.5385,offices
845450,26.8801,84.5065,offices
845451,27.1330,84.5196,offices
845452,26.8636,84.3463,offices
845453,27.0181,84.3687,offices
845454,26.8176,84.6241,offices
845455,27.1851,84.4356,offices
845456,26.7587,84.7641,offices
845457,26.5542,85.1562,offices
845458,26.5944,84.5537,offices
845459,26.7060,84.5345,offices
846001,26.1195,85.9046,offices
846002,25.8012,85.9166,offices
846003,25.5974,85.3407,offices
846004,26.1588,85.8920,offices
846005,26.1492,85.8906,offices
846006,26.1581,85.8869,offices
846007,26.0054,85.9035,offices
846008,26.1645,85.8975,offices
846009,26.1074,86.0165,offices
846010,15.5934,86.2366,offices
847101,25.7494,85.6515,offices
847102,26.4837,86.0627,offices
847103,25.9708,86.1533,offices
847104,25.7749,85.7626,offices
847105,25.9142,85.7646,offices
847106,25.6260,84.9615,offices
847107,25.2948,86.3167,offices
847108,26.3110,86.0810,offices
847109,26.3570,86.0830,offices
847115,26.1870,85.9956,offices
847121,25.6035,86.1225,offices
847122,25.7362,86.0642,offices
847123,26.0017,85.9476,offices
847201,26.0211,86.0523,offices
847202,26.0055,86.1103,offices
847203,25.9100,86.1691,offices
847204,26.1678,86.2575,offices
847211,26.3460,86.0715,offices
847212,26.3152,86.2969,offices
847213,26.3135,86.1221,offices
847214,26.4089,86.1359,offices
847215,26.2820,86.1336,offices
847222,26.3846,86.0211,offices
847223,26.2674,86.0836,offices
847224,26.3754,86.2224,offices
847225,26.3590,86.3731,offices
847226,26.4284,86.1271,offices
847227,26.4342,86.1103,offices
847228,26.3561,86.1721,offices
847229,26.3577,86.1561,offices
847230,26.4110,86.1815,offices
847231,26.3469,86.0739,offices
847232,26.3178,86.1878,offices
847233,26.0124,86.0544,offices
847234,26.3599,86.2969,offices
847235,26.3502,86.1215,offices
847236,26.3323,86.0830,offices
847238,26.2976,85.9789,offices
847239,26.4466,86.0606,offices
847240,26.3472,86.0719,offices
847301,25.7712,86.1776,offices
847302,26.0758,85.9146,offices
847303,26.1829,86.1705,offices
847304,25.8403,86.2118,offices
847305,26.4824,85.9647,offices
847306,25.9792,85.8955,offices
847307,25.4063,85.3848,offices
847308,26.3532,86.0830,offices
847337,25.9068,86.2956,offices
847401,26.2674,86.2969,offices
847402,26.3893,86.0596,offices
847403,26.2674,86.2945,offices
847404,26.3249,86.1029,offices
847405,26.0979,86.2553,offices
847407,26.1492,85.8906,offices
847408,26.4288,86.1086,offices
847409,26.3532,86.0830,offices
847410,26.3154,86.1468,offices
847411,26.2966,86.1740,offices
847412,26.3978,86.3845,offices
847421,26.3783,86.4782,offices
847422,25.9822,86.1000,offices
847423,26.2414,86.1773,offices
847424,26.2674,86.2335,offices
847427,25.9564,86.2284,offices
847428,25.6053,85.9924,offices
847429,20.8563,86.0662,offices
847451,26.2899,86.8220,offices
847452,26.3469,86.0715,offices
848101,25.8614,85.7829,offices
848102,25.8630,85.7810,offices
848103,25.8630,85.7810,offices
848104,25.8630,85.7810,offices
848113,25.8630,85.7810,offices
848114,25.8630,85.7810,offices
848115,25.8630,85.7810,offices
848117,25.8630,85.7810,offices
848121,25.8630,85.7810,offices
848122,25.8630,85.7810,offices
848125,25.8630,85.7810,offices
848127,25.8630,85.7810,offices
848129,25.8630,85.7810,offices
848130,25.8630,85.7810,offices
848131,25.8630,85.7810,offices
848132,25.8630,85.7810,offices
848133,25.8630,85.7810,offices
848134,25.8630,85.7810,offices
848160,25.8630,85.7810,offices
848201,25.4167,86.1294,offices
848202,25.4167,86.1294,offices
848203,25.5112,86.4769,offices
848204,25.4167,86.1294,offices
848205,25.8630,85.7810,offices
848206,25.8630,85.7810,offices
848207,25.8630,85.7810,offices
848208,25.8630,85.7810,offices
848209,25.8630,85.7810,offices
848210,25.8630,85.7810,offices
848211,25.8630,85.7810,offices
848213,25.8630,85.7810,offices
848216,25.8630,85.7810,offices
848236,25.8630,85.7810,offices
848301,25.8630,85.7810,offices
848302,25.8630,85.7810,offices
848501,25.8630,85.7810,offices
848502,25.8630,85.7810,offices
848503,25.8630,85.7810,offices
848504,25.8630,85.7810,offices
848505,25.8630,85.7810,offices
848506,25.8630,85.7810,offices
851101,25.4167,86.1294,offices
851110,25.4167,86.1294,district
851111,25.4167,86.1294,offices
851112,25.4421,86.0810,offices
851113,25.4167,86.1294,offices
851114,25.4167,86.1294,offices
851115,25.4167,86.1294,offices
851116,25.4167,86.1294,offices
851117,25.4167,86.1294,offices
851118,25.4167,86.1294,offices
851120,25.4167,86.1294,offices
851121,25.3522,85.4723,offices
851126,25.4167,86.1294,offices
851127,25.4167,86.1294,offices
851128,25.4167,86.1294,offices
851129,25.4167,86.1294,offices
851130,25.4167,86.1294,offices
851131,25.4167,86.1294,offices
851132,25.4167,86.1294,offices
851133,25.4167,86.1294,offices
851134,25.4208,86.1294,offices
851135,25.4167,86.1294,offices
851201,25.5112,86.4769,offices
851202,25.5112,86.4769,offices
851203,25.5112,86.4769,offices
851204,25.5112,86.4769,offices
851205,25.5112,86.4769,offices
851206,25.6410,86.3983,offices
851210,25.4167,86.1294,offices
851211,25.4167,86.1294,offices
851212,25.5112,86.4769,offices
851213,25.5112,86.4769,offices
851214,25.5112,86.4769,offices
851215,25.5112,86.4769,offices
851216,25.5112,86.4769,offices
851217,25.4167,86.1294,offices
851218,25.4167,86.1294,offices
852101,25.9287,86.7910,offices
852105,26.1317,86.6107,offices
852106,25.8835,86.6006,offices
852107,25.8034,86.7806,offices
852108,26.1573,86.7963,offices
852109,26.1317,86.6107,offices
852110,26.1317,86.6107,offices
852111,26.1317,86.6107,offices
852112,25.9287,86.7910,offices
852113,25.9287,86.7910,offices
852114,25.9287,86.7910,offices
852115,25.9287,86.7910,offices
852116,25.9287,86.7910,offices
852121,25.9287,86.7910,offices
852122,25.9287,86.7910,offices
852123,25.8835,86.6006,offices
852124,25.8835,86.6006,offices
852125,26.1317,86.6107,offices
852126,25.8835,86.6006,offices
852127,25.8835,86.6006,offices
852128,25.9287,86.7910,offices
852129,25.8793,86.6006,offices
852130,26.1317,86.6107,offices
852131,26.1100,86.5900,offices
852132,25.9287,86.7910,offices
852133,25.9287,86.7910,offices
852134,25.5800,85.2200,offices
852137,26.2221,87.0051,offices
852138,26.2144,86.6583,offices
852139,26.1317,86.6107,offices
852161,25.5112,86.4769,offices
852201,25.8841,86.5924,offices
852202,25.8835,86.6006,offices
852212,25.9064,86.6006,offices
852213,25.9287,86.7910,offices
852214,26.1317,86.6107,offices
852215,26.3006,86.8383,offices
852216,25.8835,86.4760,offices
852217,25.8835,86.6006,offices
852218,26.1573,86.7963,offices
852219,25.9287,86.7910,offices
852220,25.6843,86.9474,offices
852221,25.8835,86.6006,offices
853201,24.5260,84.9540,offices
853202,25.3660,84.2580,offices
853203,25.4037,86.8609,offices
853204,25.3212,87.0598,offices
853205,24.3080,86.2900,offices
854101,25.4502,87.2501,offices
854102,25.9313,87.1252,offices
854103,25.5375,87.5660,offices
854104,25.7831,87.4432,offices
854105,25.5374,87.5679,offices
854106,25.4731,87.4324,offices
854107,23.4127,87.4127,offices
854108,25.5172,87.5314,offices
854109,25.5372,85.5610,offices
854110,25.5479,87.5639,offices
854112,26.8468,87.2751,offices
854113,25.3633,87.6356,offices
854114,26.0650,87.3907,offices
854115,25.7916,87.4579,offices
854116,25.5442,87.5698,offices
854117,25.9644,85.2722,offices
854201,25.8675,87.4033,offices
854202,25.7771,87.4753,offices
854203,25.7771,87.4753,offices
854204,25.6220,87.1398,offices
854205,25.7071,87.2021,offices
854301,25.7723,87.4731,offices
854302,25.7775,87.4951,offices
854303,25.7468,87.4431,offices
854304,25.7771,87.4753,offices
854305,25.7807,87.5124,offices
854306,25.7771,87.4753,offices
854311,26.1338,87.4668,offices
854312,26.0853,87.3935,offices
854315,25.7814,87.4836,offices
854316,26.3338,87.2320,offices
854317,25.5375,87.5660,offices
854318,26.1882,87.3016,offices
854325,26.0507,87.5618,offices
854326,25.7771,87.5185,offices
854327,25.9799,87.5841,offices
854328,26.0706,87.3760,offices
854329,26.1412,87.6482,offices
854330,25.8423,87.4777,offices
854331,26.2969,87.4398,offices
854332,26.3925,87.5025,offices
854333,26.2034,87.5247,offices
854334,26.0613,87.2569,offices
854335,26.2196,87.1469,offices
854336,26.4430,87.0874,offices
854337,25.7090,87.5569,offices
854338,26.3808,86.4874,offices
854339,26.1317,86.6107,offices
854340,26.1317,86.6107,offices
855101,26.3128,87.7581,offices
855102,25.5374,87.5660,offices
855105,25.3930,87.1940,offices
855106,25.6782,86.9411,offices
855107,26.3128,87.7581,offices
855108,26.1070,87.9567,offices
855113,25.3215,87.3357,offices
855114,25.5375,87.5660,offices
855115,25.7812,87.4651,offices
855116,26.4199,88.1317,offices
855117,25.6782,86.9411,offices
900056,28.6448,77.2167,offices
900099,22.5728,88.3475,offices
